dataset
Args in experiment:
  task_name: long_term_forecast
  is_training: 1
  model_id: zero_shot_ETTm1_to_ETTm2_336
  model: TimeVLM
  data: custom
  root_path: ./dataset/
  data_path: ETTm2.csv
  features: M
  target: OT
  freq: h
  checkpoints: ./checkpoints/
  seq_len: 512
  label_len: 96
  pred_len: 336
  seasonal_patterns: Monthly
  inverse: False
  mask_rate: 0.25
  anomaly_ratio: 0.25
  expand: 2
  d_conv: 4
  top_k: 5
  num_kernels: 6
  enc_in: 321
  dec_in: 321
  c_out: 321
  d_model: 256
  n_heads: 8
  e_layers: 2
  d_layers: 1
  d_ff: 512
  moving_avg: 25
  factor: 3
  distil: False
  dropout: 0.1
  embed: timeF
  activation: gelu
  channel_independence: 1
  decomp_method: moving_avg
  use_norm: 1
  down_sampling_layers: 0
  down_sampling_window: 1
  down_sampling_method: None
  seg_len: 48
  num_workers: 2
  itr: 1
  train_epochs: 1
  batch_size: 4
  patience: 1
  learning_rate: 0.0001
  des: Zero-shot: ETTm1 model on ETTm2 data (pred_len=336)
  loss: MSE
  lradj: type1
  use_amp: True
  vlm_type: mae
  image_size: 56
  memory_bank_size: 20
  patch_memory_size: 100
  periodicity: 24
  interpolation: bilinear
  norm_const: 0.4
  three_channel_image: True
  finetune_vlm: False
  mae_arch: mae_base
  mae_finetune_type: ln
  mae_ckpt_dir: ./ckpt/
  mae_load_ckpt: True
  mae_decoder_enabled: False
  use_optimized_mae: False
  use_adaptive_norm: True
  use_global_features: True
  feature_fusion: True
  learnable_image: True
  save_images: False
  use_cross_attention: True
  w_out_visual: False
  w_out_text: False
  w_out_query: False
  visualize_embeddings: False
  use_mem_gate: True
  use_reconstruction_mae: True
  use_dual_path_reconstruction: False
  use_gpu: True
  gpu: 0
  use_multi_gpu: False
  devices: 0,1,2,3
  p_hidden_dims: [128, 128]
  p_hidden_layers: 2
  use_dtw: True
  augmentation_ratio: 0
  seed: 2024
  jitter: False
  scaling: False
  permutation: False
  randompermutation: False
  magwarp: False
  timewarp: False
  windowslice: False
  windowwarp: False
  rotation: False
  spawner: False
  dtwwarp: False
  shapedtwwarp: False
  wdba: False
  discdtw: False
  discsdtw: False
  extra_tag: 
  llm_model: GPT2
  llm_dim: 768
  stride: 8
  padding: 8
  patch_len: 16
  llm_layers: 1
  prompt_domain: 0
  align_const: 0.4
  wo_ts: 0
  target_data: ETTh2
  target_root_path: ./data/ETT/
  target_data_path: ETTh2.csv
  percent: 1.0
  content: Slope displacement and acceleration are crucial indicators for slope monitoring. The dataset is based on two months of data from a highway slope in China. In order to explore the granularity of the long-series time-series forecasting problem, different subsets were created for different sensors, all at the 30-minute level. Each data point consists of x,y,z displacement and x,y,z acceleration, as well as sensor voltage and temperature characteristics.

Use GPU: cuda:0
Using reconstruction-oriented MAE encoder...
Loaded MAE reconstruction model: mae_base
MAE reconstruction trainable parameters: 55,808
VLM Learnable model parameters: 114,070,273
Learnable model parameters: 125,640,985
Total model parameters: 237,493,017
>>>>>>>start training : long_term_forecast_mae_zero_shot_ETTm1_to_ETTm2_336_TimeVLM_custom_ftM_sl512_ll96_pl336_dm256_fs1.0_0>>>>>>>>>>>>>>>>>>>>>>>>>>
train 47929
val 6633
test 13601
	iters: 100, epoch: 1 | loss: 0.1204872
	speed: 0.1367s/iter; left time: 1624.4198s
	iters: 200, epoch: 1 | loss: 0.3061203
	speed: 0.1608s/iter; left time: 1894.3291s
	iters: 300, epoch: 1 | loss: 2.3774490
	speed: 0.1647s/iter; left time: 1924.5307s
	iters: 400, epoch: 1 | loss: 0.4224965
	speed: 0.1643s/iter; left time: 1903.6843s
	iters: 500, epoch: 1 | loss: 0.0752822
	speed: 0.1549s/iter; left time: 1779.1363s
	iters: 600, epoch: 1 | loss: 0.2945054
	speed: 0.1609s/iter; left time: 1832.0930s
	iters: 700, epoch: 1 | loss: 0.3529316
	speed: 0.1618s/iter; left time: 1825.2485s
	iters: 800, epoch: 1 | loss: 2.4366176
	speed: 0.1620s/iter; left time: 1811.2722s
	iters: 900, epoch: 1 | loss: 0.0763457
	speed: 0.1613s/iter; left time: 1787.7171s
	iters: 1000, epoch: 1 | loss: 0.1014877
	speed: 0.1618s/iter; left time: 1777.4955s
	iters: 1100, epoch: 1 | loss: 0.3770421
	speed: 0.1620s/iter; left time: 1763.1470s
	iters: 1200, epoch: 1 | loss: 1.6164790
	speed: 0.1622s/iter; left time: 1749.5581s
	iters: 1300, epoch: 1 | loss: 0.1145007
	speed: 0.1608s/iter; left time: 1718.4535s
	iters: 1400, epoch: 1 | loss: 0.0944626
	speed: 0.1622s/iter; left time: 1717.2292s
	iters: 1500, epoch: 1 | loss: 0.1464148
	speed: 0.1618s/iter; left time: 1696.4533s
	iters: 1600, epoch: 1 | loss: 0.1096325
	speed: 0.1619s/iter; left time: 1681.3003s
	iters: 1700, epoch: 1 | loss: 0.2573786
	speed: 0.1620s/iter; left time: 1666.0221s
	iters: 1800, epoch: 1 | loss: 0.2250350
	speed: 0.1614s/iter; left time: 1643.3243s
	iters: 1900, epoch: 1 | loss: 0.2995496
	speed: 0.1621s/iter; left time: 1634.2038s
	iters: 2000, epoch: 1 | loss: 0.1768722
	speed: 0.1619s/iter; left time: 1616.7264s
	iters: 2100, epoch: 1 | loss: 0.0757324
	speed: 0.1620s/iter; left time: 1601.4319s
	iters: 2200, epoch: 1 | loss: 0.2169520
	speed: 0.1621s/iter; left time: 1586.3903s
	iters: 2300, epoch: 1 | loss: 0.2712219
	speed: 0.1620s/iter; left time: 1568.7372s
	iters: 2400, epoch: 1 | loss: 0.1297663
	speed: 0.1607s/iter; left time: 1539.9909s
	iters: 2500, epoch: 1 | loss: 0.9510973
	speed: 0.1619s/iter; left time: 1535.3826s
	iters: 2600, epoch: 1 | loss: 0.2271769
	speed: 0.1621s/iter; left time: 1521.5682s
	iters: 2700, epoch: 1 | loss: 0.2483200
	speed: 0.1620s/iter; left time: 1504.0145s
	iters: 2800, epoch: 1 | loss: 0.1659915
	speed: 0.1619s/iter; left time: 1486.9782s
	iters: 2900, epoch: 1 | loss: 0.2057576
	speed: 0.1619s/iter; left time: 1470.8612s
	iters: 3000, epoch: 1 | loss: 0.0952005
	speed: 0.1618s/iter; left time: 1453.8089s
	iters: 3100, epoch: 1 | loss: 0.2316618
	speed: 0.1603s/iter; left time: 1424.2798s
	iters: 3200, epoch: 1 | loss: 0.1878654
	speed: 0.1621s/iter; left time: 1423.6311s
	iters: 3300, epoch: 1 | loss: 0.1876774
	speed: 0.1618s/iter; left time: 1404.6766s
	iters: 3400, epoch: 1 | loss: 0.4144011
	speed: 0.1561s/iter; left time: 1339.5742s
	iters: 3500, epoch: 1 | loss: 0.3088617
	speed: 0.1387s/iter; left time: 1176.7417s
	iters: 3600, epoch: 1 | loss: 0.1022867
	speed: 0.1386s/iter; left time: 1162.1435s
	iters: 3700, epoch: 1 | loss: 0.1202812
	speed: 0.1386s/iter; left time: 1147.8976s
	iters: 3800, epoch: 1 | loss: 0.2412444
	speed: 0.1387s/iter; left time: 1134.9727s
	iters: 3900, epoch: 1 | loss: 0.1671595
	speed: 0.1386s/iter; left time: 1120.3595s
	iters: 4000, epoch: 1 | loss: 0.2023848
	speed: 0.1387s/iter; left time: 1107.1288s
	iters: 4100, epoch: 1 | loss: 0.1726478
	speed: 0.1385s/iter; left time: 1091.8784s
	iters: 4200, epoch: 1 | loss: 0.0687981
	speed: 0.1385s/iter; left time: 1078.1021s
	iters: 4300, epoch: 1 | loss: 1.2618103
	speed: 0.1386s/iter; left time: 1064.9437s
	iters: 4400, epoch: 1 | loss: 0.2417787
	speed: 0.1387s/iter; left time: 1051.6107s
	iters: 4500, epoch: 1 | loss: 0.2491342
	speed: 0.1387s/iter; left time: 1038.0951s
	iters: 4600, epoch: 1 | loss: 0.0902227
	speed: 0.1386s/iter; left time: 1023.0824s
	iters: 4700, epoch: 1 | loss: 0.1843063
	speed: 0.1387s/iter; left time: 1010.5992s
	iters: 4800, epoch: 1 | loss: 0.1979692
	speed: 0.1386s/iter; left time: 995.8789s
	iters: 4900, epoch: 1 | loss: 0.2748221
	speed: 0.1386s/iter; left time: 981.7158s
	iters: 5000, epoch: 1 | loss: 0.1226403
	speed: 0.1385s/iter; left time: 967.3428s
	iters: 5100, epoch: 1 | loss: 0.1217295
	speed: 0.1386s/iter; left time: 953.9806s
	iters: 5200, epoch: 1 | loss: 0.3087134
	speed: 0.1386s/iter; left time: 940.3628s
	iters: 5300, epoch: 1 | loss: 0.0841517
	speed: 0.1387s/iter; left time: 927.0641s
	iters: 5400, epoch: 1 | loss: 0.1997993
	speed: 0.1385s/iter; left time: 912.1799s
	iters: 5500, epoch: 1 | loss: 0.1033921
	speed: 0.1384s/iter; left time: 897.6486s
	iters: 5600, epoch: 1 | loss: 0.9937092
	speed: 0.1386s/iter; left time: 884.9598s
	iters: 5700, epoch: 1 | loss: 0.2420385
	speed: 0.1386s/iter; left time: 870.9391s
	iters: 5800, epoch: 1 | loss: 0.1541770
	speed: 0.1387s/iter; left time: 857.5589s
	iters: 5900, epoch: 1 | loss: 0.1074077
	speed: 0.1386s/iter; left time: 843.0310s
	iters: 6000, epoch: 1 | loss: 0.2804324
	speed: 0.1385s/iter; left time: 828.8502s
	iters: 6100, epoch: 1 | loss: 0.3192059
	speed: 0.1385s/iter; left time: 814.6635s
	iters: 6200, epoch: 1 | loss: 0.2523274
	speed: 0.1380s/iter; left time: 798.4127s
	iters: 6300, epoch: 1 | loss: 0.1028767
	speed: 0.1342s/iter; left time: 762.7732s
	iters: 6400, epoch: 1 | loss: 0.3128431
	speed: 0.1343s/iter; left time: 750.0221s
	iters: 6500, epoch: 1 | loss: 0.1084131
	speed: 0.1343s/iter; left time: 736.5791s
	iters: 6600, epoch: 1 | loss: 0.1211109
	speed: 0.1382s/iter; left time: 743.8770s
	iters: 6700, epoch: 1 | loss: 0.2292384
	speed: 0.1385s/iter; left time: 731.8310s
	iters: 6800, epoch: 1 | loss: 0.0940639
	speed: 0.1385s/iter; left time: 717.7265s
	iters: 6900, epoch: 1 | loss: 0.2075266
	speed: 0.1386s/iter; left time: 704.5632s
	iters: 7000, epoch: 1 | loss: 0.1628354
	speed: 0.1385s/iter; left time: 690.4667s
	iters: 7100, epoch: 1 | loss: 0.3026447
	speed: 0.1387s/iter; left time: 677.2614s
	iters: 7200, epoch: 1 | loss: 0.1776892
	speed: 0.1385s/iter; left time: 662.4621s
	iters: 7300, epoch: 1 | loss: 0.2610441
	speed: 0.1383s/iter; left time: 647.7218s
	iters: 7400, epoch: 1 | loss: 0.1663712
	speed: 0.1385s/iter; left time: 634.9709s
	iters: 7500, epoch: 1 | loss: 0.0978209
	speed: 0.1387s/iter; left time: 621.9287s
	iters: 7600, epoch: 1 | loss: 0.1154901
	speed: 0.1386s/iter; left time: 607.6774s
	iters: 7700, epoch: 1 | loss: 1.2408433
	speed: 0.1384s/iter; left time: 592.7900s
	iters: 7800, epoch: 1 | loss: 0.1173831
	speed: 0.1385s/iter; left time: 579.6080s
	iters: 7900, epoch: 1 | loss: 0.2139485
	speed: 0.1388s/iter; left time: 566.8244s
	iters: 8000, epoch: 1 | loss: 0.0861866
	speed: 0.1386s/iter; left time: 552.0250s
	iters: 8100, epoch: 1 | loss: 0.1284982
	speed: 0.1386s/iter; left time: 538.4039s
	iters: 8200, epoch: 1 | loss: 0.1047230
	speed: 0.1385s/iter; left time: 524.0405s
	iters: 8300, epoch: 1 | loss: 0.0852445
	speed: 0.1386s/iter; left time: 510.6278s
	iters: 8400, epoch: 1 | loss: 0.0865159
	speed: 0.1388s/iter; left time: 497.3458s
	iters: 8500, epoch: 1 | loss: 0.3064204
	speed: 0.1384s/iter; left time: 482.3261s
	iters: 8600, epoch: 1 | loss: 0.8027250
	speed: 0.1385s/iter; left time: 468.8415s
	iters: 8700, epoch: 1 | loss: 0.1325213
	speed: 0.1385s/iter; left time: 454.8101s
	iters: 8800, epoch: 1 | loss: 0.1218632
	speed: 0.1385s/iter; left time: 440.8760s
	iters: 8900, epoch: 1 | loss: 0.1615234
	speed: 0.1385s/iter; left time: 427.2495s
	iters: 9000, epoch: 1 | loss: 0.1482689
	speed: 0.1386s/iter; left time: 413.6951s
	iters: 9100, epoch: 1 | loss: 0.1908877
	speed: 0.1385s/iter; left time: 399.3990s
	iters: 9200, epoch: 1 | loss: 0.0781312
	speed: 0.1385s/iter; left time: 385.6913s
	iters: 9300, epoch: 1 | loss: 0.5432002
	speed: 0.1387s/iter; left time: 372.2818s
	iters: 9400, epoch: 1 | loss: 0.4132311
	speed: 0.1386s/iter; left time: 358.0267s
	iters: 9500, epoch: 1 | loss: 0.1531139
	speed: 0.1386s/iter; left time: 344.1942s
	iters: 9600, epoch: 1 | loss: 0.2081749
	speed: 0.1384s/iter; left time: 330.0132s
	iters: 9700, epoch: 1 | loss: 0.2208535
	speed: 0.1385s/iter; left time: 316.3723s
	iters: 9800, epoch: 1 | loss: 0.1153155
	speed: 0.1385s/iter; left time: 302.4609s
	iters: 9900, epoch: 1 | loss: 0.3870556
	speed: 0.1386s/iter; left time: 288.9432s
	iters: 10000, epoch: 1 | loss: 0.6282280
	speed: 0.1386s/iter; left time: 274.9431s
	iters: 10100, epoch: 1 | loss: 0.2256383
	speed: 0.1385s/iter; left time: 260.9164s
	iters: 10200, epoch: 1 | loss: 0.0825706
	speed: 0.1386s/iter; left time: 247.2955s
	iters: 10300, epoch: 1 | loss: 0.1037988
	speed: 0.1387s/iter; left time: 233.5724s
	iters: 10400, epoch: 1 | loss: 0.1159684
	speed: 0.1387s/iter; left time: 219.6774s
	iters: 10500, epoch: 1 | loss: 0.2057880
	speed: 0.1386s/iter; left time: 205.6976s
	iters: 10600, epoch: 1 | loss: 0.1296132
	speed: 0.1388s/iter; left time: 192.0746s
	iters: 10700, epoch: 1 | loss: 0.1182206
	speed: 0.1385s/iter; left time: 177.7804s
	iters: 10800, epoch: 1 | loss: 0.0934921
	speed: 0.1384s/iter; left time: 163.8532s
	iters: 10900, epoch: 1 | loss: 0.3159413
	speed: 0.1387s/iter; left time: 150.3584s
	iters: 11000, epoch: 1 | loss: 0.0696378
	speed: 0.1386s/iter; left time: 136.3791s
	iters: 11100, epoch: 1 | loss: 0.0844674
	speed: 0.1386s/iter; left time: 122.4849s
	iters: 11200, epoch: 1 | loss: 1.2231922
	speed: 0.1386s/iter; left time: 108.6346s
	iters: 11300, epoch: 1 | loss: 0.2716263
	speed: 0.1385s/iter; left time: 94.7547s
	iters: 11400, epoch: 1 | loss: 0.3086049
	speed: 0.1384s/iter; left time: 80.8470s
	iters: 11500, epoch: 1 | loss: 0.2309795
	speed: 0.1386s/iter; left time: 67.0726s
	iters: 11600, epoch: 1 | loss: 0.7322611
	speed: 0.1383s/iter; left time: 53.1147s
	iters: 11700, epoch: 1 | loss: 0.1294746
	speed: 0.1386s/iter; left time: 39.3548s
	iters: 11800, epoch: 1 | loss: 0.2688518
	speed: 0.1386s/iter; left time: 25.4949s
	iters: 11900, epoch: 1 | loss: 0.1211001
	speed: 0.1357s/iter; left time: 11.3981s
Epoch: 1 cost time: 1733.1999959945679
Epoch: 1, Steps: 11983 | Train Loss: 0.2737245 Vali Loss: 0.2560040 Test Loss: 0.1726107
Validation loss decreased (inf --> 0.256004).  Saving model ...
The current model save path is: ./checkpoints/long_term_forecast_mae_zero_shot_ETTm1_to_ETTm2_336_TimeVLM_custom_ftM_sl512_ll96_pl336_dm256_fs1.0_0/checkpoint.pth
Updating learning rate to 0.0001
>>>>>>>testing : long_term_forecast_mae_zero_shot_ETTm1_to_ETTm2_336_TimeVLM_custom_ftM_sl512_ll96_pl336_dm256_fs1.0_0<<<<<<<<<<<<<<<<<<<<<<<<<<<<<<<<<
test 13601
findfont: Font family 'Times New Roman' not found.
findfont: Font family 'Times New Roman' not found.
findfont: Font family 'Times New Roman' not found.
findfont: Font family 'Times New Roman' not found.
findfont: Font family 'Times New Roman' not found.
findfont: Font family 'Times New Roman' not found.
findfont: Font family 'Times New Roman' not found.
findfont: Font family 'Times New Roman' not found.
findfont: Font family 'Times New Roman' not found.
findfont: Font family 'Times New Roman' not found.
findfont: Font family 'Times New Roman' not found.
findfont: Font family 'Times New Roman' not found.
findfont: Font family 'Times New Roman' not found.
findfont: Font family 'Times New Roman' not found.
findfont: Font family 'Times New Roman' not found.
findfont: Font family 'Times New Roman' not found.
findfont: Font family 'Times New Roman' not found.
findfont: Font family 'Times New Roman' not found.
findfont: Font family 'Times New Roman' not found.
findfont: Font family 'Times New Roman' not found.
findfont: Font family 'Times New Roman' not found.
findfont: Font family 'Times New Roman' not found.
findfont: Font family 'Times New Roman' not found.
findfont: Font family 'Times New Roman' not found.
findfont: Font family 'Times New Roman' not found.
findfont: Font family 'Times New Roman' not found.
findfont: Font family 'Times New Roman' not found.
findfont: Font family 'Times New Roman' not found.
findfont: Font family 'Times New Roman' not found.
findfont: Font family 'Times New Roman' not found.
findfont: Font family 'Times New Roman' not found.
findfont: Font family 'Times New Roman' not found.
findfont: Font family 'Times New Roman' not found.
findfont: Font family 'Times New Roman' not found.
findfont: Font family 'Times New Roman' not found.
findfont: Font family 'Times New Roman' not found.
findfont: Font family 'Times New Roman' not found.
findfont: Font family 'Times New Roman' not found.
findfont: Font family 'Times New Roman' not found.
findfont: Font family 'Times New Roman' not found.
findfont: Font family 'Times New Roman' not found.
findfont: Font family 'Times New Roman' not found.
findfont: Font family 'Times New Roman' not found.
findfont: Font family 'Times New Roman' not found.
findfont: Font family 'Times New Roman' not found.
findfont: Font family 'Times New Roman' not found.
findfont: Font family 'Times New Roman' not found.
findfont: Font family 'Times New Roman' not found.
findfont: Font family 'Times New Roman' not found.
findfont: Font family 'Times New Roman' not found.
findfont: Font family 'Times New Roman' not found.
findfont: Font family 'Times New Roman' not found.
findfont: Font family 'Times New Roman' not found.
findfont: Font family 'Times New Roman' not found.
findfont: Font family 'Times New Roman' not found.
findfont: Font family 'Times New Roman' not found.
findfont: Font family 'Times New Roman' not found.
findfont: Font family 'Times New Roman' not found.
findfont: Font family 'Times New Roman' not found.
findfont: Font family 'Times New Roman' not found.
findfont: Font family 'Times New Roman' not found.
findfont: Font family 'Times New Roman' not found.
findfont: Font family 'Times New Roman' not found.
findfont: Font family 'Times New Roman' not found.
findfont: Font family 'Times New Roman' not found.
findfont: Font family 'Times New Roman' not found.
findfont: Font family 'Times New Roman' not found.
findfont: Font family 'Times New Roman' not found.
findfont: Font family 'Times New Roman' not found.
findfont: Font family 'Times New Roman' not found.
findfont: Font family 'Times New Roman' not found.
findfont: Font family 'Times New Roman' not found.
findfont: Font family 'Times New Roman' not found.
findfont: Font family 'Times New Roman' not found.
findfont: Font family 'Times New Roman' not found.
findfont: Font family 'Times New Roman' not found.
findfont: Font family 'Times New Roman' not found.
findfont: Font family 'Times New Roman' not found.
findfont: Font family 'Times New Roman' not found.
findfont: Font family 'Times New Roman' not found.
findfont: Font family 'Times New Roman' not found.
findfont: Font family 'Times New Roman' not found.
findfont: Font family 'Times New Roman' not found.
findfont: Font family 'Times New Roman' not found.
findfont: Font family 'Times New Roman' not found.
findfont: Font family 'Times New Roman' not found.
findfont: Font family 'Times New Roman' not found.
findfont: Font family 'Times New Roman' not found.
findfont: Font family 'Times New Roman' not found.
findfont: Font family 'Times New Roman' not found.
findfont: Font family 'Times New Roman' not found.
findfont: Font family 'Times New Roman' not found.
findfont: Font family 'Times New Roman' not found.
findfont: Font family 'Times New Roman' not found.
findfont: Font family 'Times New Roman' not found.
findfont: Font family 'Times New Roman' not found.
findfont: Font family 'Times New Roman' not found.
findfont: Font family 'Times New Roman' not found.
findfont: Font family 'Times New Roman' not found.
findfont: Font family 'Times New Roman' not found.
findfont: Font family 'Times New Roman' not found.
findfont: Font family 'Times New Roman' not found.
findfont: Font family 'Times New Roman' not found.
findfont: Font family 'Times New Roman' not found.
findfont: Font family 'Times New Roman' not found.
findfont: Font family 'Times New Roman' not found.
findfont: Font family 'Times New Roman' not found.
findfont: Font family 'Times New Roman' not found.
findfont: Font family 'Times New Roman' not found.
findfont: Font family 'Times New Roman' not found.
findfont: Font family 'Times New Roman' not found.
findfont: Font family 'Times New Roman' not found.
findfont: Font family 'Times New Roman' not found.
findfont: Font family 'Times New Roman' not found.
findfont: Font family 'Times New Roman' not found.
findfont: Font family 'Times New Roman' not found.
findfont: Font family 'Times New Roman' not found.
findfont: Font family 'Times New Roman' not found.
findfont: Font family 'Times New Roman' not found.
findfont: Font family 'Times New Roman' not found.
findfont: Font family 'Times New Roman' not found.
findfont: Font family 'Times New Roman' not found.
findfont: Font family 'Times New Roman' not found.
findfont: Font family 'Times New Roman' not found.
findfont: Font family 'Times New Roman' not found.
findfont: Font family 'Times New Roman' not found.
findfont: Font family 'Times New Roman' not found.
findfont: Font family 'Times New Roman' not found.
findfont: Font family 'Times New Roman' not found.
findfont: Font family 'Times New Roman' not found.
findfont: Font family 'Times New Roman' not found.
findfont: Font family 'Times New Roman' not found.
findfont: Font family 'Times New Roman' not found.
findfont: Font family 'Times New Roman' not found.
findfont: Font family 'Times New Roman' not found.
findfont: Font family 'Times New Roman' not found.
findfont: Font family 'Times New Roman' not found.
findfont: Font family 'Times New Roman' not found.
findfont: Font family 'Times New Roman' not found.
findfont: Font family 'Times New Roman' not found.
findfont: Font family 'Times New Roman' not found.
findfont: Font family 'Times New Roman' not found.
findfont: Font family 'Times New Roman' not found.
findfont: Font family 'Times New Roman' not found.
findfont: Font family 'Times New Roman' not found.
findfont: Font family 'Times New Roman' not found.
findfont: Font family 'Times New Roman' not found.
findfont: Font family 'Times New Roman' not found.
findfont: Font family 'Times New Roman' not found.
findfont: Font family 'Times New Roman' not found.
findfont: Font family 'Times New Roman' not found.
findfont: Font family 'Times New Roman' not found.
findfont: Font family 'Times New Roman' not found.
findfont: Font family 'Times New Roman' not found.
findfont: Font family 'Times New Roman' not found.
findfont: Font family 'Times New Roman' not found.
findfont: Font family 'Times New Roman' not found.
findfont: Font family 'Times New Roman' not found.
findfont: Font family 'Times New Roman' not found.
findfont: Font family 'Times New Roman' not found.
findfont: Font family 'Times New Roman' not found.
findfont: Font family 'Times New Roman' not found.
findfont: Font family 'Times New Roman' not found.
findfont: Font family 'Times New Roman' not found.
findfont: Font family 'Times New Roman' not found.
findfont: Font family 'Times New Roman' not found.
findfont: Font family 'Times New Roman' not found.
findfont: Font family 'Times New Roman' not found.
findfont: Font family 'Times New Roman' not found.
findfont: Font family 'Times New Roman' not found.
findfont: Font family 'Times New Roman' not found.
findfont: Font family 'Times New Roman' not found.
findfont: Font family 'Times New Roman' not found.
findfont: Font family 'Times New Roman' not found.
findfont: Font family 'Times New Roman' not found.
findfont: Font family 'Times New Roman' not found.
findfont: Font family 'Times New Roman' not found.
findfont: Font family 'Times New Roman' not found.
findfont: Font family 'Times New Roman' not found.
findfont: Font family 'Times New Roman' not found.
findfont: Font family 'Times New Roman' not found.
findfont: Font family 'Times New Roman' not found.
findfont: Font family 'Times New Roman' not found.
findfont: Font family 'Times New Roman' not found.
findfont: Font family 'Times New Roman' not found.
findfont: Font family 'Times New Roman' not found.
findfont: Font family 'Times New Roman' not found.
findfont: Font family 'Times New Roman' not found.
findfont: Font family 'Times New Roman' not found.
findfont: Font family 'Times New Roman' not found.
findfont: Font family 'Times New Roman' not found.
findfont: Font family 'Times New Roman' not found.
findfont: Font family 'Times New Roman' not found.
findfont: Font family 'Times New Roman' not found.
findfont: Font family 'Times New Roman' not found.
findfont: Font family 'Times New Roman' not found.
findfont: Font family 'Times New Roman' not found.
findfont: Font family 'Times New Roman' not found.
findfont: Font family 'Times New Roman' not found.
findfont: Font family 'Times New Roman' not found.
findfont: Font family 'Times New Roman' not found.
findfont: Font family 'Times New Roman' not found.
findfont: Font family 'Times New Roman' not found.
findfont: Font family 'Times New Roman' not found.
findfont: Font family 'Times New Roman' not found.
findfont: Font family 'Times New Roman' not found.
findfont: Font family 'Times New Roman' not found.
findfont: Font family 'Times New Roman' not found.
findfont: Font family 'Times New Roman' not found.
findfont: Font family 'Times New Roman' not found.
findfont: Font family 'Times New Roman' not found.
findfont: Font family 'Times New Roman' not found.
findfont: Font family 'Times New Roman' not found.
findfont: Font family 'Times New Roman' not found.
findfont: Font family 'Times New Roman' not found.
findfont: Font family 'Times New Roman' not found.
findfont: Font family 'Times New Roman' not found.
findfont: Font family 'Times New Roman' not found.
findfont: Font family 'Times New Roman' not found.
findfont: Font family 'Times New Roman' not found.
findfont: Font family 'Times New Roman' not found.
findfont: Font family 'Times New Roman' not found.
findfont: Font family 'Times New Roman' not found.
findfont: Font family 'Times New Roman' not found.
findfont: Font family 'Times New Roman' not found.
findfont: Font family 'Times New Roman' not found.
findfont: Font family 'Times New Roman' not found.
findfont: Font family 'Times New Roman' not found.
findfont: Font family 'Times New Roman' not found.
findfont: Font family 'Times New Roman' not found.
findfont: Font family 'Times New Roman' not found.
findfont: Font family 'Times New Roman' not found.
findfont: Font family 'Times New Roman' not found.
findfont: Font family 'Times New Roman' not found.
findfont: Font family 'Times New Roman' not found.
findfont: Font family 'Times New Roman' not found.
findfont: Font family 'Times New Roman' not found.
findfont: Font family 'Times New Roman' not found.
findfont: Font family 'Times New Roman' not found.
findfont: Font family 'Times New Roman' not found.
findfont: Font family 'Times New Roman' not found.
findfont: Font family 'Times New Roman' not found.
findfont: Font family 'Times New Roman' not found.
findfont: Font family 'Times New Roman' not found.
findfont: Font family 'Times New Roman' not found.
findfont: Font family 'Times New Roman' not found.
findfont: Font family 'Times New Roman' not found.
findfont: Font family 'Times New Roman' not found.
findfont: Font family 'Times New Roman' not found.
findfont: Font family 'Times New Roman' not found.
findfont: Font family 'Times New Roman' not found.
findfont: Font family 'Times New Roman' not found.
findfont: Font family 'Times New Roman' not found.
findfont: Font family 'Times New Roman' not found.
findfont: Font family 'Times New Roman' not found.
findfont: Font family 'Times New Roman' not found.
findfont: Font family 'Times New Roman' not found.
findfont: Font family 'Times New Roman' not found.
findfont: Font family 'Times New Roman' not found.
findfont: Font family 'Times New Roman' not found.
findfont: Font family 'Times New Roman' not found.
findfont: Font family 'Times New Roman' not found.
findfont: Font family 'Times New Roman' not found.
findfont: Font family 'Times New Roman' not found.
findfont: Font family 'Times New Roman' not found.
findfont: Font family 'Times New Roman' not found.
findfont: Font family 'Times New Roman' not found.
findfont: Font family 'Times New Roman' not found.
findfont: Font family 'Times New Roman' not found.
findfont: Font family 'Times New Roman' not found.
findfont: Font family 'Times New Roman' not found.
findfont: Font family 'Times New Roman' not found.
findfont: Font family 'Times New Roman' not found.
findfont: Font family 'Times New Roman' not found.
findfont: Font family 'Times New Roman' not found.
findfont: Font family 'Times New Roman' not found.
findfont: Font family 'Times New Roman' not found.
findfont: Font family 'Times New Roman' not found.
findfont: Font family 'Times New Roman' not found.
findfont: Font family 'Times New Roman' not found.
findfont: Font family 'Times New Roman' not found.
findfont: Font family 'Times New Roman' not found.
findfont: Font family 'Times New Roman' not found.
findfont: Font family 'Times New Roman' not found.
findfont: Font family 'Times New Roman' not found.
findfont: Font family 'Times New Roman' not found.
findfont: Font family 'Times New Roman' not found.
findfont: Font family 'Times New Roman' not found.
findfont: Font family 'Times New Roman' not found.
findfont: Font family 'Times New Roman' not found.
findfont: Font family 'Times New Roman' not found.
findfont: Font family 'Times New Roman' not found.
findfont: Font family 'Times New Roman' not found.
findfont: Font family 'Times New Roman' not found.
findfont: Font family 'Times New Roman' not found.
findfont: Font family 'Times New Roman' not found.
findfont: Font family 'Times New Roman' not found.
findfont: Font family 'Times New Roman' not found.
findfont: Font family 'Times New Roman' not found.
findfont: Font family 'Times New Roman' not found.
findfont: Font family 'Times New Roman' not found.
findfont: Font family 'Times New Roman' not found.
findfont: Font family 'Times New Roman' not found.
findfont: Font family 'Times New Roman' not found.
findfont: Font family 'Times New Roman' not found.
findfont: Font family 'Times New Roman' not found.
findfont: Font family 'Times New Roman' not found.
findfont: Font family 'Times New Roman' not found.
findfont: Font family 'Times New Roman' not found.
findfont: Font family 'Times New Roman' not found.
findfont: Font family 'Times New Roman' not found.
findfont: Font family 'Times New Roman' not found.
findfont: Font family 'Times New Roman' not found.
findfont: Font family 'Times New Roman' not found.
findfont: Font family 'Times New Roman' not found.
findfont: Font family 'Times New Roman' not found.
findfont: Font family 'Times New Roman' not found.
findfont: Font family 'Times New Roman' not found.
findfont: Font family 'Times New Roman' not found.
findfont: Font family 'Times New Roman' not found.
findfont: Font family 'Times New Roman' not found.
findfont: Font family 'Times New Roman' not found.
findfont: Font family 'Times New Roman' not found.
findfont: Font family 'Times New Roman' not found.
findfont: Font family 'Times New Roman' not found.
findfont: Font family 'Times New Roman' not found.
findfont: Font family 'Times New Roman' not found.
findfont: Font family 'Times New Roman' not found.
findfont: Font family 'Times New Roman' not found.
findfont: Font family 'Times New Roman' not found.
findfont: Font family 'Times New Roman' not found.
findfont: Font family 'Times New Roman' not found.
findfont: Font family 'Times New Roman' not found.
findfont: Font family 'Times New Roman' not found.
findfont: Font family 'Times New Roman' not found.
findfont: Font family 'Times New Roman' not found.
findfont: Font family 'Times New Roman' not found.
findfont: Font family 'Times New Roman' not found.
findfont: Font family 'Times New Roman' not found.
findfont: Font family 'Times New Roman' not found.
findfont: Font family 'Times New Roman' not found.
findfont: Font family 'Times New Roman' not found.
findfont: Font family 'Times New Roman' not found.
findfont: Font family 'Times New Roman' not found.
findfont: Font family 'Times New Roman' not found.
findfont: Font family 'Times New Roman' not found.
findfont: Font family 'Times New Roman' not found.
findfont: Font family 'Times New Roman' not found.
findfont: Font family 'Times New Roman' not found.
findfont: Font family 'Times New Roman' not found.
findfont: Font family 'Times New Roman' not found.
findfont: Font family 'Times New Roman' not found.
findfont: Font family 'Times New Roman' not found.
findfont: Font family 'Times New Roman' not found.
findfont: Font family 'Times New Roman' not found.
findfont: Font family 'Times New Roman' not found.
findfont: Font family 'Times New Roman' not found.
findfont: Font family 'Times New Roman' not found.
findfont: Font family 'Times New Roman' not found.
findfont: Font family 'Times New Roman' not found.
findfont: Font family 'Times New Roman' not found.
findfont: Font family 'Times New Roman' not found.
findfont: Font family 'Times New Roman' not found.
findfont: Font family 'Times New Roman' not found.
findfont: Font family 'Times New Roman' not found.
findfont: Font family 'Times New Roman' not found.
findfont: Font family 'Times New Roman' not found.
findfont: Font family 'Times New Roman' not found.
findfont: Font family 'Times New Roman' not found.
findfont: Font family 'Times New Roman' not found.
findfont: Font family 'Times New Roman' not found.
findfont: Font family 'Times New Roman' not found.
findfont: Font family 'Times New Roman' not found.
findfont: Font family 'Times New Roman' not found.
findfont: Font family 'Times New Roman' not found.
findfont: Font family 'Times New Roman' not found.
findfont: Font family 'Times New Roman' not found.
findfont: Font family 'Times New Roman' not found.
findfont: Font family 'Times New Roman' not found.
findfont: Font family 'Times New Roman' not found.
findfont: Font family 'Times New Roman' not found.
findfont: Font family 'Times New Roman' not found.
findfont: Font family 'Times New Roman' not found.
findfont: Font family 'Times New Roman' not found.
findfont: Font family 'Times New Roman' not found.
findfont: Font family 'Times New Roman' not found.
findfont: Font family 'Times New Roman' not found.
findfont: Font family 'Times New Roman' not found.
findfont: Font family 'Times New Roman' not found.
findfont: Font family 'Times New Roman' not found.
findfont: Font family 'Times New Roman' not found.
findfont: Font family 'Times New Roman' not found.
findfont: Font family 'Times New Roman' not found.
findfont: Font family 'Times New Roman' not found.
findfont: Font family 'Times New Roman' not found.
findfont: Font family 'Times New Roman' not found.
findfont: Font family 'Times New Roman' not found.
findfont: Font family 'Times New Roman' not found.
findfont: Font family 'Times New Roman' not found.
findfont: Font family 'Times New Roman' not found.
findfont: Font family 'Times New Roman' not found.
findfont: Font family 'Times New Roman' not found.
findfont: Font family 'Times New Roman' not found.
findfont: Font family 'Times New Roman' not found.
findfont: Font family 'Times New Roman' not found.
findfont: Font family 'Times New Roman' not found.
findfont: Font family 'Times New Roman' not found.
findfont: Font family 'Times New Roman' not found.
findfont: Font family 'Times New Roman' not found.
findfont: Font family 'Times New Roman' not found.
findfont: Font family 'Times New Roman' not found.
findfont: Font family 'Times New Roman' not found.
findfont: Font family 'Times New Roman' not found.
findfont: Font family 'Times New Roman' not found.
findfont: Font family 'Times New Roman' not found.
findfont: Font family 'Times New Roman' not found.
findfont: Font family 'Times New Roman' not found.
findfont: Font family 'Times New Roman' not found.
findfont: Font family 'Times New Roman' not found.
findfont: Font family 'Times New Roman' not found.
findfont: Font family 'Times New Roman' not found.
findfont: Font family 'Times New Roman' not found.
findfont: Font family 'Times New Roman' not found.
findfont: Font family 'Times New Roman' not found.
findfont: Font family 'Times New Roman' not found.
findfont: Font family 'Times New Roman' not found.
findfont: Font family 'Times New Roman' not found.
findfont: Font family 'Times New Roman' not found.
findfont: Font family 'Times New Roman' not found.
findfont: Font family 'Times New Roman' not found.
findfont: Font family 'Times New Roman' not found.
findfont: Font family 'Times New Roman' not found.
findfont: Font family 'Times New Roman' not found.
findfont: Font family 'Times New Roman' not found.
findfont: Font family 'Times New Roman' not found.
findfont: Font family 'Times New Roman' not found.
findfont: Font family 'Times New Roman' not found.
findfont: Font family 'Times New Roman' not found.
findfont: Font family 'Times New Roman' not found.
findfont: Font family 'Times New Roman' not found.
findfont: Font family 'Times New Roman' not found.
findfont: Font family 'Times New Roman' not found.
findfont: Font family 'Times New Roman' not found.
findfont: Font family 'Times New Roman' not found.
findfont: Font family 'Times New Roman' not found.
findfont: Font family 'Times New Roman' not found.
findfont: Font family 'Times New Roman' not found.
findfont: Font family 'Times New Roman' not found.
findfont: Font family 'Times New Roman' not found.
findfont: Font family 'Times New Roman' not found.
findfont: Font family 'Times New Roman' not found.
findfont: Font family 'Times New Roman' not found.
findfont: Font family 'Times New Roman' not found.
findfont: Font family 'Times New Roman' not found.
findfont: Font family 'Times New Roman' not found.
findfont: Font family 'Times New Roman' not found.
findfont: Font family 'Times New Roman' not found.
findfont: Font family 'Times New Roman' not found.
findfont: Font family 'Times New Roman' not found.
findfont: Font family 'Times New Roman' not found.
findfont: Font family 'Times New Roman' not found.
findfont: Font family 'Times New Roman' not found.
findfont: Font family 'Times New Roman' not found.
findfont: Font family 'Times New Roman' not found.
findfont: Font family 'Times New Roman' not found.
findfont: Font family 'Times New Roman' not found.
findfont: Font family 'Times New Roman' not found.
findfont: Font family 'Times New Roman' not found.
findfont: Font family 'Times New Roman' not found.
findfont: Font family 'Times New Roman' not found.
findfont: Font family 'Times New Roman' not found.
findfont: Font family 'Times New Roman' not found.
findfont: Font family 'Times New Roman' not found.
findfont: Font family 'Times New Roman' not found.
findfont: Font family 'Times New Roman' not found.
findfont: Font family 'Times New Roman' not found.
findfont: Font family 'Times New Roman' not found.
findfont: Font family 'Times New Roman' not found.
findfont: Font family 'Times New Roman' not found.
findfont: Font family 'Times New Roman' not found.
findfont: Font family 'Times New Roman' not found.
findfont: Font family 'Times New Roman' not found.
findfont: Font family 'Times New Roman' not found.
findfont: Font family 'Times New Roman' not found.
findfont: Font family 'Times New Roman' not found.
findfont: Font family 'Times New Roman' not found.
findfont: Font family 'Times New Roman' not found.
findfont: Font family 'Times New Roman' not found.
findfont: Font family 'Times New Roman' not found.
findfont: Font family 'Times New Roman' not found.
findfont: Font family 'Times New Roman' not found.
findfont: Font family 'Times New Roman' not found.
findfont: Font family 'Times New Roman' not found.
findfont: Font family 'Times New Roman' not found.
findfont: Font family 'Times New Roman' not found.
findfont: Font family 'Times New Roman' not found.
findfont: Font family 'Times New Roman' not found.
findfont: Font family 'Times New Roman' not found.
findfont: Font family 'Times New Roman' not found.
findfont: Font family 'Times New Roman' not found.
findfont: Font family 'Times New Roman' not found.
findfont: Font family 'Times New Roman' not found.
findfont: Font family 'Times New Roman' not found.
findfont: Font family 'Times New Roman' not found.
findfont: Font family 'Times New Roman' not found.
findfont: Font family 'Times New Roman' not found.
findfont: Font family 'Times New Roman' not found.
findfont: Font family 'Times New Roman' not found.
findfont: Font family 'Times New Roman' not found.
findfont: Font family 'Times New Roman' not found.
findfont: Font family 'Times New Roman' not found.
findfont: Font family 'Times New Roman' not found.
findfont: Font family 'Times New Roman' not found.
findfont: Font family 'Times New Roman' not found.
findfont: Font family 'Times New Roman' not found.
findfont: Font family 'Times New Roman' not found.
findfont: Font family 'Times New Roman' not found.
findfont: Font family 'Times New Roman' not found.
findfont: Font family 'Times New Roman' not found.
findfont: Font family 'Times New Roman' not found.
findfont: Font family 'Times New Roman' not found.
findfont: Font family 'Times New Roman' not found.
findfont: Font family 'Times New Roman' not found.
findfont: Font family 'Times New Roman' not found.
findfont: Font family 'Times New Roman' not found.
findfont: Font family 'Times New Roman' not found.
findfont: Font family 'Times New Roman' not found.
findfont: Font family 'Times New Roman' not found.
findfont: Font family 'Times New Roman' not found.
findfont: Font family 'Times New Roman' not found.
findfont: Font family 'Times New Roman' not found.
findfont: Font family 'Times New Roman' not found.
findfont: Font family 'Times New Roman' not found.
findfont: Font family 'Times New Roman' not found.
findfont: Font family 'Times New Roman' not found.
findfont: Font family 'Times New Roman' not found.
findfont: Font family 'Times New Roman' not found.
findfont: Font family 'Times New Roman' not found.
findfont: Font family 'Times New Roman' not found.
findfont: Font family 'Times New Roman' not found.
findfont: Font family 'Times New Roman' not found.
findfont: Font family 'Times New Roman' not found.
findfont: Font family 'Times New Roman' not found.
findfont: Font family 'Times New Roman' not found.
findfont: Font family 'Times New Roman' not found.
findfont: Font family 'Times New Roman' not found.
findfont: Font family 'Times New Roman' not found.
findfont: Font family 'Times New Roman' not found.
findfont: Font family 'Times New Roman' not found.
findfont: Font family 'Times New Roman' not found.
findfont: Font family 'Times New Roman' not found.
findfont: Font family 'Times New Roman' not found.
findfont: Font family 'Times New Roman' not found.
findfont: Font family 'Times New Roman' not found.
findfont: Font family 'Times New Roman' not found.
findfont: Font family 'Times New Roman' not found.
findfont: Font family 'Times New Roman' not found.
findfont: Font family 'Times New Roman' not found.
findfont: Font family 'Times New Roman' not found.
findfont: Font family 'Times New Roman' not found.
findfont: Font family 'Times New Roman' not found.
findfont: Font family 'Times New Roman' not found.
findfont: Font family 'Times New Roman' not found.
findfont: Font family 'Times New Roman' not found.
findfont: Font family 'Times New Roman' not found.
findfont: Font family 'Times New Roman' not found.
findfont: Font family 'Times New Roman' not found.
findfont: Font family 'Times New Roman' not found.
findfont: Font family 'Times New Roman' not found.
findfont: Font family 'Times New Roman' not found.
findfont: Font family 'Times New Roman' not found.
findfont: Font family 'Times New Roman' not found.
findfont: Font family 'Times New Roman' not found.
findfont: Font family 'Times New Roman' not found.
findfont: Font family 'Times New Roman' not found.
findfont: Font family 'Times New Roman' not found.
findfont: Font family 'Times New Roman' not found.
findfont: Font family 'Times New Roman' not found.
findfont: Font family 'Times New Roman' not found.
findfont: Font family 'Times New Roman' not found.
findfont: Font family 'Times New Roman' not found.
findfont: Font family 'Times New Roman' not found.
findfont: Font family 'Times New Roman' not found.
findfont: Font family 'Times New Roman' not found.
findfont: Font family 'Times New Roman' not found.
findfont: Font family 'Times New Roman' not found.
findfont: Font family 'Times New Roman' not found.
findfont: Font family 'Times New Roman' not found.
findfont: Font family 'Times New Roman' not found.
findfont: Font family 'Times New Roman' not found.
findfont: Font family 'Times New Roman' not found.
findfont: Font family 'Times New Roman' not found.
findfont: Font family 'Times New Roman' not found.
findfont: Font family 'Times New Roman' not found.
findfont: Font family 'Times New Roman' not found.
findfont: Font family 'Times New Roman' not found.
findfont: Font family 'Times New Roman' not found.
findfont: Font family 'Times New Roman' not found.
findfont: Font family 'Times New Roman' not found.
findfont: Font family 'Times New Roman' not found.
findfont: Font family 'Times New Roman' not found.
findfont: Font family 'Times New Roman' not found.
findfont: Font family 'Times New Roman' not found.
findfont: Font family 'Times New Roman' not found.
findfont: Font family 'Times New Roman' not found.
findfont: Font family 'Times New Roman' not found.
findfont: Font family 'Times New Roman' not found.
findfont: Font family 'Times New Roman' not found.
findfont: Font family 'Times New Roman' not found.
findfont: Font family 'Times New Roman' not found.
findfont: Font family 'Times New Roman' not found.
findfont: Font family 'Times New Roman' not found.
findfont: Font family 'Times New Roman' not found.
findfont: Font family 'Times New Roman' not found.
findfont: Font family 'Times New Roman' not found.
findfont: Font family 'Times New Roman' not found.
findfont: Font family 'Times New Roman' not found.
findfont: Font family 'Times New Roman' not found.
findfont: Font family 'Times New Roman' not found.
findfont: Font family 'Times New Roman' not found.
findfont: Font family 'Times New Roman' not found.
findfont: Font family 'Times New Roman' not found.
findfont: Font family 'Times New Roman' not found.
findfont: Font family 'Times New Roman' not found.
findfont: Font family 'Times New Roman' not found.
findfont: Font family 'Times New Roman' not found.
findfont: Font family 'Times New Roman' not found.
findfont: Font family 'Times New Roman' not found.
findfont: Font family 'Times New Roman' not found.
findfont: Font family 'Times New Roman' not found.
findfont: Font family 'Times New Roman' not found.
findfont: Font family 'Times New Roman' not found.
findfont: Font family 'Times New Roman' not found.
findfont: Font family 'Times New Roman' not found.
findfont: Font family 'Times New Roman' not found.
findfont: Font family 'Times New Roman' not found.
findfont: Font family 'Times New Roman' not found.
findfont: Font family 'Times New Roman' not found.
findfont: Font family 'Times New Roman' not found.
findfont: Font family 'Times New Roman' not found.
findfont: Font family 'Times New Roman' not found.
findfont: Font family 'Times New Roman' not found.
findfont: Font family 'Times New Roman' not found.
findfont: Font family 'Times New Roman' not found.
findfont: Font family 'Times New Roman' not found.
findfont: Font family 'Times New Roman' not found.
findfont: Font family 'Times New Roman' not found.
findfont: Font family 'Times New Roman' not found.
findfont: Font family 'Times New Roman' not found.
findfont: Font family 'Times New Roman' not found.
findfont: Font family 'Times New Roman' not found.
findfont: Font family 'Times New Roman' not found.
findfont: Font family 'Times New Roman' not found.
findfont: Font family 'Times New Roman' not found.
findfont: Font family 'Times New Roman' not found.
findfont: Font family 'Times New Roman' not found.
findfont: Font family 'Times New Roman' not found.
findfont: Font family 'Times New Roman' not found.
findfont: Font family 'Times New Roman' not found.
findfont: Font family 'Times New Roman' not found.
findfont: Font family 'Times New Roman' not found.
findfont: Font family 'Times New Roman' not found.
findfont: Font family 'Times New Roman' not found.
findfont: Font family 'Times New Roman' not found.
findfont: Font family 'Times New Roman' not found.
findfont: Font family 'Times New Roman' not found.
findfont: Font family 'Times New Roman' not found.
findfont: Font family 'Times New Roman' not found.
findfont: Font family 'Times New Roman' not found.
findfont: Font family 'Times New Roman' not found.
findfont: Font family 'Times New Roman' not found.
findfont: Font family 'Times New Roman' not found.
findfont: Font family 'Times New Roman' not found.
findfont: Font family 'Times New Roman' not found.
findfont: Font family 'Times New Roman' not found.
findfont: Font family 'Times New Roman' not found.
findfont: Font family 'Times New Roman' not found.
findfont: Font family 'Times New Roman' not found.
findfont: Font family 'Times New Roman' not found.
findfont: Font family 'Times New Roman' not found.
findfont: Font family 'Times New Roman' not found.
findfont: Font family 'Times New Roman' not found.
findfont: Font family 'Times New Roman' not found.
findfont: Font family 'Times New Roman' not found.
findfont: Font family 'Times New Roman' not found.
findfont: Font family 'Times New Roman' not found.
findfont: Font family 'Times New Roman' not found.
findfont: Font family 'Times New Roman' not found.
findfont: Font family 'Times New Roman' not found.
findfont: Font family 'Times New Roman' not found.
findfont: Font family 'Times New Roman' not found.
findfont: Font family 'Times New Roman' not found.
findfont: Font family 'Times New Roman' not found.
findfont: Font family 'Times New Roman' not found.
findfont: Font family 'Times New Roman' not found.
findfont: Font family 'Times New Roman' not found.
findfont: Font family 'Times New Roman' not found.
findfont: Font family 'Times New Roman' not found.
findfont: Font family 'Times New Roman' not found.
findfont: Font family 'Times New Roman' not found.
findfont: Font family 'Times New Roman' not found.
findfont: Font family 'Times New Roman' not found.
findfont: Font family 'Times New Roman' not found.
findfont: Font family 'Times New Roman' not found.
findfont: Font family 'Times New Roman' not found.
findfont: Font family 'Times New Roman' not found.
findfont: Font family 'Times New Roman' not found.
findfont: Font family 'Times New Roman' not found.
findfont: Font family 'Times New Roman' not found.
findfont: Font family 'Times New Roman' not found.
findfont: Font family 'Times New Roman' not found.
findfont: Font family 'Times New Roman' not found.
findfont: Font family 'Times New Roman' not found.
findfont: Font family 'Times New Roman' not found.
findfont: Font family 'Times New Roman' not found.
findfont: Font family 'Times New Roman' not found.
findfont: Font family 'Times New Roman' not found.
findfont: Font family 'Times New Roman' not found.
findfont: Font family 'Times New Roman' not found.
findfont: Font family 'Times New Roman' not found.
findfont: Font family 'Times New Roman' not found.
findfont: Font family 'Times New Roman' not found.
findfont: Font family 'Times New Roman' not found.
findfont: Font family 'Times New Roman' not found.
findfont: Font family 'Times New Roman' not found.
findfont: Font family 'Times New Roman' not found.
findfont: Font family 'Times New Roman' not found.
findfont: Font family 'Times New Roman' not found.
findfont: Font family 'Times New Roman' not found.
findfont: Font family 'Times New Roman' not found.
findfont: Font family 'Times New Roman' not found.
findfont: Font family 'Times New Roman' not found.
findfont: Font family 'Times New Roman' not found.
findfont: Font family 'Times New Roman' not found.
findfont: Font family 'Times New Roman' not found.
findfont: Font family 'Times New Roman' not found.
findfont: Font family 'Times New Roman' not found.
findfont: Font family 'Times New Roman' not found.
findfont: Font family 'Times New Roman' not found.
findfont: Font family 'Times New Roman' not found.
findfont: Font family 'Times New Roman' not found.
findfont: Font family 'Times New Roman' not found.
findfont: Font family 'Times New Roman' not found.
findfont: Font family 'Times New Roman' not found.
findfont: Font family 'Times New Roman' not found.
findfont: Font family 'Times New Roman' not found.
findfont: Font family 'Times New Roman' not found.
findfont: Font family 'Times New Roman' not found.
findfont: Font family 'Times New Roman' not found.
findfont: Font family 'Times New Roman' not found.
findfont: Font family 'Times New Roman' not found.
findfont: Font family 'Times New Roman' not found.
findfont: Font family 'Times New Roman' not found.
findfont: Font family 'Times New Roman' not found.
findfont: Font family 'Times New Roman' not found.
findfont: Font family 'Times New Roman' not found.
findfont: Font family 'Times New Roman' not found.
findfont: Font family 'Times New Roman' not found.
findfont: Font family 'Times New Roman' not found.
findfont: Font family 'Times New Roman' not found.
findfont: Font family 'Times New Roman' not found.
findfont: Font family 'Times New Roman' not found.
findfont: Font family 'Times New Roman' not found.
findfont: Font family 'Times New Roman' not found.
findfont: Font family 'Times New Roman' not found.
findfont: Font family 'Times New Roman' not found.
findfont: Font family 'Times New Roman' not found.
findfont: Font family 'Times New Roman' not found.
findfont: Font family 'Times New Roman' not found.
findfont: Font family 'Times New Roman' not found.
findfont: Font family 'Times New Roman' not found.
findfont: Font family 'Times New Roman' not found.
findfont: Font family 'Times New Roman' not found.
findfont: Font family 'Times New Roman' not found.
findfont: Font family 'Times New Roman' not found.
findfont: Font family 'Times New Roman' not found.
findfont: Font family 'Times New Roman' not found.
findfont: Font family 'Times New Roman' not found.
findfont: Font family 'Times New Roman' not found.
findfont: Font family 'Times New Roman' not found.
findfont: Font family 'Times New Roman' not found.
findfont: Font family 'Times New Roman' not found.
findfont: Font family 'Times New Roman' not found.
findfont: Font family 'Times New Roman' not found.
findfont: Font family 'Times New Roman' not found.
findfont: Font family 'Times New Roman' not found.
findfont: Font family 'Times New Roman' not found.
findfont: Font family 'Times New Roman' not found.
findfont: Font family 'Times New Roman' not found.
findfont: Font family 'Times New Roman' not found.
findfont: Font family 'Times New Roman' not found.
findfont: Font family 'Times New Roman' not found.
findfont: Font family 'Times New Roman' not found.
findfont: Font family 'Times New Roman' not found.
findfont: Font family 'Times New Roman' not found.
findfont: Font family 'Times New Roman' not found.
findfont: Font family 'Times New Roman' not found.
findfont: Font family 'Times New Roman' not found.
findfont: Font family 'Times New Roman' not found.
findfont: Font family 'Times New Roman' not found.
findfont: Font family 'Times New Roman' not found.
findfont: Font family 'Times New Roman' not found.
findfont: Font family 'Times New Roman' not found.
findfont: Font family 'Times New Roman' not found.
findfont: Font family 'Times New Roman' not found.
findfont: Font family 'Times New Roman' not found.
findfont: Font family 'Times New Roman' not found.
findfont: Font family 'Times New Roman' not found.
findfont: Font family 'Times New Roman' not found.
findfont: Font family 'Times New Roman' not found.
findfont: Font family 'Times New Roman' not found.
findfont: Font family 'Times New Roman' not found.
findfont: Font family 'Times New Roman' not found.
findfont: Font family 'Times New Roman' not found.
findfont: Font family 'Times New Roman' not found.
findfont: Font family 'Times New Roman' not found.
findfont: Font family 'Times New Roman' not found.
findfont: Font family 'Times New Roman' not found.
findfont: Font family 'Times New Roman' not found.
findfont: Font family 'Times New Roman' not found.
findfont: Font family 'Times New Roman' not found.
findfont: Font family 'Times New Roman' not found.
findfont: Font family 'Times New Roman' not found.
findfont: Font family 'Times New Roman' not found.
findfont: Font family 'Times New Roman' not found.
findfont: Font family 'Times New Roman' not found.
findfont: Font family 'Times New Roman' not found.
findfont: Font family 'Times New Roman' not found.
findfont: Font family 'Times New Roman' not found.
findfont: Font family 'Times New Roman' not found.
findfont: Font family 'Times New Roman' not found.
findfont: Font family 'Times New Roman' not found.
findfont: Font family 'Times New Roman' not found.
findfont: Font family 'Times New Roman' not found.
findfont: Font family 'Times New Roman' not found.
findfont: Font family 'Times New Roman' not found.
findfont: Font family 'Times New Roman' not found.
findfont: Font family 'Times New Roman' not found.
findfont: Font family 'Times New Roman' not found.
findfont: Font family 'Times New Roman' not found.
findfont: Font family 'Times New Roman' not found.
findfont: Font family 'Times New Roman' not found.
findfont: Font family 'Times New Roman' not found.
findfont: Font family 'Times New Roman' not found.
findfont: Font family 'Times New Roman' not found.
findfont: Font family 'Times New Roman' not found.
findfont: Font family 'Times New Roman' not found.
findfont: Font family 'Times New Roman' not found.
findfont: Font family 'Times New Roman' not found.
findfont: Font family 'Times New Roman' not found.
findfont: Font family 'Times New Roman' not found.
findfont: Font family 'Times New Roman' not found.
findfont: Font family 'Times New Roman' not found.
findfont: Font family 'Times New Roman' not found.
findfont: Font family 'Times New Roman' not found.
findfont: Font family 'Times New Roman' not found.
findfont: Font family 'Times New Roman' not found.
findfont: Font family 'Times New Roman' not found.
findfont: Font family 'Times New Roman' not found.
findfont: Font family 'Times New Roman' not found.
findfont: Font family 'Times New Roman' not found.
findfont: Font family 'Times New Roman' not found.
findfont: Font family 'Times New Roman' not found.
findfont: Font family 'Times New Roman' not found.
findfont: Font family 'Times New Roman' not found.
findfont: Font family 'Times New Roman' not found.
findfont: Font family 'Times New Roman' not found.
findfont: Font family 'Times New Roman' not found.
findfont: Font family 'Times New Roman' not found.
findfont: Font family 'Times New Roman' not found.
findfont: Font family 'Times New Roman' not found.
findfont: Font family 'Times New Roman' not found.
findfont: Font family 'Times New Roman' not found.
findfont: Font family 'Times New Roman' not found.
findfont: Font family 'Times New Roman' not found.
findfont: Font family 'Times New Roman' not found.
findfont: Font family 'Times New Roman' not found.
findfont: Font family 'Times New Roman' not found.
findfont: Font family 'Times New Roman' not found.
findfont: Font family 'Times New Roman' not found.
findfont: Font family 'Times New Roman' not found.
findfont: Font family 'Times New Roman' not found.
findfont: Font family 'Times New Roman' not found.
findfont: Font family 'Times New Roman' not found.
findfont: Font family 'Times New Roman' not found.
findfont: Font family 'Times New Roman' not found.
findfont: Font family 'Times New Roman' not found.
findfont: Font family 'Times New Roman' not found.
findfont: Font family 'Times New Roman' not found.
findfont: Font family 'Times New Roman' not found.
findfont: Font family 'Times New Roman' not found.
findfont: Font family 'Times New Roman' not found.
findfont: Font family 'Times New Roman' not found.
findfont: Font family 'Times New Roman' not found.
findfont: Font family 'Times New Roman' not found.
findfont: Font family 'Times New Roman' not found.
findfont: Font family 'Times New Roman' not found.
findfont: Font family 'Times New Roman' not found.
findfont: Font family 'Times New Roman' not found.
findfont: Font family 'Times New Roman' not found.
findfont: Font family 'Times New Roman' not found.
findfont: Font family 'Times New Roman' not found.
findfont: Font family 'Times New Roman' not found.
findfont: Font family 'Times New Roman' not found.
findfont: Font family 'Times New Roman' not found.
findfont: Font family 'Times New Roman' not found.
findfont: Font family 'Times New Roman' not found.
findfont: Font family 'Times New Roman' not found.
findfont: Font family 'Times New Roman' not found.
findfont: Font family 'Times New Roman' not found.
findfont: Font family 'Times New Roman' not found.
findfont: Font family 'Times New Roman' not found.
findfont: Font family 'Times New Roman' not found.
findfont: Font family 'Times New Roman' not found.
findfont: Font family 'Times New Roman' not found.
findfont: Font family 'Times New Roman' not found.
findfont: Font family 'Times New Roman' not found.
findfont: Font family 'Times New Roman' not found.
findfont: Font family 'Times New Roman' not found.
findfont: Font family 'Times New Roman' not found.
findfont: Font family 'Times New Roman' not found.
findfont: Font family 'Times New Roman' not found.
findfont: Font family 'Times New Roman' not found.
findfont: Font family 'Times New Roman' not found.
findfont: Font family 'Times New Roman' not found.
findfont: Font family 'Times New Roman' not found.
findfont: Font family 'Times New Roman' not found.
findfont: Font family 'Times New Roman' not found.
findfont: Font family 'Times New Roman' not found.
findfont: Font family 'Times New Roman' not found.
findfont: Font family 'Times New Roman' not found.
findfont: Font family 'Times New Roman' not found.
findfont: Font family 'Times New Roman' not found.
findfont: Font family 'Times New Roman' not found.
findfont: Font family 'Times New Roman' not found.
findfont: Font family 'Times New Roman' not found.
findfont: Font family 'Times New Roman' not found.
findfont: Font family 'Times New Roman' not found.
findfont: Font family 'Times New Roman' not found.
findfont: Font family 'Times New Roman' not found.
findfont: Font family 'Times New Roman' not found.
findfont: Font family 'Times New Roman' not found.
findfont: Font family 'Times New Roman' not found.
findfont: Font family 'Times New Roman' not found.
findfont: Font family 'Times New Roman' not found.
findfont: Font family 'Times New Roman' not found.
findfont: Font family 'Times New Roman' not found.
findfont: Font family 'Times New Roman' not found.
findfont: Font family 'Times New Roman' not found.
findfont: Font family 'Times New Roman' not found.
findfont: Font family 'Times New Roman' not found.
findfont: Font family 'Times New Roman' not found.
findfont: Font family 'Times New Roman' not found.
findfont: Font family 'Times New Roman' not found.
findfont: Font family 'Times New Roman' not found.
findfont: Font family 'Times New Roman' not found.
findfont: Font family 'Times New Roman' not found.
findfont: Font family 'Times New Roman' not found.
findfont: Font family 'Times New Roman' not found.
findfont: Font family 'Times New Roman' not found.
findfont: Font family 'Times New Roman' not found.
findfont: Font family 'Times New Roman' not found.
findfont: Font family 'Times New Roman' not found.
findfont: Font family 'Times New Roman' not found.
findfont: Font family 'Times New Roman' not found.
findfont: Font family 'Times New Roman' not found.
findfont: Font family 'Times New Roman' not found.
findfont: Font family 'Times New Roman' not found.
findfont: Font family 'Times New Roman' not found.
findfont: Font family 'Times New Roman' not found.
findfont: Font family 'Times New Roman' not found.
findfont: Font family 'Times New Roman' not found.
findfont: Font family 'Times New Roman' not found.
findfont: Font family 'Times New Roman' not found.
findfont: Font family 'Times New Roman' not found.
findfont: Font family 'Times New Roman' not found.
findfont: Font family 'Times New Roman' not found.
findfont: Font family 'Times New Roman' not found.
findfont: Font family 'Times New Roman' not found.
findfont: Font family 'Times New Roman' not found.
findfont: Font family 'Times New Roman' not found.
findfont: Font family 'Times New Roman' not found.
findfont: Font family 'Times New Roman' not found.
findfont: Font family 'Times New Roman' not found.
findfont: Font family 'Times New Roman' not found.
findfont: Font family 'Times New Roman' not found.
findfont: Font family 'Times New Roman' not found.
findfont: Font family 'Times New Roman' not found.
findfont: Font family 'Times New Roman' not found.
findfont: Font family 'Times New Roman' not found.
findfont: Font family 'Times New Roman' not found.
findfont: Font family 'Times New Roman' not found.
findfont: Font family 'Times New Roman' not found.
findfont: Font family 'Times New Roman' not found.
findfont: Font family 'Times New Roman' not found.
findfont: Font family 'Times New Roman' not found.
findfont: Font family 'Times New Roman' not found.
findfont: Font family 'Times New Roman' not found.
findfont: Font family 'Times New Roman' not found.
findfont: Font family 'Times New Roman' not found.
findfont: Font family 'Times New Roman' not found.
findfont: Font family 'Times New Roman' not found.
findfont: Font family 'Times New Roman' not found.
findfont: Font family 'Times New Roman' not found.
findfont: Font family 'Times New Roman' not found.
findfont: Font family 'Times New Roman' not found.
findfont: Font family 'Times New Roman' not found.
findfont: Font family 'Times New Roman' not found.
findfont: Font family 'Times New Roman' not found.
findfont: Font family 'Times New Roman' not found.
findfont: Font family 'Times New Roman' not found.
findfont: Font family 'Times New Roman' not found.
findfont: Font family 'Times New Roman' not found.
findfont: Font family 'Times New Roman' not found.
findfont: Font family 'Times New Roman' not found.
findfont: Font family 'Times New Roman' not found.
findfont: Font family 'Times New Roman' not found.
findfont: Font family 'Times New Roman' not found.
findfont: Font family 'Times New Roman' not found.
findfont: Font family 'Times New Roman' not found.
findfont: Font family 'Times New Roman' not found.
findfont: Font family 'Times New Roman' not found.
findfont: Font family 'Times New Roman' not found.
findfont: Font family 'Times New Roman' not found.
findfont: Font family 'Times New Roman' not found.
findfont: Font family 'Times New Roman' not found.
findfont: Font family 'Times New Roman' not found.
findfont: Font family 'Times New Roman' not found.
findfont: Font family 'Times New Roman' not found.
findfont: Font family 'Times New Roman' not found.
findfont: Font family 'Times New Roman' not found.
findfont: Font family 'Times New Roman' not found.
findfont: Font family 'Times New Roman' not found.
findfont: Font family 'Times New Roman' not found.
findfont: Font family 'Times New Roman' not found.
findfont: Font family 'Times New Roman' not found.
findfont: Font family 'Times New Roman' not found.
findfont: Font family 'Times New Roman' not found.
findfont: Font family 'Times New Roman' not found.
findfont: Font family 'Times New Roman' not found.
findfont: Font family 'Times New Roman' not found.
findfont: Font family 'Times New Roman' not found.
findfont: Font family 'Times New Roman' not found.
findfont: Font family 'Times New Roman' not found.
findfont: Font family 'Times New Roman' not found.
findfont: Font family 'Times New Roman' not found.
findfont: Font family 'Times New Roman' not found.
findfont: Font family 'Times New Roman' not found.
findfont: Font family 'Times New Roman' not found.
findfont: Font family 'Times New Roman' not found.
findfont: Font family 'Times New Roman' not found.
findfont: Font family 'Times New Roman' not found.
findfont: Font family 'Times New Roman' not found.
findfont: Font family 'Times New Roman' not found.
findfont: Font family 'Times New Roman' not found.
findfont: Font family 'Times New Roman' not found.
findfont: Font family 'Times New Roman' not found.
findfont: Font family 'Times New Roman' not found.
findfont: Font family 'Times New Roman' not found.
findfont: Font family 'Times New Roman' not found.
findfont: Font family 'Times New Roman' not found.
findfont: Font family 'Times New Roman' not found.
findfont: Font family 'Times New Roman' not found.
findfont: Font family 'Times New Roman' not found.
findfont: Font family 'Times New Roman' not found.
findfont: Font family 'Times New Roman' not found.
findfont: Font family 'Times New Roman' not found.
findfont: Font family 'Times New Roman' not found.
findfont: Font family 'Times New Roman' not found.
findfont: Font family 'Times New Roman' not found.
findfont: Font family 'Times New Roman' not found.
findfont: Font family 'Times New Roman' not found.
findfont: Font family 'Times New Roman' not found.
findfont: Font family 'Times New Roman' not found.
findfont: Font family 'Times New Roman' not found.
findfont: Font family 'Times New Roman' not found.
findfont: Font family 'Times New Roman' not found.
findfont: Font family 'Times New Roman' not found.
findfont: Font family 'Times New Roman' not found.
findfont: Font family 'Times New Roman' not found.
findfont: Font family 'Times New Roman' not found.
findfont: Font family 'Times New Roman' not found.
findfont: Font family 'Times New Roman' not found.
findfont: Font family 'Times New Roman' not found.
findfont: Font family 'Times New Roman' not found.
findfont: Font family 'Times New Roman' not found.
findfont: Font family 'Times New Roman' not found.
findfont: Font family 'Times New Roman' not found.
findfont: Font family 'Times New Roman' not found.
findfont: Font family 'Times New Roman' not found.
findfont: Font family 'Times New Roman' not found.
findfont: Font family 'Times New Roman' not found.
findfont: Font family 'Times New Roman' not found.
findfont: Font family 'Times New Roman' not found.
findfont: Font family 'Times New Roman' not found.
findfont: Font family 'Times New Roman' not found.
findfont: Font family 'Times New Roman' not found.
findfont: Font family 'Times New Roman' not found.
findfont: Font family 'Times New Roman' not found.
findfont: Font family 'Times New Roman' not found.
findfont: Font family 'Times New Roman' not found.
findfont: Font family 'Times New Roman' not found.
findfont: Font family 'Times New Roman' not found.
findfont: Font family 'Times New Roman' not found.
findfont: Font family 'Times New Roman' not found.
findfont: Font family 'Times New Roman' not found.
findfont: Font family 'Times New Roman' not found.
findfont: Font family 'Times New Roman' not found.
findfont: Font family 'Times New Roman' not found.
findfont: Font family 'Times New Roman' not found.
findfont: Font family 'Times New Roman' not found.
findfont: Font family 'Times New Roman' not found.
findfont: Font family 'Times New Roman' not found.
findfont: Font family 'Times New Roman' not found.
findfont: Font family 'Times New Roman' not found.
findfont: Font family 'Times New Roman' not found.
findfont: Font family 'Times New Roman' not found.
findfont: Font family 'Times New Roman' not found.
findfont: Font family 'Times New Roman' not found.
findfont: Font family 'Times New Roman' not found.
findfont: Font family 'Times New Roman' not found.
findfont: Font family 'Times New Roman' not found.
findfont: Font family 'Times New Roman' not found.
findfont: Font family 'Times New Roman' not found.
findfont: Font family 'Times New Roman' not found.
findfont: Font family 'Times New Roman' not found.
findfont: Font family 'Times New Roman' not found.
findfont: Font family 'Times New Roman' not found.
findfont: Font family 'Times New Roman' not found.
findfont: Font family 'Times New Roman' not found.
findfont: Font family 'Times New Roman' not found.
findfont: Font family 'Times New Roman' not found.
findfont: Font family 'Times New Roman' not found.
findfont: Font family 'Times New Roman' not found.
findfont: Font family 'Times New Roman' not found.
findfont: Font family 'Times New Roman' not found.
findfont: Font family 'Times New Roman' not found.
findfont: Font family 'Times New Roman' not found.
findfont: Font family 'Times New Roman' not found.
findfont: Font family 'Times New Roman' not found.
findfont: Font family 'Times New Roman' not found.
findfont: Font family 'Times New Roman' not found.
findfont: Font family 'Times New Roman' not found.
findfont: Font family 'Times New Roman' not found.
findfont: Font family 'Times New Roman' not found.
findfont: Font family 'Times New Roman' not found.
findfont: Font family 'Times New Roman' not found.
findfont: Font family 'Times New Roman' not found.
findfont: Font family 'Times New Roman' not found.
findfont: Font family 'Times New Roman' not found.
findfont: Font family 'Times New Roman' not found.
findfont: Font family 'Times New Roman' not found.
findfont: Font family 'Times New Roman' not found.
findfont: Font family 'Times New Roman' not found.
findfont: Font family 'Times New Roman' not found.
findfont: Font family 'Times New Roman' not found.
findfont: Font family 'Times New Roman' not found.
findfont: Font family 'Times New Roman' not found.
findfont: Font family 'Times New Roman' not found.
findfont: Font family 'Times New Roman' not found.
findfont: Font family 'Times New Roman' not found.
findfont: Font family 'Times New Roman' not found.
findfont: Font family 'Times New Roman' not found.
findfont: Font family 'Times New Roman' not found.
findfont: Font family 'Times New Roman' not found.
findfont: Font family 'Times New Roman' not found.
findfont: Font family 'Times New Roman' not found.
findfont: Font family 'Times New Roman' not found.
findfont: Font family 'Times New Roman' not found.
findfont: Font family 'Times New Roman' not found.
findfont: Font family 'Times New Roman' not found.
findfont: Font family 'Times New Roman' not found.
findfont: Font family 'Times New Roman' not found.
findfont: Font family 'Times New Roman' not found.
findfont: Font family 'Times New Roman' not found.
findfont: Font family 'Times New Roman' not found.
findfont: Font family 'Times New Roman' not found.
findfont: Font family 'Times New Roman' not found.
findfont: Font family 'Times New Roman' not found.
findfont: Font family 'Times New Roman' not found.
findfont: Font family 'Times New Roman' not found.
findfont: Font family 'Times New Roman' not found.
findfont: Font family 'Times New Roman' not found.
findfont: Font family 'Times New Roman' not found.
findfont: Font family 'Times New Roman' not found.
findfont: Font family 'Times New Roman' not found.
findfont: Font family 'Times New Roman' not found.
findfont: Font family 'Times New Roman' not found.
findfont: Font family 'Times New Roman' not found.
findfont: Font family 'Times New Roman' not found.
findfont: Font family 'Times New Roman' not found.
findfont: Font family 'Times New Roman' not found.
findfont: Font family 'Times New Roman' not found.
findfont: Font family 'Times New Roman' not found.
findfont: Font family 'Times New Roman' not found.
findfont: Font family 'Times New Roman' not found.
findfont: Font family 'Times New Roman' not found.
findfont: Font family 'Times New Roman' not found.
findfont: Font family 'Times New Roman' not found.
findfont: Font family 'Times New Roman' not found.
findfont: Font family 'Times New Roman' not found.
findfont: Font family 'Times New Roman' not found.
findfont: Font family 'Times New Roman' not found.
findfont: Font family 'Times New Roman' not found.
findfont: Font family 'Times New Roman' not found.
findfont: Font family 'Times New Roman' not found.
findfont: Font family 'Times New Roman' not found.
findfont: Font family 'Times New Roman' not found.
findfont: Font family 'Times New Roman' not found.
findfont: Font family 'Times New Roman' not found.
findfont: Font family 'Times New Roman' not found.
findfont: Font family 'Times New Roman' not found.
findfont: Font family 'Times New Roman' not found.
findfont: Font family 'Times New Roman' not found.
findfont: Font family 'Times New Roman' not found.
findfont: Font family 'Times New Roman' not found.
findfont: Font family 'Times New Roman' not found.
findfont: Font family 'Times New Roman' not found.
findfont: Font family 'Times New Roman' not found.
findfont: Font family 'Times New Roman' not found.
findfont: Font family 'Times New Roman' not found.
findfont: Font family 'Times New Roman' not found.
findfont: Font family 'Times New Roman' not found.
findfont: Font family 'Times New Roman' not found.
findfont: Font family 'Times New Roman' not found.
findfont: Font family 'Times New Roman' not found.
findfont: Font family 'Times New Roman' not found.
findfont: Font family 'Times New Roman' not found.
findfont: Font family 'Times New Roman' not found.
findfont: Font family 'Times New Roman' not found.
findfont: Font family 'Times New Roman' not found.
findfont: Font family 'Times New Roman' not found.
findfont: Font family 'Times New Roman' not found.
findfont: Font family 'Times New Roman' not found.
findfont: Font family 'Times New Roman' not found.
findfont: Font family 'Times New Roman' not found.
findfont: Font family 'Times New Roman' not found.
findfont: Font family 'Times New Roman' not found.
findfont: Font family 'Times New Roman' not found.
findfont: Font family 'Times New Roman' not found.
findfont: Font family 'Times New Roman' not found.
findfont: Font family 'Times New Roman' not found.
findfont: Font family 'Times New Roman' not found.
findfont: Font family 'Times New Roman' not found.
findfont: Font family 'Times New Roman' not found.
findfont: Font family 'Times New Roman' not found.
findfont: Font family 'Times New Roman' not found.
findfont: Font family 'Times New Roman' not found.
findfont: Font family 'Times New Roman' not found.
findfont: Font family 'Times New Roman' not found.
findfont: Font family 'Times New Roman' not found.
findfont: Font family 'Times New Roman' not found.
findfont: Font family 'Times New Roman' not found.
findfont: Font family 'Times New Roman' not found.
findfont: Font family 'Times New Roman' not found.
findfont: Font family 'Times New Roman' not found.
findfont: Font family 'Times New Roman' not found.
findfont: Font family 'Times New Roman' not found.
findfont: Font family 'Times New Roman' not found.
findfont: Font family 'Times New Roman' not found.
findfont: Font family 'Times New Roman' not found.
findfont: Font family 'Times New Roman' not found.
findfont: Font family 'Times New Roman' not found.
findfont: Font family 'Times New Roman' not found.
findfont: Font family 'Times New Roman' not found.
findfont: Font family 'Times New Roman' not found.
findfont: Font family 'Times New Roman' not found.
findfont: Font family 'Times New Roman' not found.
findfont: Font family 'Times New Roman' not found.
findfont: Font family 'Times New Roman' not found.
findfont: Font family 'Times New Roman' not found.
findfont: Font family 'Times New Roman' not found.
findfont: Font family 'Times New Roman' not found.
findfont: Font family 'Times New Roman' not found.
findfont: Font family 'Times New Roman' not found.
findfont: Font family 'Times New Roman' not found.
findfont: Font family 'Times New Roman' not found.
findfont: Font family 'Times New Roman' not found.
findfont: Font family 'Times New Roman' not found.
findfont: Font family 'Times New Roman' not found.
findfont: Font family 'Times New Roman' not found.
findfont: Font family 'Times New Roman' not found.
findfont: Font family 'Times New Roman' not found.
findfont: Font family 'Times New Roman' not found.
findfont: Font family 'Times New Roman' not found.
findfont: Font family 'Times New Roman' not found.
findfont: Font family 'Times New Roman' not found.
findfont: Font family 'Times New Roman' not found.
findfont: Font family 'Times New Roman' not found.
findfont: Font family 'Times New Roman' not found.
findfont: Font family 'Times New Roman' not found.
findfont: Font family 'Times New Roman' not found.
findfont: Font family 'Times New Roman' not found.
findfont: Font family 'Times New Roman' not found.
findfont: Font family 'Times New Roman' not found.
findfont: Font family 'Times New Roman' not found.
findfont: Font family 'Times New Roman' not found.
findfont: Font family 'Times New Roman' not found.
findfont: Font family 'Times New Roman' not found.
findfont: Font family 'Times New Roman' not found.
findfont: Font family 'Times New Roman' not found.
findfont: Font family 'Times New Roman' not found.
findfont: Font family 'Times New Roman' not found.
findfont: Font family 'Times New Roman' not found.
findfont: Font family 'Times New Roman' not found.
findfont: Font family 'Times New Roman' not found.
findfont: Font family 'Times New Roman' not found.
findfont: Font family 'Times New Roman' not found.
findfont: Font family 'Times New Roman' not found.
findfont: Font family 'Times New Roman' not found.
findfont: Font family 'Times New Roman' not found.
findfont: Font family 'Times New Roman' not found.
findfont: Font family 'Times New Roman' not found.
findfont: Font family 'Times New Roman' not found.
findfont: Font family 'Times New Roman' not found.
findfont: Font family 'Times New Roman' not found.
findfont: Font family 'Times New Roman' not found.
findfont: Font family 'Times New Roman' not found.
findfont: Font family 'Times New Roman' not found.
findfont: Font family 'Times New Roman' not found.
findfont: Font family 'Times New Roman' not found.
findfont: Font family 'Times New Roman' not found.
findfont: Font family 'Times New Roman' not found.
findfont: Font family 'Times New Roman' not found.
findfont: Font family 'Times New Roman' not found.
findfont: Font family 'Times New Roman' not found.
findfont: Font family 'Times New Roman' not found.
findfont: Font family 'Times New Roman' not found.
findfont: Font family 'Times New Roman' not found.
findfont: Font family 'Times New Roman' not found.
findfont: Font family 'Times New Roman' not found.
findfont: Font family 'Times New Roman' not found.
findfont: Font family 'Times New Roman' not found.
findfont: Font family 'Times New Roman' not found.
findfont: Font family 'Times New Roman' not found.
findfont: Font family 'Times New Roman' not found.
findfont: Font family 'Times New Roman' not found.
findfont: Font family 'Times New Roman' not found.
findfont: Font family 'Times New Roman' not found.
findfont: Font family 'Times New Roman' not found.
findfont: Font family 'Times New Roman' not found.
findfont: Font family 'Times New Roman' not found.
findfont: Font family 'Times New Roman' not found.
findfont: Font family 'Times New Roman' not found.
findfont: Font family 'Times New Roman' not found.
findfont: Font family 'Times New Roman' not found.
findfont: Font family 'Times New Roman' not found.
findfont: Font family 'Times New Roman' not found.
findfont: Font family 'Times New Roman' not found.
findfont: Font family 'Times New Roman' not found.
findfont: Font family 'Times New Roman' not found.
findfont: Font family 'Times New Roman' not found.
findfont: Font family 'Times New Roman' not found.
findfont: Font family 'Times New Roman' not found.
findfont: Font family 'Times New Roman' not found.
findfont: Font family 'Times New Roman' not found.
findfont: Font family 'Times New Roman' not found.
findfont: Font family 'Times New Roman' not found.
findfont: Font family 'Times New Roman' not found.
findfont: Font family 'Times New Roman' not found.
findfont: Font family 'Times New Roman' not found.
findfont: Font family 'Times New Roman' not found.
findfont: Font family 'Times New Roman' not found.
findfont: Font family 'Times New Roman' not found.
findfont: Font family 'Times New Roman' not found.
findfont: Font family 'Times New Roman' not found.
findfont: Font family 'Times New Roman' not found.
findfont: Font family 'Times New Roman' not found.
findfont: Font family 'Times New Roman' not found.
findfont: Font family 'Times New Roman' not found.
findfont: Font family 'Times New Roman' not found.
findfont: Font family 'Times New Roman' not found.
findfont: Font family 'Times New Roman' not found.
findfont: Font family 'Times New Roman' not found.
findfont: Font family 'Times New Roman' not found.
findfont: Font family 'Times New Roman' not found.
findfont: Font family 'Times New Roman' not found.
findfont: Font family 'Times New Roman' not found.
findfont: Font family 'Times New Roman' not found.
findfont: Font family 'Times New Roman' not found.
findfont: Font family 'Times New Roman' not found.
findfont: Font family 'Times New Roman' not found.
findfont: Font family 'Times New Roman' not found.
findfont: Font family 'Times New Roman' not found.
findfont: Font family 'Times New Roman' not found.
findfont: Font family 'Times New Roman' not found.
findfont: Font family 'Times New Roman' not found.
findfont: Font family 'Times New Roman' not found.
findfont: Font family 'Times New Roman' not found.
findfont: Font family 'Times New Roman' not found.
findfont: Font family 'Times New Roman' not found.
findfont: Font family 'Times New Roman' not found.
findfont: Font family 'Times New Roman' not found.
findfont: Font family 'Times New Roman' not found.
findfont: Font family 'Times New Roman' not found.
findfont: Font family 'Times New Roman' not found.
findfont: Font family 'Times New Roman' not found.
findfont: Font family 'Times New Roman' not found.
findfont: Font family 'Times New Roman' not found.
findfont: Font family 'Times New Roman' not found.
findfont: Font family 'Times New Roman' not found.
findfont: Font family 'Times New Roman' not found.
findfont: Font family 'Times New Roman' not found.
findfont: Font family 'Times New Roman' not found.
findfont: Font family 'Times New Roman' not found.
findfont: Font family 'Times New Roman' not found.
findfont: Font family 'Times New Roman' not found.
findfont: Font family 'Times New Roman' not found.
findfont: Font family 'Times New Roman' not found.
findfont: Font family 'Times New Roman' not found.
findfont: Font family 'Times New Roman' not found.
findfont: Font family 'Times New Roman' not found.
findfont: Font family 'Times New Roman' not found.
findfont: Font family 'Times New Roman' not found.
findfont: Font family 'Times New Roman' not found.
findfont: Font family 'Times New Roman' not found.
findfont: Font family 'Times New Roman' not found.
findfont: Font family 'Times New Roman' not found.
findfont: Font family 'Times New Roman' not found.
findfont: Font family 'Times New Roman' not found.
findfont: Font family 'Times New Roman' not found.
findfont: Font family 'Times New Roman' not found.
findfont: Font family 'Times New Roman' not found.
findfont: Font family 'Times New Roman' not found.
findfont: Font family 'Times New Roman' not found.
findfont: Font family 'Times New Roman' not found.
findfont: Font family 'Times New Roman' not found.
findfont: Font family 'Times New Roman' not found.
findfont: Font family 'Times New Roman' not found.
findfont: Font family 'Times New Roman' not found.
findfont: Font family 'Times New Roman' not found.
findfont: Font family 'Times New Roman' not found.
findfont: Font family 'Times New Roman' not found.
findfont: Font family 'Times New Roman' not found.
findfont: Font family 'Times New Roman' not found.
findfont: Font family 'Times New Roman' not found.
findfont: Font family 'Times New Roman' not found.
findfont: Font family 'Times New Roman' not found.
findfont: Font family 'Times New Roman' not found.
findfont: Font family 'Times New Roman' not found.
findfont: Font family 'Times New Roman' not found.
findfont: Font family 'Times New Roman' not found.
findfont: Font family 'Times New Roman' not found.
findfont: Font family 'Times New Roman' not found.
findfont: Font family 'Times New Roman' not found.
findfont: Font family 'Times New Roman' not found.
findfont: Font family 'Times New Roman' not found.
findfont: Font family 'Times New Roman' not found.
findfont: Font family 'Times New Roman' not found.
findfont: Font family 'Times New Roman' not found.
findfont: Font family 'Times New Roman' not found.
findfont: Font family 'Times New Roman' not found.
findfont: Font family 'Times New Roman' not found.
findfont: Font family 'Times New Roman' not found.
findfont: Font family 'Times New Roman' not found.
findfont: Font family 'Times New Roman' not found.
findfont: Font family 'Times New Roman' not found.
findfont: Font family 'Times New Roman' not found.
findfont: Font family 'Times New Roman' not found.
findfont: Font family 'Times New Roman' not found.
findfont: Font family 'Times New Roman' not found.
findfont: Font family 'Times New Roman' not found.
findfont: Font family 'Times New Roman' not found.
findfont: Font family 'Times New Roman' not found.
findfont: Font family 'Times New Roman' not found.
findfont: Font family 'Times New Roman' not found.
findfont: Font family 'Times New Roman' not found.
findfont: Font family 'Times New Roman' not found.
findfont: Font family 'Times New Roman' not found.
findfont: Font family 'Times New Roman' not found.
findfont: Font family 'Times New Roman' not found.
findfont: Font family 'Times New Roman' not found.
findfont: Font family 'Times New Roman' not found.
findfont: Font family 'Times New Roman' not found.
findfont: Font family 'Times New Roman' not found.
findfont: Font family 'Times New Roman' not found.
findfont: Font family 'Times New Roman' not found.
findfont: Font family 'Times New Roman' not found.
findfont: Font family 'Times New Roman' not found.
findfont: Font family 'Times New Roman' not found.
findfont: Font family 'Times New Roman' not found.
findfont: Font family 'Times New Roman' not found.
findfont: Font family 'Times New Roman' not found.
findfont: Font family 'Times New Roman' not found.
findfont: Font family 'Times New Roman' not found.
findfont: Font family 'Times New Roman' not found.
findfont: Font family 'Times New Roman' not found.
findfont: Font family 'Times New Roman' not found.
findfont: Font family 'Times New Roman' not found.
findfont: Font family 'Times New Roman' not found.
findfont: Font family 'Times New Roman' not found.
findfont: Font family 'Times New Roman' not found.
findfont: Font family 'Times New Roman' not found.
findfont: Font family 'Times New Roman' not found.
findfont: Font family 'Times New Roman' not found.
findfont: Font family 'Times New Roman' not found.
findfont: Font family 'Times New Roman' not found.
findfont: Font family 'Times New Roman' not found.
findfont: Font family 'Times New Roman' not found.
findfont: Font family 'Times New Roman' not found.
findfont: Font family 'Times New Roman' not found.
findfont: Font family 'Times New Roman' not found.
findfont: Font family 'Times New Roman' not found.
findfont: Font family 'Times New Roman' not found.
findfont: Font family 'Times New Roman' not found.
findfont: Font family 'Times New Roman' not found.
findfont: Font family 'Times New Roman' not found.
findfont: Font family 'Times New Roman' not found.
findfont: Font family 'Times New Roman' not found.
findfont: Font family 'Times New Roman' not found.
findfont: Font family 'Times New Roman' not found.
findfont: Font family 'Times New Roman' not found.
findfont: Font family 'Times New Roman' not found.
findfont: Font family 'Times New Roman' not found.
findfont: Font family 'Times New Roman' not found.
findfont: Font family 'Times New Roman' not found.
findfont: Font family 'Times New Roman' not found.
findfont: Font family 'Times New Roman' not found.
findfont: Font family 'Times New Roman' not found.
findfont: Font family 'Times New Roman' not found.
findfont: Font family 'Times New Roman' not found.
findfont: Font family 'Times New Roman' not found.
findfont: Font family 'Times New Roman' not found.
findfont: Font family 'Times New Roman' not found.
findfont: Font family 'Times New Roman' not found.
findfont: Font family 'Times New Roman' not found.
findfont: Font family 'Times New Roman' not found.
findfont: Font family 'Times New Roman' not found.
findfont: Font family 'Times New Roman' not found.
findfont: Font family 'Times New Roman' not found.
findfont: Font family 'Times New Roman' not found.
findfont: Font family 'Times New Roman' not found.
findfont: Font family 'Times New Roman' not found.
findfont: Font family 'Times New Roman' not found.
findfont: Font family 'Times New Roman' not found.
findfont: Font family 'Times New Roman' not found.
findfont: Font family 'Times New Roman' not found.
findfont: Font family 'Times New Roman' not found.
findfont: Font family 'Times New Roman' not found.
findfont: Font family 'Times New Roman' not found.
findfont: Font family 'Times New Roman' not found.
findfont: Font family 'Times New Roman' not found.
findfont: Font family 'Times New Roman' not found.
findfont: Font family 'Times New Roman' not found.
findfont: Font family 'Times New Roman' not found.
findfont: Font family 'Times New Roman' not found.
findfont: Font family 'Times New Roman' not found.
findfont: Font family 'Times New Roman' not found.
findfont: Font family 'Times New Roman' not found.
findfont: Font family 'Times New Roman' not found.
findfont: Font family 'Times New Roman' not found.
findfont: Font family 'Times New Roman' not found.
findfont: Font family 'Times New Roman' not found.
findfont: Font family 'Times New Roman' not found.
findfont: Font family 'Times New Roman' not found.
findfont: Font family 'Times New Roman' not found.
findfont: Font family 'Times New Roman' not found.
findfont: Font family 'Times New Roman' not found.
findfont: Font family 'Times New Roman' not found.
findfont: Font family 'Times New Roman' not found.
findfont: Font family 'Times New Roman' not found.
findfont: Font family 'Times New Roman' not found.
findfont: Font family 'Times New Roman' not found.
findfont: Font family 'Times New Roman' not found.
findfont: Font family 'Times New Roman' not found.
findfont: Font family 'Times New Roman' not found.
findfont: Font family 'Times New Roman' not found.
findfont: Font family 'Times New Roman' not found.
findfont: Font family 'Times New Roman' not found.
findfont: Font family 'Times New Roman' not found.
findfont: Font family 'Times New Roman' not found.
findfont: Font family 'Times New Roman' not found.
findfont: Font family 'Times New Roman' not found.
findfont: Font family 'Times New Roman' not found.
findfont: Font family 'Times New Roman' not found.
findfont: Font family 'Times New Roman' not found.
findfont: Font family 'Times New Roman' not found.
findfont: Font family 'Times New Roman' not found.
findfont: Font family 'Times New Roman' not found.
findfont: Font family 'Times New Roman' not found.
findfont: Font family 'Times New Roman' not found.
findfont: Font family 'Times New Roman' not found.
findfont: Font family 'Times New Roman' not found.
findfont: Font family 'Times New Roman' not found.
findfont: Font family 'Times New Roman' not found.
findfont: Font family 'Times New Roman' not found.
findfont: Font family 'Times New Roman' not found.
findfont: Font family 'Times New Roman' not found.
findfont: Font family 'Times New Roman' not found.
findfont: Font family 'Times New Roman' not found.
findfont: Font family 'Times New Roman' not found.
findfont: Font family 'Times New Roman' not found.
findfont: Font family 'Times New Roman' not found.
findfont: Font family 'Times New Roman' not found.
findfont: Font family 'Times New Roman' not found.
findfont: Font family 'Times New Roman' not found.
findfont: Font family 'Times New Roman' not found.
findfont: Font family 'Times New Roman' not found.
findfont: Font family 'Times New Roman' not found.
findfont: Font family 'Times New Roman' not found.
findfont: Font family 'Times New Roman' not found.
findfont: Font family 'Times New Roman' not found.
findfont: Font family 'Times New Roman' not found.
findfont: Font family 'Times New Roman' not found.
findfont: Font family 'Times New Roman' not found.
findfont: Font family 'Times New Roman' not found.
findfont: Font family 'Times New Roman' not found.
findfont: Font family 'Times New Roman' not found.
findfont: Font family 'Times New Roman' not found.
findfont: Font family 'Times New Roman' not found.
findfont: Font family 'Times New Roman' not found.
findfont: Font family 'Times New Roman' not found.
findfont: Font family 'Times New Roman' not found.
findfont: Font family 'Times New Roman' not found.
findfont: Font family 'Times New Roman' not found.
findfont: Font family 'Times New Roman' not found.
findfont: Font family 'Times New Roman' not found.
findfont: Font family 'Times New Roman' not found.
findfont: Font family 'Times New Roman' not found.
findfont: Font family 'Times New Roman' not found.
findfont: Font family 'Times New Roman' not found.
findfont: Font family 'Times New Roman' not found.
findfont: Font family 'Times New Roman' not found.
findfont: Font family 'Times New Roman' not found.
findfont: Font family 'Times New Roman' not found.
findfont: Font family 'Times New Roman' not found.
findfont: Font family 'Times New Roman' not found.
findfont: Font family 'Times New Roman' not found.
findfont: Font family 'Times New Roman' not found.
findfont: Font family 'Times New Roman' not found.
findfont: Font family 'Times New Roman' not found.
findfont: Font family 'Times New Roman' not found.
findfont: Font family 'Times New Roman' not found.
findfont: Font family 'Times New Roman' not found.
findfont: Font family 'Times New Roman' not found.
findfont: Font family 'Times New Roman' not found.
findfont: Font family 'Times New Roman' not found.
findfont: Font family 'Times New Roman' not found.
findfont: Font family 'Times New Roman' not found.
findfont: Font family 'Times New Roman' not found.
findfont: Font family 'Times New Roman' not found.
findfont: Font family 'Times New Roman' not found.
findfont: Font family 'Times New Roman' not found.
findfont: Font family 'Times New Roman' not found.
findfont: Font family 'Times New Roman' not found.
findfont: Font family 'Times New Roman' not found.
findfont: Font family 'Times New Roman' not found.
findfont: Font family 'Times New Roman' not found.
findfont: Font family 'Times New Roman' not found.
findfont: Font family 'Times New Roman' not found.
findfont: Font family 'Times New Roman' not found.
findfont: Font family 'Times New Roman' not found.
findfont: Font family 'Times New Roman' not found.
findfont: Font family 'Times New Roman' not found.
findfont: Font family 'Times New Roman' not found.
findfont: Font family 'Times New Roman' not found.
findfont: Font family 'Times New Roman' not found.
findfont: Font family 'Times New Roman' not found.
findfont: Font family 'Times New Roman' not found.
findfont: Font family 'Times New Roman' not found.
findfont: Font family 'Times New Roman' not found.
findfont: Font family 'Times New Roman' not found.
findfont: Font family 'Times New Roman' not found.
findfont: Font family 'Times New Roman' not found.
findfont: Font family 'Times New Roman' not found.
findfont: Font family 'Times New Roman' not found.
findfont: Font family 'Times New Roman' not found.
findfont: Font family 'Times New Roman' not found.
findfont: Font family 'Times New Roman' not found.
findfont: Font family 'Times New Roman' not found.
findfont: Font family 'Times New Roman' not found.
findfont: Font family 'Times New Roman' not found.
findfont: Font family 'Times New Roman' not found.
findfont: Font family 'Times New Roman' not found.
findfont: Font family 'Times New Roman' not found.
findfont: Font family 'Times New Roman' not found.
findfont: Font family 'Times New Roman' not found.
findfont: Font family 'Times New Roman' not found.
findfont: Font family 'Times New Roman' not found.
findfont: Font family 'Times New Roman' not found.
findfont: Font family 'Times New Roman' not found.
findfont: Font family 'Times New Roman' not found.
findfont: Font family 'Times New Roman' not found.
findfont: Font family 'Times New Roman' not found.
findfont: Font family 'Times New Roman' not found.
findfont: Font family 'Times New Roman' not found.
findfont: Font family 'Times New Roman' not found.
findfont: Font family 'Times New Roman' not found.
findfont: Font family 'Times New Roman' not found.
findfont: Font family 'Times New Roman' not found.
findfont: Font family 'Times New Roman' not found.
findfont: Font family 'Times New Roman' not found.
findfont: Font family 'Times New Roman' not found.
findfont: Font family 'Times New Roman' not found.
findfont: Font family 'Times New Roman' not found.
findfont: Font family 'Times New Roman' not found.
findfont: Font family 'Times New Roman' not found.
findfont: Font family 'Times New Roman' not found.
findfont: Font family 'Times New Roman' not found.
findfont: Font family 'Times New Roman' not found.
findfont: Font family 'Times New Roman' not found.
findfont: Font family 'Times New Roman' not found.
findfont: Font family 'Times New Roman' not found.
findfont: Font family 'Times New Roman' not found.
findfont: Font family 'Times New Roman' not found.
findfont: Font family 'Times New Roman' not found.
findfont: Font family 'Times New Roman' not found.
findfont: Font family 'Times New Roman' not found.
findfont: Font family 'Times New Roman' not found.
findfont: Font family 'Times New Roman' not found.
findfont: Font family 'Times New Roman' not found.
findfont: Font family 'Times New Roman' not found.
findfont: Font family 'Times New Roman' not found.
findfont: Font family 'Times New Roman' not found.
findfont: Font family 'Times New Roman' not found.
findfont: Font family 'Times New Roman' not found.
findfont: Font family 'Times New Roman' not found.
findfont: Font family 'Times New Roman' not found.
findfont: Font family 'Times New Roman' not found.
findfont: Font family 'Times New Roman' not found.
findfont: Font family 'Times New Roman' not found.
findfont: Font family 'Times New Roman' not found.
findfont: Font family 'Times New Roman' not found.
findfont: Font family 'Times New Roman' not found.
findfont: Font family 'Times New Roman' not found.
findfont: Font family 'Times New Roman' not found.
findfont: Font family 'Times New Roman' not found.
findfont: Font family 'Times New Roman' not found.
findfont: Font family 'Times New Roman' not found.
findfont: Font family 'Times New Roman' not found.
findfont: Font family 'Times New Roman' not found.
findfont: Font family 'Times New Roman' not found.
findfont: Font family 'Times New Roman' not found.
findfont: Font family 'Times New Roman' not found.
findfont: Font family 'Times New Roman' not found.
findfont: Font family 'Times New Roman' not found.
findfont: Font family 'Times New Roman' not found.
findfont: Font family 'Times New Roman' not found.
findfont: Font family 'Times New Roman' not found.
findfont: Font family 'Times New Roman' not found.
findfont: Font family 'Times New Roman' not found.
findfont: Font family 'Times New Roman' not found.
findfont: Font family 'Times New Roman' not found.
findfont: Font family 'Times New Roman' not found.
findfont: Font family 'Times New Roman' not found.
findfont: Font family 'Times New Roman' not found.
findfont: Font family 'Times New Roman' not found.
findfont: Font family 'Times New Roman' not found.
findfont: Font family 'Times New Roman' not found.
findfont: Font family 'Times New Roman' not found.
findfont: Font family 'Times New Roman' not found.
findfont: Font family 'Times New Roman' not found.
findfont: Font family 'Times New Roman' not found.
findfont: Font family 'Times New Roman' not found.
findfont: Font family 'Times New Roman' not found.
findfont: Font family 'Times New Roman' not found.
findfont: Font family 'Times New Roman' not found.
findfont: Font family 'Times New Roman' not found.
findfont: Font family 'Times New Roman' not found.
findfont: Font family 'Times New Roman' not found.
findfont: Font family 'Times New Roman' not found.
findfont: Font family 'Times New Roman' not found.
findfont: Font family 'Times New Roman' not found.
findfont: Font family 'Times New Roman' not found.
findfont: Font family 'Times New Roman' not found.
findfont: Font family 'Times New Roman' not found.
findfont: Font family 'Times New Roman' not found.
findfont: Font family 'Times New Roman' not found.
findfont: Font family 'Times New Roman' not found.
findfont: Font family 'Times New Roman' not found.
findfont: Font family 'Times New Roman' not found.
findfont: Font family 'Times New Roman' not found.
findfont: Font family 'Times New Roman' not found.
findfont: Font family 'Times New Roman' not found.
findfont: Font family 'Times New Roman' not found.
findfont: Font family 'Times New Roman' not found.
findfont: Font family 'Times New Roman' not found.
findfont: Font family 'Times New Roman' not found.
findfont: Font family 'Times New Roman' not found.
findfont: Font family 'Times New Roman' not found.
findfont: Font family 'Times New Roman' not found.
findfont: Font family 'Times New Roman' not found.
findfont: Font family 'Times New Roman' not found.
findfont: Font family 'Times New Roman' not found.
findfont: Font family 'Times New Roman' not found.
findfont: Font family 'Times New Roman' not found.
findfont: Font family 'Times New Roman' not found.
findfont: Font family 'Times New Roman' not found.
findfont: Font family 'Times New Roman' not found.
findfont: Font family 'Times New Roman' not found.
findfont: Font family 'Times New Roman' not found.
findfont: Font family 'Times New Roman' not found.
findfont: Font family 'Times New Roman' not found.
findfont: Font family 'Times New Roman' not found.
findfont: Font family 'Times New Roman' not found.
findfont: Font family 'Times New Roman' not found.
findfont: Font family 'Times New Roman' not found.
findfont: Font family 'Times New Roman' not found.
findfont: Font family 'Times New Roman' not found.
findfont: Font family 'Times New Roman' not found.
findfont: Font family 'Times New Roman' not found.
findfont: Font family 'Times New Roman' not found.
findfont: Font family 'Times New Roman' not found.
findfont: Font family 'Times New Roman' not found.
findfont: Font family 'Times New Roman' not found.
findfont: Font family 'Times New Roman' not found.
findfont: Font family 'Times New Roman' not found.
findfont: Font family 'Times New Roman' not found.
findfont: Font family 'Times New Roman' not found.
findfont: Font family 'Times New Roman' not found.
findfont: Font family 'Times New Roman' not found.
findfont: Font family 'Times New Roman' not found.
findfont: Font family 'Times New Roman' not found.
findfont: Font family 'Times New Roman' not found.
findfont: Font family 'Times New Roman' not found.
findfont: Font family 'Times New Roman' not found.
findfont: Font family 'Times New Roman' not found.
findfont: Font family 'Times New Roman' not found.
findfont: Font family 'Times New Roman' not found.
findfont: Font family 'Times New Roman' not found.
findfont: Font family 'Times New Roman' not found.
findfont: Font family 'Times New Roman' not found.
findfont: Font family 'Times New Roman' not found.
findfont: Font family 'Times New Roman' not found.
findfont: Font family 'Times New Roman' not found.
findfont: Font family 'Times New Roman' not found.
findfont: Font family 'Times New Roman' not found.
findfont: Font family 'Times New Roman' not found.
findfont: Font family 'Times New Roman' not found.
findfont: Font family 'Times New Roman' not found.
findfont: Font family 'Times New Roman' not found.
findfont: Font family 'Times New Roman' not found.
findfont: Font family 'Times New Roman' not found.
findfont: Font family 'Times New Roman' not found.
findfont: Font family 'Times New Roman' not found.
findfont: Font family 'Times New Roman' not found.
findfont: Font family 'Times New Roman' not found.
findfont: Font family 'Times New Roman' not found.
findfont: Font family 'Times New Roman' not found.
findfont: Font family 'Times New Roman' not found.
findfont: Font family 'Times New Roman' not found.
findfont: Font family 'Times New Roman' not found.
findfont: Font family 'Times New Roman' not found.
findfont: Font family 'Times New Roman' not found.
findfont: Font family 'Times New Roman' not found.
findfont: Font family 'Times New Roman' not found.
findfont: Font family 'Times New Roman' not found.
findfont: Font family 'Times New Roman' not found.
findfont: Font family 'Times New Roman' not found.
findfont: Font family 'Times New Roman' not found.
findfont: Font family 'Times New Roman' not found.
findfont: Font family 'Times New Roman' not found.
findfont: Font family 'Times New Roman' not found.
findfont: Font family 'Times New Roman' not found.
findfont: Font family 'Times New Roman' not found.
findfont: Font family 'Times New Roman' not found.
findfont: Font family 'Times New Roman' not found.
findfont: Font family 'Times New Roman' not found.
findfont: Font family 'Times New Roman' not found.
findfont: Font family 'Times New Roman' not found.
findfont: Font family 'Times New Roman' not found.
findfont: Font family 'Times New Roman' not found.
findfont: Font family 'Times New Roman' not found.
findfont: Font family 'Times New Roman' not found.
findfont: Font family 'Times New Roman' not found.
findfont: Font family 'Times New Roman' not found.
findfont: Font family 'Times New Roman' not found.
findfont: Font family 'Times New Roman' not found.
findfont: Font family 'Times New Roman' not found.
findfont: Font family 'Times New Roman' not found.
findfont: Font family 'Times New Roman' not found.
findfont: Font family 'Times New Roman' not found.
findfont: Font family 'Times New Roman' not found.
findfont: Font family 'Times New Roman' not found.
findfont: Font family 'Times New Roman' not found.
findfont: Font family 'Times New Roman' not found.
findfont: Font family 'Times New Roman' not found.
findfont: Font family 'Times New Roman' not found.
findfont: Font family 'Times New Roman' not found.
findfont: Font family 'Times New Roman' not found.
findfont: Font family 'Times New Roman' not found.
findfont: Font family 'Times New Roman' not found.
findfont: Font family 'Times New Roman' not found.
findfont: Font family 'Times New Roman' not found.
findfont: Font family 'Times New Roman' not found.
findfont: Font family 'Times New Roman' not found.
findfont: Font family 'Times New Roman' not found.
findfont: Font family 'Times New Roman' not found.
findfont: Font family 'Times New Roman' not found.
findfont: Font family 'Times New Roman' not found.
findfont: Font family 'Times New Roman' not found.
findfont: Font family 'Times New Roman' not found.
findfont: Font family 'Times New Roman' not found.
findfont: Font family 'Times New Roman' not found.
findfont: Font family 'Times New Roman' not found.
findfont: Font family 'Times New Roman' not found.
findfont: Font family 'Times New Roman' not found.
findfont: Font family 'Times New Roman' not found.
findfont: Font family 'Times New Roman' not found.
findfont: Font family 'Times New Roman' not found.
findfont: Font family 'Times New Roman' not found.
findfont: Font family 'Times New Roman' not found.
findfont: Font family 'Times New Roman' not found.
findfont: Font family 'Times New Roman' not found.
findfont: Font family 'Times New Roman' not found.
findfont: Font family 'Times New Roman' not found.
findfont: Font family 'Times New Roman' not found.
findfont: Font family 'Times New Roman' not found.
findfont: Font family 'Times New Roman' not found.
findfont: Font family 'Times New Roman' not found.
findfont: Font family 'Times New Roman' not found.
findfont: Font family 'Times New Roman' not found.
findfont: Font family 'Times New Roman' not found.
findfont: Font family 'Times New Roman' not found.
findfont: Font family 'Times New Roman' not found.
findfont: Font family 'Times New Roman' not found.
findfont: Font family 'Times New Roman' not found.
findfont: Font family 'Times New Roman' not found.
findfont: Font family 'Times New Roman' not found.
findfont: Font family 'Times New Roman' not found.
findfont: Font family 'Times New Roman' not found.
findfont: Font family 'Times New Roman' not found.
findfont: Font family 'Times New Roman' not found.
findfont: Font family 'Times New Roman' not found.
findfont: Font family 'Times New Roman' not found.
findfont: Font family 'Times New Roman' not found.
findfont: Font family 'Times New Roman' not found.
findfont: Font family 'Times New Roman' not found.
findfont: Font family 'Times New Roman' not found.
findfont: Font family 'Times New Roman' not found.
findfont: Font family 'Times New Roman' not found.
findfont: Font family 'Times New Roman' not found.
findfont: Font family 'Times New Roman' not found.
findfont: Font family 'Times New Roman' not found.
findfont: Font family 'Times New Roman' not found.
findfont: Font family 'Times New Roman' not found.
findfont: Font family 'Times New Roman' not found.
findfont: Font family 'Times New Roman' not found.
findfont: Font family 'Times New Roman' not found.
findfont: Font family 'Times New Roman' not found.
findfont: Font family 'Times New Roman' not found.
findfont: Font family 'Times New Roman' not found.
findfont: Font family 'Times New Roman' not found.
findfont: Font family 'Times New Roman' not found.
findfont: Font family 'Times New Roman' not found.
findfont: Font family 'Times New Roman' not found.
findfont: Font family 'Times New Roman' not found.
findfont: Font family 'Times New Roman' not found.
findfont: Font family 'Times New Roman' not found.
findfont: Font family 'Times New Roman' not found.
findfont: Font family 'Times New Roman' not found.
findfont: Font family 'Times New Roman' not found.
findfont: Font family 'Times New Roman' not found.
findfont: Font family 'Times New Roman' not found.
findfont: Font family 'Times New Roman' not found.
findfont: Font family 'Times New Roman' not found.
findfont: Font family 'Times New Roman' not found.
findfont: Font family 'Times New Roman' not found.
findfont: Font family 'Times New Roman' not found.
findfont: Font family 'Times New Roman' not found.
findfont: Font family 'Times New Roman' not found.
findfont: Font family 'Times New Roman' not found.
findfont: Font family 'Times New Roman' not found.
findfont: Font family 'Times New Roman' not found.
findfont: Font family 'Times New Roman' not found.
findfont: Font family 'Times New Roman' not found.
findfont: Font family 'Times New Roman' not found.
findfont: Font family 'Times New Roman' not found.
findfont: Font family 'Times New Roman' not found.
findfont: Font family 'Times New Roman' not found.
findfont: Font family 'Times New Roman' not found.
findfont: Font family 'Times New Roman' not found.
findfont: Font family 'Times New Roman' not found.
findfont: Font family 'Times New Roman' not found.
findfont: Font family 'Times New Roman' not found.
findfont: Font family 'Times New Roman' not found.
findfont: Font family 'Times New Roman' not found.
findfont: Font family 'Times New Roman' not found.
findfont: Font family 'Times New Roman' not found.
findfont: Font family 'Times New Roman' not found.
findfont: Font family 'Times New Roman' not found.
findfont: Font family 'Times New Roman' not found.
findfont: Font family 'Times New Roman' not found.
findfont: Font family 'Times New Roman' not found.
findfont: Font family 'Times New Roman' not found.
findfont: Font family 'Times New Roman' not found.
findfont: Font family 'Times New Roman' not found.
findfont: Font family 'Times New Roman' not found.
findfont: Font family 'Times New Roman' not found.
findfont: Font family 'Times New Roman' not found.
findfont: Font family 'Times New Roman' not found.
findfont: Font family 'Times New Roman' not found.
findfont: Font family 'Times New Roman' not found.
findfont: Font family 'Times New Roman' not found.
findfont: Font family 'Times New Roman' not found.
findfont: Font family 'Times New Roman' not found.
findfont: Font family 'Times New Roman' not found.
findfont: Font family 'Times New Roman' not found.
findfont: Font family 'Times New Roman' not found.
findfont: Font family 'Times New Roman' not found.
findfont: Font family 'Times New Roman' not found.
findfont: Font family 'Times New Roman' not found.
findfont: Font family 'Times New Roman' not found.
findfont: Font family 'Times New Roman' not found.
findfont: Font family 'Times New Roman' not found.
findfont: Font family 'Times New Roman' not found.
findfont: Font family 'Times New Roman' not found.
findfont: Font family 'Times New Roman' not found.
findfont: Font family 'Times New Roman' not found.
findfont: Font family 'Times New Roman' not found.
findfont: Font family 'Times New Roman' not found.
findfont: Font family 'Times New Roman' not found.
findfont: Font family 'Times New Roman' not found.
findfont: Font family 'Times New Roman' not found.
findfont: Font family 'Times New Roman' not found.
findfont: Font family 'Times New Roman' not found.
findfont: Font family 'Times New Roman' not found.
findfont: Font family 'Times New Roman' not found.
findfont: Font family 'Times New Roman' not found.
findfont: Font family 'Times New Roman' not found.
findfont: Font family 'Times New Roman' not found.
findfont: Font family 'Times New Roman' not found.
findfont: Font family 'Times New Roman' not found.
findfont: Font family 'Times New Roman' not found.
findfont: Font family 'Times New Roman' not found.
findfont: Font family 'Times New Roman' not found.
findfont: Font family 'Times New Roman' not found.
findfont: Font family 'Times New Roman' not found.
findfont: Font family 'Times New Roman' not found.
findfont: Font family 'Times New Roman' not found.
findfont: Font family 'Times New Roman' not found.
findfont: Font family 'Times New Roman' not found.
findfont: Font family 'Times New Roman' not found.
findfont: Font family 'Times New Roman' not found.
findfont: Font family 'Times New Roman' not found.
findfont: Font family 'Times New Roman' not found.
findfont: Font family 'Times New Roman' not found.
findfont: Font family 'Times New Roman' not found.
findfont: Font family 'Times New Roman' not found.
findfont: Font family 'Times New Roman' not found.
findfont: Font family 'Times New Roman' not found.
findfont: Font family 'Times New Roman' not found.
findfont: Font family 'Times New Roman' not found.
findfont: Font family 'Times New Roman' not found.
findfont: Font family 'Times New Roman' not found.
findfont: Font family 'Times New Roman' not found.
findfont: Font family 'Times New Roman' not found.
findfont: Font family 'Times New Roman' not found.
findfont: Font family 'Times New Roman' not found.
findfont: Font family 'Times New Roman' not found.
findfont: Font family 'Times New Roman' not found.
findfont: Font family 'Times New Roman' not found.
findfont: Font family 'Times New Roman' not found.
findfont: Font family 'Times New Roman' not found.
findfont: Font family 'Times New Roman' not found.
findfont: Font family 'Times New Roman' not found.
findfont: Font family 'Times New Roman' not found.
findfont: Font family 'Times New Roman' not found.
findfont: Font family 'Times New Roman' not found.
findfont: Font family 'Times New Roman' not found.
findfont: Font family 'Times New Roman' not found.
findfont: Font family 'Times New Roman' not found.
findfont: Font family 'Times New Roman' not found.
findfont: Font family 'Times New Roman' not found.
findfont: Font family 'Times New Roman' not found.
findfont: Font family 'Times New Roman' not found.
findfont: Font family 'Times New Roman' not found.
findfont: Font family 'Times New Roman' not found.
findfont: Font family 'Times New Roman' not found.
findfont: Font family 'Times New Roman' not found.
findfont: Font family 'Times New Roman' not found.
findfont: Font family 'Times New Roman' not found.
findfont: Font family 'Times New Roman' not found.
findfont: Font family 'Times New Roman' not found.
findfont: Font family 'Times New Roman' not found.
findfont: Font family 'Times New Roman' not found.
findfont: Font family 'Times New Roman' not found.
findfont: Font family 'Times New Roman' not found.
findfont: Font family 'Times New Roman' not found.
findfont: Font family 'Times New Roman' not found.
findfont: Font family 'Times New Roman' not found.
findfont: Font family 'Times New Roman' not found.
findfont: Font family 'Times New Roman' not found.
findfont: Font family 'Times New Roman' not found.
findfont: Font family 'Times New Roman' not found.
findfont: Font family 'Times New Roman' not found.
findfont: Font family 'Times New Roman' not found.
findfont: Font family 'Times New Roman' not found.
findfont: Font family 'Times New Roman' not found.
findfont: Font family 'Times New Roman' not found.
findfont: Font family 'Times New Roman' not found.
findfont: Font family 'Times New Roman' not found.
findfont: Font family 'Times New Roman' not found.
findfont: Font family 'Times New Roman' not found.
findfont: Font family 'Times New Roman' not found.
findfont: Font family 'Times New Roman' not found.
findfont: Font family 'Times New Roman' not found.
findfont: Font family 'Times New Roman' not found.
findfont: Font family 'Times New Roman' not found.
findfont: Font family 'Times New Roman' not found.
findfont: Font family 'Times New Roman' not found.
findfont: Font family 'Times New Roman' not found.
findfont: Font family 'Times New Roman' not found.
findfont: Font family 'Times New Roman' not found.
findfont: Font family 'Times New Roman' not found.
findfont: Font family 'Times New Roman' not found.
findfont: Font family 'Times New Roman' not found.
findfont: Font family 'Times New Roman' not found.
findfont: Font family 'Times New Roman' not found.
findfont: Font family 'Times New Roman' not found.
findfont: Font family 'Times New Roman' not found.
findfont: Font family 'Times New Roman' not found.
findfont: Font family 'Times New Roman' not found.
findfont: Font family 'Times New Roman' not found.
findfont: Font family 'Times New Roman' not found.
findfont: Font family 'Times New Roman' not found.
findfont: Font family 'Times New Roman' not found.
findfont: Font family 'Times New Roman' not found.
findfont: Font family 'Times New Roman' not found.
findfont: Font family 'Times New Roman' not found.
findfont: Font family 'Times New Roman' not found.
findfont: Font family 'Times New Roman' not found.
findfont: Font family 'Times New Roman' not found.
findfont: Font family 'Times New Roman' not found.
findfont: Font family 'Times New Roman' not found.
findfont: Font family 'Times New Roman' not found.
findfont: Font family 'Times New Roman' not found.
findfont: Font family 'Times New Roman' not found.
findfont: Font family 'Times New Roman' not found.
findfont: Font family 'Times New Roman' not found.
findfont: Font family 'Times New Roman' not found.
findfont: Font family 'Times New Roman' not found.
findfont: Font family 'Times New Roman' not found.
findfont: Font family 'Times New Roman' not found.
findfont: Font family 'Times New Roman' not found.
findfont: Font family 'Times New Roman' not found.
findfont: Font family 'Times New Roman' not found.
findfont: Font family 'Times New Roman' not found.
findfont: Font family 'Times New Roman' not found.
findfont: Font family 'Times New Roman' not found.
findfont: Font family 'Times New Roman' not found.
findfont: Font family 'Times New Roman' not found.
findfont: Font family 'Times New Roman' not found.
findfont: Font family 'Times New Roman' not found.
findfont: Font family 'Times New Roman' not found.
findfont: Font family 'Times New Roman' not found.
findfont: Font family 'Times New Roman' not found.
findfont: Font family 'Times New Roman' not found.
findfont: Font family 'Times New Roman' not found.
findfont: Font family 'Times New Roman' not found.
findfont: Font family 'Times New Roman' not found.
findfont: Font family 'Times New Roman' not found.
findfont: Font family 'Times New Roman' not found.
findfont: Font family 'Times New Roman' not found.
findfont: Font family 'Times New Roman' not found.
findfont: Font family 'Times New Roman' not found.
findfont: Font family 'Times New Roman' not found.
findfont: Font family 'Times New Roman' not found.
findfont: Font family 'Times New Roman' not found.
findfont: Font family 'Times New Roman' not found.
findfont: Font family 'Times New Roman' not found.
findfont: Font family 'Times New Roman' not found.
findfont: Font family 'Times New Roman' not found.
findfont: Font family 'Times New Roman' not found.
findfont: Font family 'Times New Roman' not found.
findfont: Font family 'Times New Roman' not found.
findfont: Font family 'Times New Roman' not found.
findfont: Font family 'Times New Roman' not found.
findfont: Font family 'Times New Roman' not found.
findfont: Font family 'Times New Roman' not found.
findfont: Font family 'Times New Roman' not found.
findfont: Font family 'Times New Roman' not found.
findfont: Font family 'Times New Roman' not found.
findfont: Font family 'Times New Roman' not found.
findfont: Font family 'Times New Roman' not found.
findfont: Font family 'Times New Roman' not found.
findfont: Font family 'Times New Roman' not found.
findfont: Font family 'Times New Roman' not found.
findfont: Font family 'Times New Roman' not found.
findfont: Font family 'Times New Roman' not found.
findfont: Font family 'Times New Roman' not found.
findfont: Font family 'Times New Roman' not found.
findfont: Font family 'Times New Roman' not found.
findfont: Font family 'Times New Roman' not found.
findfont: Font family 'Times New Roman' not found.
findfont: Font family 'Times New Roman' not found.
findfont: Font family 'Times New Roman' not found.
findfont: Font family 'Times New Roman' not found.
findfont: Font family 'Times New Roman' not found.
findfont: Font family 'Times New Roman' not found.
findfont: Font family 'Times New Roman' not found.
findfont: Font family 'Times New Roman' not found.
findfont: Font family 'Times New Roman' not found.
findfont: Font family 'Times New Roman' not found.
findfont: Font family 'Times New Roman' not found.
findfont: Font family 'Times New Roman' not found.
findfont: Font family 'Times New Roman' not found.
findfont: Font family 'Times New Roman' not found.
findfont: Font family 'Times New Roman' not found.
findfont: Font family 'Times New Roman' not found.
findfont: Font family 'Times New Roman' not found.
findfont: Font family 'Times New Roman' not found.
findfont: Font family 'Times New Roman' not found.
findfont: Font family 'Times New Roman' not found.
findfont: Font family 'Times New Roman' not found.
findfont: Font family 'Times New Roman' not found.
findfont: Font family 'Times New Roman' not found.
findfont: Font family 'Times New Roman' not found.
findfont: Font family 'Times New Roman' not found.
findfont: Font family 'Times New Roman' not found.
findfont: Font family 'Times New Roman' not found.
findfont: Font family 'Times New Roman' not found.
findfont: Font family 'Times New Roman' not found.
findfont: Font family 'Times New Roman' not found.
findfont: Font family 'Times New Roman' not found.
findfont: Font family 'Times New Roman' not found.
findfont: Font family 'Times New Roman' not found.
findfont: Font family 'Times New Roman' not found.
findfont: Font family 'Times New Roman' not found.
findfont: Font family 'Times New Roman' not found.
findfont: Font family 'Times New Roman' not found.
findfont: Font family 'Times New Roman' not found.
findfont: Font family 'Times New Roman' not found.
findfont: Font family 'Times New Roman' not found.
findfont: Font family 'Times New Roman' not found.
findfont: Font family 'Times New Roman' not found.
findfont: Font family 'Times New Roman' not found.
findfont: Font family 'Times New Roman' not found.
findfont: Font family 'Times New Roman' not found.
findfont: Font family 'Times New Roman' not found.
findfont: Font family 'Times New Roman' not found.
findfont: Font family 'Times New Roman' not found.
findfont: Font family 'Times New Roman' not found.
findfont: Font family 'Times New Roman' not found.
findfont: Font family 'Times New Roman' not found.
findfont: Font family 'Times New Roman' not found.
findfont: Font family 'Times New Roman' not found.
findfont: Font family 'Times New Roman' not found.
findfont: Font family 'Times New Roman' not found.
findfont: Font family 'Times New Roman' not found.
findfont: Font family 'Times New Roman' not found.
findfont: Font family 'Times New Roman' not found.
findfont: Font family 'Times New Roman' not found.
findfont: Font family 'Times New Roman' not found.
findfont: Font family 'Times New Roman' not found.
findfont: Font family 'Times New Roman' not found.
findfont: Font family 'Times New Roman' not found.
findfont: Font family 'Times New Roman' not found.
findfont: Font family 'Times New Roman' not found.
findfont: Font family 'Times New Roman' not found.
findfont: Font family 'Times New Roman' not found.
findfont: Font family 'Times New Roman' not found.
findfont: Font family 'Times New Roman' not found.
findfont: Font family 'Times New Roman' not found.
findfont: Font family 'Times New Roman' not found.
findfont: Font family 'Times New Roman' not found.
findfont: Font family 'Times New Roman' not found.
findfont: Font family 'Times New Roman' not found.
findfont: Font family 'Times New Roman' not found.
findfont: Font family 'Times New Roman' not found.
findfont: Font family 'Times New Roman' not found.
findfont: Font family 'Times New Roman' not found.
findfont: Font family 'Times New Roman' not found.
findfont: Font family 'Times New Roman' not found.
findfont: Font family 'Times New Roman' not found.
findfont: Font family 'Times New Roman' not found.
findfont: Font family 'Times New Roman' not found.
findfont: Font family 'Times New Roman' not found.
findfont: Font family 'Times New Roman' not found.
findfont: Font family 'Times New Roman' not found.
findfont: Font family 'Times New Roman' not found.
findfont: Font family 'Times New Roman' not found.
findfont: Font family 'Times New Roman' not found.
findfont: Font family 'Times New Roman' not found.
findfont: Font family 'Times New Roman' not found.
findfont: Font family 'Times New Roman' not found.
findfont: Font family 'Times New Roman' not found.
findfont: Font family 'Times New Roman' not found.
findfont: Font family 'Times New Roman' not found.
findfont: Font family 'Times New Roman' not found.
findfont: Font family 'Times New Roman' not found.
findfont: Font family 'Times New Roman' not found.
findfont: Font family 'Times New Roman' not found.
findfont: Font family 'Times New Roman' not found.
findfont: Font family 'Times New Roman' not found.
findfont: Font family 'Times New Roman' not found.
findfont: Font family 'Times New Roman' not found.
findfont: Font family 'Times New Roman' not found.
findfont: Font family 'Times New Roman' not found.
findfont: Font family 'Times New Roman' not found.
findfont: Font family 'Times New Roman' not found.
findfont: Font family 'Times New Roman' not found.
findfont: Font family 'Times New Roman' not found.
findfont: Font family 'Times New Roman' not found.
findfont: Font family 'Times New Roman' not found.
findfont: Font family 'Times New Roman' not found.
findfont: Font family 'Times New Roman' not found.
findfont: Font family 'Times New Roman' not found.
findfont: Font family 'Times New Roman' not found.
findfont: Font family 'Times New Roman' not found.
findfont: Font family 'Times New Roman' not found.
findfont: Font family 'Times New Roman' not found.
findfont: Font family 'Times New Roman' not found.
findfont: Font family 'Times New Roman' not found.
findfont: Font family 'Times New Roman' not found.
findfont: Font family 'Times New Roman' not found.
findfont: Font family 'Times New Roman' not found.
findfont: Font family 'Times New Roman' not found.
findfont: Font family 'Times New Roman' not found.
findfont: Font family 'Times New Roman' not found.
findfont: Font family 'Times New Roman' not found.
findfont: Font family 'Times New Roman' not found.
findfont: Font family 'Times New Roman' not found.
findfont: Font family 'Times New Roman' not found.
findfont: Font family 'Times New Roman' not found.
findfont: Font family 'Times New Roman' not found.
findfont: Font family 'Times New Roman' not found.
findfont: Font family 'Times New Roman' not found.
findfont: Font family 'Times New Roman' not found.
findfont: Font family 'Times New Roman' not found.
findfont: Font family 'Times New Roman' not found.
findfont: Font family 'Times New Roman' not found.
findfont: Font family 'Times New Roman' not found.
findfont: Font family 'Times New Roman' not found.
findfont: Font family 'Times New Roman' not found.
findfont: Font family 'Times New Roman' not found.
findfont: Font family 'Times New Roman' not found.
findfont: Font family 'Times New Roman' not found.
findfont: Font family 'Times New Roman' not found.
findfont: Font family 'Times New Roman' not found.
findfont: Font family 'Times New Roman' not found.
findfont: Font family 'Times New Roman' not found.
findfont: Font family 'Times New Roman' not found.
findfont: Font family 'Times New Roman' not found.
findfont: Font family 'Times New Roman' not found.
findfont: Font family 'Times New Roman' not found.
findfont: Font family 'Times New Roman' not found.
findfont: Font family 'Times New Roman' not found.
findfont: Font family 'Times New Roman' not found.
findfont: Font family 'Times New Roman' not found.
findfont: Font family 'Times New Roman' not found.
findfont: Font family 'Times New Roman' not found.
findfont: Font family 'Times New Roman' not found.
findfont: Font family 'Times New Roman' not found.
findfont: Font family 'Times New Roman' not found.
findfont: Font family 'Times New Roman' not found.
findfont: Font family 'Times New Roman' not found.
findfont: Font family 'Times New Roman' not found.
findfont: Font family 'Times New Roman' not found.
findfont: Font family 'Times New Roman' not found.
findfont: Font family 'Times New Roman' not found.
findfont: Font family 'Times New Roman' not found.
findfont: Font family 'Times New Roman' not found.
findfont: Font family 'Times New Roman' not found.
findfont: Font family 'Times New Roman' not found.
findfont: Font family 'Times New Roman' not found.
findfont: Font family 'Times New Roman' not found.
findfont: Font family 'Times New Roman' not found.
findfont: Font family 'Times New Roman' not found.
findfont: Font family 'Times New Roman' not found.
findfont: Font family 'Times New Roman' not found.
findfont: Font family 'Times New Roman' not found.
findfont: Font family 'Times New Roman' not found.
findfont: Font family 'Times New Roman' not found.
findfont: Font family 'Times New Roman' not found.
findfont: Font family 'Times New Roman' not found.
findfont: Font family 'Times New Roman' not found.
findfont: Font family 'Times New Roman' not found.
findfont: Font family 'Times New Roman' not found.
findfont: Font family 'Times New Roman' not found.
findfont: Font family 'Times New Roman' not found.
findfont: Font family 'Times New Roman' not found.
findfont: Font family 'Times New Roman' not found.
findfont: Font family 'Times New Roman' not found.
findfont: Font family 'Times New Roman' not found.
findfont: Font family 'Times New Roman' not found.
findfont: Font family 'Times New Roman' not found.
findfont: Font family 'Times New Roman' not found.
findfont: Font family 'Times New Roman' not found.
findfont: Font family 'Times New Roman' not found.
findfont: Font family 'Times New Roman' not found.
findfont: Font family 'Times New Roman' not found.
findfont: Font family 'Times New Roman' not found.
findfont: Font family 'Times New Roman' not found.
findfont: Font family 'Times New Roman' not found.
findfont: Font family 'Times New Roman' not found.
findfont: Font family 'Times New Roman' not found.
findfont: Font family 'Times New Roman' not found.
findfont: Font family 'Times New Roman' not found.
findfont: Font family 'Times New Roman' not found.
findfont: Font family 'Times New Roman' not found.
findfont: Font family 'Times New Roman' not found.
findfont: Font family 'Times New Roman' not found.
findfont: Font family 'Times New Roman' not found.
findfont: Font family 'Times New Roman' not found.
findfont: Font family 'Times New Roman' not found.
findfont: Font family 'Times New Roman' not found.
findfont: Font family 'Times New Roman' not found.
findfont: Font family 'Times New Roman' not found.
findfont: Font family 'Times New Roman' not found.
findfont: Font family 'Times New Roman' not found.
findfont: Font family 'Times New Roman' not found.
findfont: Font family 'Times New Roman' not found.
findfont: Font family 'Times New Roman' not found.
findfont: Font family 'Times New Roman' not found.
findfont: Font family 'Times New Roman' not found.
findfont: Font family 'Times New Roman' not found.
findfont: Font family 'Times New Roman' not found.
findfont: Font family 'Times New Roman' not found.
findfont: Font family 'Times New Roman' not found.
findfont: Font family 'Times New Roman' not found.
findfont: Font family 'Times New Roman' not found.
findfont: Font family 'Times New Roman' not found.
findfont: Font family 'Times New Roman' not found.
findfont: Font family 'Times New Roman' not found.
findfont: Font family 'Times New Roman' not found.
findfont: Font family 'Times New Roman' not found.
findfont: Font family 'Times New Roman' not found.
findfont: Font family 'Times New Roman' not found.
findfont: Font family 'Times New Roman' not found.
findfont: Font family 'Times New Roman' not found.
findfont: Font family 'Times New Roman' not found.
findfont: Font family 'Times New Roman' not found.
findfont: Font family 'Times New Roman' not found.
findfont: Font family 'Times New Roman' not found.
findfont: Font family 'Times New Roman' not found.
findfont: Font family 'Times New Roman' not found.
findfont: Font family 'Times New Roman' not found.
findfont: Font family 'Times New Roman' not found.
findfont: Font family 'Times New Roman' not found.
findfont: Font family 'Times New Roman' not found.
findfont: Font family 'Times New Roman' not found.
findfont: Font family 'Times New Roman' not found.
findfont: Font family 'Times New Roman' not found.
findfont: Font family 'Times New Roman' not found.
findfont: Font family 'Times New Roman' not found.
findfont: Font family 'Times New Roman' not found.
findfont: Font family 'Times New Roman' not found.
findfont: Font family 'Times New Roman' not found.
findfont: Font family 'Times New Roman' not found.
findfont: Font family 'Times New Roman' not found.
findfont: Font family 'Times New Roman' not found.
findfont: Font family 'Times New Roman' not found.
findfont: Font family 'Times New Roman' not found.
findfont: Font family 'Times New Roman' not found.
findfont: Font family 'Times New Roman' not found.
findfont: Font family 'Times New Roman' not found.
findfont: Font family 'Times New Roman' not found.
findfont: Font family 'Times New Roman' not found.
findfont: Font family 'Times New Roman' not found.
findfont: Font family 'Times New Roman' not found.
findfont: Font family 'Times New Roman' not found.
findfont: Font family 'Times New Roman' not found.
findfont: Font family 'Times New Roman' not found.
findfont: Font family 'Times New Roman' not found.
findfont: Font family 'Times New Roman' not found.
findfont: Font family 'Times New Roman' not found.
findfont: Font family 'Times New Roman' not found.
findfont: Font family 'Times New Roman' not found.
findfont: Font family 'Times New Roman' not found.
findfont: Font family 'Times New Roman' not found.
findfont: Font family 'Times New Roman' not found.
findfont: Font family 'Times New Roman' not found.
findfont: Font family 'Times New Roman' not found.
findfont: Font family 'Times New Roman' not found.
findfont: Font family 'Times New Roman' not found.
findfont: Font family 'Times New Roman' not found.
findfont: Font family 'Times New Roman' not found.
findfont: Font family 'Times New Roman' not found.
findfont: Font family 'Times New Roman' not found.
findfont: Font family 'Times New Roman' not found.
findfont: Font family 'Times New Roman' not found.
findfont: Font family 'Times New Roman' not found.
findfont: Font family 'Times New Roman' not found.
findfont: Font family 'Times New Roman' not found.
findfont: Font family 'Times New Roman' not found.
findfont: Font family 'Times New Roman' not found.
findfont: Font family 'Times New Roman' not found.
findfont: Font family 'Times New Roman' not found.
findfont: Font family 'Times New Roman' not found.
findfont: Font family 'Times New Roman' not found.
findfont: Font family 'Times New Roman' not found.
findfont: Font family 'Times New Roman' not found.
findfont: Font family 'Times New Roman' not found.
findfont: Font family 'Times New Roman' not found.
findfont: Font family 'Times New Roman' not found.
findfont: Font family 'Times New Roman' not found.
findfont: Font family 'Times New Roman' not found.
findfont: Font family 'Times New Roman' not found.
findfont: Font family 'Times New Roman' not found.
findfont: Font family 'Times New Roman' not found.
findfont: Font family 'Times New Roman' not found.
findfont: Font family 'Times New Roman' not found.
findfont: Font family 'Times New Roman' not found.
findfont: Font family 'Times New Roman' not found.
findfont: Font family 'Times New Roman' not found.
findfont: Font family 'Times New Roman' not found.
findfont: Font family 'Times New Roman' not found.
findfont: Font family 'Times New Roman' not found.
findfont: Font family 'Times New Roman' not found.
findfont: Font family 'Times New Roman' not found.
findfont: Font family 'Times New Roman' not found.
findfont: Font family 'Times New Roman' not found.
findfont: Font family 'Times New Roman' not found.
findfont: Font family 'Times New Roman' not found.
findfont: Font family 'Times New Roman' not found.
findfont: Font family 'Times New Roman' not found.
findfont: Font family 'Times New Roman' not found.
findfont: Font family 'Times New Roman' not found.
findfont: Font family 'Times New Roman' not found.
findfont: Font family 'Times New Roman' not found.
findfont: Font family 'Times New Roman' not found.
findfont: Font family 'Times New Roman' not found.
findfont: Font family 'Times New Roman' not found.
findfont: Font family 'Times New Roman' not found.
findfont: Font family 'Times New Roman' not found.
findfont: Font family 'Times New Roman' not found.
findfont: Font family 'Times New Roman' not found.
findfont: Font family 'Times New Roman' not found.
findfont: Font family 'Times New Roman' not found.
findfont: Font family 'Times New Roman' not found.
findfont: Font family 'Times New Roman' not found.
findfont: Font family 'Times New Roman' not found.
findfont: Font family 'Times New Roman' not found.
findfont: Font family 'Times New Roman' not found.
findfont: Font family 'Times New Roman' not found.
findfont: Font family 'Times New Roman' not found.
findfont: Font family 'Times New Roman' not found.
findfont: Font family 'Times New Roman' not found.
findfont: Font family 'Times New Roman' not found.
findfont: Font family 'Times New Roman' not found.
findfont: Font family 'Times New Roman' not found.
findfont: Font family 'Times New Roman' not found.
findfont: Font family 'Times New Roman' not found.
findfont: Font family 'Times New Roman' not found.
findfont: Font family 'Times New Roman' not found.
findfont: Font family 'Times New Roman' not found.
findfont: Font family 'Times New Roman' not found.
findfont: Font family 'Times New Roman' not found.
findfont: Font family 'Times New Roman' not found.
findfont: Font family 'Times New Roman' not found.
findfont: Font family 'Times New Roman' not found.
findfont: Font family 'Times New Roman' not found.
findfont: Font family 'Times New Roman' not found.
findfont: Font family 'Times New Roman' not found.
findfont: Font family 'Times New Roman' not found.
findfont: Font family 'Times New Roman' not found.
findfont: Font family 'Times New Roman' not found.
findfont: Font family 'Times New Roman' not found.
findfont: Font family 'Times New Roman' not found.
findfont: Font family 'Times New Roman' not found.
findfont: Font family 'Times New Roman' not found.
findfont: Font family 'Times New Roman' not found.
findfont: Font family 'Times New Roman' not found.
findfont: Font family 'Times New Roman' not found.
findfont: Font family 'Times New Roman' not found.
findfont: Font family 'Times New Roman' not found.
findfont: Font family 'Times New Roman' not found.
findfont: Font family 'Times New Roman' not found.
findfont: Font family 'Times New Roman' not found.
findfont: Font family 'Times New Roman' not found.
findfont: Font family 'Times New Roman' not found.
findfont: Font family 'Times New Roman' not found.
findfont: Font family 'Times New Roman' not found.
findfont: Font family 'Times New Roman' not found.
findfont: Font family 'Times New Roman' not found.
findfont: Font family 'Times New Roman' not found.
findfont: Font family 'Times New Roman' not found.
findfont: Font family 'Times New Roman' not found.
findfont: Font family 'Times New Roman' not found.
findfont: Font family 'Times New Roman' not found.
findfont: Font family 'Times New Roman' not found.
findfont: Font family 'Times New Roman' not found.
findfont: Font family 'Times New Roman' not found.
findfont: Font family 'Times New Roman' not found.
findfont: Font family 'Times New Roman' not found.
findfont: Font family 'Times New Roman' not found.
findfont: Font family 'Times New Roman' not found.
findfont: Font family 'Times New Roman' not found.
findfont: Font family 'Times New Roman' not found.
findfont: Font family 'Times New Roman' not found.
findfont: Font family 'Times New Roman' not found.
findfont: Font family 'Times New Roman' not found.
findfont: Font family 'Times New Roman' not found.
findfont: Font family 'Times New Roman' not found.
findfont: Font family 'Times New Roman' not found.
findfont: Font family 'Times New Roman' not found.
findfont: Font family 'Times New Roman' not found.
findfont: Font family 'Times New Roman' not found.
findfont: Font family 'Times New Roman' not found.
findfont: Font family 'Times New Roman' not found.
findfont: Font family 'Times New Roman' not found.
findfont: Font family 'Times New Roman' not found.
findfont: Font family 'Times New Roman' not found.
findfont: Font family 'Times New Roman' not found.
findfont: Font family 'Times New Roman' not found.
findfont: Font family 'Times New Roman' not found.
findfont: Font family 'Times New Roman' not found.
findfont: Font family 'Times New Roman' not found.
findfont: Font family 'Times New Roman' not found.
findfont: Font family 'Times New Roman' not found.
findfont: Font family 'Times New Roman' not found.
findfont: Font family 'Times New Roman' not found.
findfont: Font family 'Times New Roman' not found.
findfont: Font family 'Times New Roman' not found.
findfont: Font family 'Times New Roman' not found.
findfont: Font family 'Times New Roman' not found.
findfont: Font family 'Times New Roman' not found.
findfont: Font family 'Times New Roman' not found.
findfont: Font family 'Times New Roman' not found.
findfont: Font family 'Times New Roman' not found.
findfont: Font family 'Times New Roman' not found.
findfont: Font family 'Times New Roman' not found.
findfont: Font family 'Times New Roman' not found.
findfont: Font family 'Times New Roman' not found.
findfont: Font family 'Times New Roman' not found.
findfont: Font family 'Times New Roman' not found.
findfont: Font family 'Times New Roman' not found.
findfont: Font family 'Times New Roman' not found.
findfont: Font family 'Times New Roman' not found.
findfont: Font family 'Times New Roman' not found.
findfont: Font family 'Times New Roman' not found.
findfont: Font family 'Times New Roman' not found.
findfont: Font family 'Times New Roman' not found.
findfont: Font family 'Times New Roman' not found.
findfont: Font family 'Times New Roman' not found.
findfont: Font family 'Times New Roman' not found.
findfont: Font family 'Times New Roman' not found.
findfont: Font family 'Times New Roman' not found.
findfont: Font family 'Times New Roman' not found.
findfont: Font family 'Times New Roman' not found.
findfont: Font family 'Times New Roman' not found.
findfont: Font family 'Times New Roman' not found.
findfont: Font family 'Times New Roman' not found.
findfont: Font family 'Times New Roman' not found.
findfont: Font family 'Times New Roman' not found.
findfont: Font family 'Times New Roman' not found.
findfont: Font family 'Times New Roman' not found.
findfont: Font family 'Times New Roman' not found.
findfont: Font family 'Times New Roman' not found.
findfont: Font family 'Times New Roman' not found.
findfont: Font family 'Times New Roman' not found.
findfont: Font family 'Times New Roman' not found.
findfont: Font family 'Times New Roman' not found.
findfont: Font family 'Times New Roman' not found.
findfont: Font family 'Times New Roman' not found.
findfont: Font family 'Times New Roman' not found.
findfont: Font family 'Times New Roman' not found.
findfont: Font family 'Times New Roman' not found.
findfont: Font family 'Times New Roman' not found.
findfont: Font family 'Times New Roman' not found.
findfont: Font family 'Times New Roman' not found.
findfont: Font family 'Times New Roman' not found.
findfont: Font family 'Times New Roman' not found.
findfont: Font family 'Times New Roman' not found.
findfont: Font family 'Times New Roman' not found.
findfont: Font family 'Times New Roman' not found.
findfont: Font family 'Times New Roman' not found.
findfont: Font family 'Times New Roman' not found.
findfont: Font family 'Times New Roman' not found.
findfont: Font family 'Times New Roman' not found.
findfont: Font family 'Times New Roman' not found.
findfont: Font family 'Times New Roman' not found.
findfont: Font family 'Times New Roman' not found.
findfont: Font family 'Times New Roman' not found.
findfont: Font family 'Times New Roman' not found.
findfont: Font family 'Times New Roman' not found.
findfont: Font family 'Times New Roman' not found.
findfont: Font family 'Times New Roman' not found.
findfont: Font family 'Times New Roman' not found.
findfont: Font family 'Times New Roman' not found.
findfont: Font family 'Times New Roman' not found.
findfont: Font family 'Times New Roman' not found.
findfont: Font family 'Times New Roman' not found.
findfont: Font family 'Times New Roman' not found.
findfont: Font family 'Times New Roman' not found.
findfont: Font family 'Times New Roman' not found.
findfont: Font family 'Times New Roman' not found.
findfont: Font family 'Times New Roman' not found.
findfont: Font family 'Times New Roman' not found.
findfont: Font family 'Times New Roman' not found.
findfont: Font family 'Times New Roman' not found.
findfont: Font family 'Times New Roman' not found.
findfont: Font family 'Times New Roman' not found.
findfont: Font family 'Times New Roman' not found.
findfont: Font family 'Times New Roman' not found.
findfont: Font family 'Times New Roman' not found.
findfont: Font family 'Times New Roman' not found.
findfont: Font family 'Times New Roman' not found.
findfont: Font family 'Times New Roman' not found.
findfont: Font family 'Times New Roman' not found.
findfont: Font family 'Times New Roman' not found.
findfont: Font family 'Times New Roman' not found.
findfont: Font family 'Times New Roman' not found.
findfont: Font family 'Times New Roman' not found.
findfont: Font family 'Times New Roman' not found.
findfont: Font family 'Times New Roman' not found.
findfont: Font family 'Times New Roman' not found.
findfont: Font family 'Times New Roman' not found.
findfont: Font family 'Times New Roman' not found.
findfont: Font family 'Times New Roman' not found.
findfont: Font family 'Times New Roman' not found.
findfont: Font family 'Times New Roman' not found.
findfont: Font family 'Times New Roman' not found.
findfont: Font family 'Times New Roman' not found.
findfont: Font family 'Times New Roman' not found.
findfont: Font family 'Times New Roman' not found.
findfont: Font family 'Times New Roman' not found.
findfont: Font family 'Times New Roman' not found.
findfont: Font family 'Times New Roman' not found.
findfont: Font family 'Times New Roman' not found.
findfont: Font family 'Times New Roman' not found.
findfont: Font family 'Times New Roman' not found.
findfont: Font family 'Times New Roman' not found.
findfont: Font family 'Times New Roman' not found.
findfont: Font family 'Times New Roman' not found.
findfont: Font family 'Times New Roman' not found.
findfont: Font family 'Times New Roman' not found.
findfont: Font family 'Times New Roman' not found.
findfont: Font family 'Times New Roman' not found.
findfont: Font family 'Times New Roman' not found.
findfont: Font family 'Times New Roman' not found.
findfont: Font family 'Times New Roman' not found.
findfont: Font family 'Times New Roman' not found.
findfont: Font family 'Times New Roman' not found.
findfont: Font family 'Times New Roman' not found.
findfont: Font family 'Times New Roman' not found.
findfont: Font family 'Times New Roman' not found.
findfont: Font family 'Times New Roman' not found.
findfont: Font family 'Times New Roman' not found.
findfont: Font family 'Times New Roman' not found.
findfont: Font family 'Times New Roman' not found.
findfont: Font family 'Times New Roman' not found.
findfont: Font family 'Times New Roman' not found.
findfont: Font family 'Times New Roman' not found.
findfont: Font family 'Times New Roman' not found.
findfont: Font family 'Times New Roman' not found.
findfont: Font family 'Times New Roman' not found.
findfont: Font family 'Times New Roman' not found.
findfont: Font family 'Times New Roman' not found.
findfont: Font family 'Times New Roman' not found.
findfont: Font family 'Times New Roman' not found.
findfont: Font family 'Times New Roman' not found.
findfont: Font family 'Times New Roman' not found.
findfont: Font family 'Times New Roman' not found.
findfont: Font family 'Times New Roman' not found.
findfont: Font family 'Times New Roman' not found.
findfont: Font family 'Times New Roman' not found.
findfont: Font family 'Times New Roman' not found.
findfont: Font family 'Times New Roman' not found.
findfont: Font family 'Times New Roman' not found.
findfont: Font family 'Times New Roman' not found.
findfont: Font family 'Times New Roman' not found.
findfont: Font family 'Times New Roman' not found.
findfont: Font family 'Times New Roman' not found.
findfont: Font family 'Times New Roman' not found.
findfont: Font family 'Times New Roman' not found.
findfont: Font family 'Times New Roman' not found.
findfont: Font family 'Times New Roman' not found.
findfont: Font family 'Times New Roman' not found.
findfont: Font family 'Times New Roman' not found.
findfont: Font family 'Times New Roman' not found.
findfont: Font family 'Times New Roman' not found.
findfont: Font family 'Times New Roman' not found.
findfont: Font family 'Times New Roman' not found.
findfont: Font family 'Times New Roman' not found.
findfont: Font family 'Times New Roman' not found.
findfont: Font family 'Times New Roman' not found.
findfont: Font family 'Times New Roman' not found.
findfont: Font family 'Times New Roman' not found.
findfont: Font family 'Times New Roman' not found.
findfont: Font family 'Times New Roman' not found.
findfont: Font family 'Times New Roman' not found.
findfont: Font family 'Times New Roman' not found.
findfont: Font family 'Times New Roman' not found.
findfont: Font family 'Times New Roman' not found.
findfont: Font family 'Times New Roman' not found.
findfont: Font family 'Times New Roman' not found.
findfont: Font family 'Times New Roman' not found.
findfont: Font family 'Times New Roman' not found.
findfont: Font family 'Times New Roman' not found.
findfont: Font family 'Times New Roman' not found.
findfont: Font family 'Times New Roman' not found.
findfont: Font family 'Times New Roman' not found.
findfont: Font family 'Times New Roman' not found.
findfont: Font family 'Times New Roman' not found.
findfont: Font family 'Times New Roman' not found.
findfont: Font family 'Times New Roman' not found.
findfont: Font family 'Times New Roman' not found.
findfont: Font family 'Times New Roman' not found.
findfont: Font family 'Times New Roman' not found.
findfont: Font family 'Times New Roman' not found.
findfont: Font family 'Times New Roman' not found.
findfont: Font family 'Times New Roman' not found.
findfont: Font family 'Times New Roman' not found.
findfont: Font family 'Times New Roman' not found.
findfont: Font family 'Times New Roman' not found.
findfont: Font family 'Times New Roman' not found.
findfont: Font family 'Times New Roman' not found.
findfont: Font family 'Times New Roman' not found.
findfont: Font family 'Times New Roman' not found.
findfont: Font family 'Times New Roman' not found.
findfont: Font family 'Times New Roman' not found.
findfont: Font family 'Times New Roman' not found.
findfont: Font family 'Times New Roman' not found.
findfont: Font family 'Times New Roman' not found.
findfont: Font family 'Times New Roman' not found.
findfont: Font family 'Times New Roman' not found.
findfont: Font family 'Times New Roman' not found.
findfont: Font family 'Times New Roman' not found.
findfont: Font family 'Times New Roman' not found.
findfont: Font family 'Times New Roman' not found.
findfont: Font family 'Times New Roman' not found.
findfont: Font family 'Times New Roman' not found.
findfont: Font family 'Times New Roman' not found.
findfont: Font family 'Times New Roman' not found.
findfont: Font family 'Times New Roman' not found.
findfont: Font family 'Times New Roman' not found.
findfont: Font family 'Times New Roman' not found.
findfont: Font family 'Times New Roman' not found.
findfont: Font family 'Times New Roman' not found.
findfont: Font family 'Times New Roman' not found.
findfont: Font family 'Times New Roman' not found.
findfont: Font family 'Times New Roman' not found.
findfont: Font family 'Times New Roman' not found.
findfont: Font family 'Times New Roman' not found.
findfont: Font family 'Times New Roman' not found.
findfont: Font family 'Times New Roman' not found.
findfont: Font family 'Times New Roman' not found.
findfont: Font family 'Times New Roman' not found.
findfont: Font family 'Times New Roman' not found.
findfont: Font family 'Times New Roman' not found.
findfont: Font family 'Times New Roman' not found.
findfont: Font family 'Times New Roman' not found.
findfont: Font family 'Times New Roman' not found.
findfont: Font family 'Times New Roman' not found.
findfont: Font family 'Times New Roman' not found.
findfont: Font family 'Times New Roman' not found.
findfont: Font family 'Times New Roman' not found.
findfont: Font family 'Times New Roman' not found.
findfont: Font family 'Times New Roman' not found.
findfont: Font family 'Times New Roman' not found.
findfont: Font family 'Times New Roman' not found.
findfont: Font family 'Times New Roman' not found.
findfont: Font family 'Times New Roman' not found.
findfont: Font family 'Times New Roman' not found.
findfont: Font family 'Times New Roman' not found.
findfont: Font family 'Times New Roman' not found.
findfont: Font family 'Times New Roman' not found.
findfont: Font family 'Times New Roman' not found.
findfont: Font family 'Times New Roman' not found.
findfont: Font family 'Times New Roman' not found.
findfont: Font family 'Times New Roman' not found.
findfont: Font family 'Times New Roman' not found.
findfont: Font family 'Times New Roman' not found.
findfont: Font family 'Times New Roman' not found.
findfont: Font family 'Times New Roman' not found.
findfont: Font family 'Times New Roman' not found.
findfont: Font family 'Times New Roman' not found.
findfont: Font family 'Times New Roman' not found.
findfont: Font family 'Times New Roman' not found.
findfont: Font family 'Times New Roman' not found.
findfont: Font family 'Times New Roman' not found.
findfont: Font family 'Times New Roman' not found.
findfont: Font family 'Times New Roman' not found.
findfont: Font family 'Times New Roman' not found.
findfont: Font family 'Times New Roman' not found.
findfont: Font family 'Times New Roman' not found.
findfont: Font family 'Times New Roman' not found.
findfont: Font family 'Times New Roman' not found.
findfont: Font family 'Times New Roman' not found.
findfont: Font family 'Times New Roman' not found.
findfont: Font family 'Times New Roman' not found.
findfont: Font family 'Times New Roman' not found.
findfont: Font family 'Times New Roman' not found.
findfont: Font family 'Times New Roman' not found.
findfont: Font family 'Times New Roman' not found.
findfont: Font family 'Times New Roman' not found.
findfont: Font family 'Times New Roman' not found.
findfont: Font family 'Times New Roman' not found.
findfont: Font family 'Times New Roman' not found.
findfont: Font family 'Times New Roman' not found.
findfont: Font family 'Times New Roman' not found.
findfont: Font family 'Times New Roman' not found.
findfont: Font family 'Times New Roman' not found.
findfont: Font family 'Times New Roman' not found.
findfont: Font family 'Times New Roman' not found.
findfont: Font family 'Times New Roman' not found.
findfont: Font family 'Times New Roman' not found.
findfont: Font family 'Times New Roman' not found.
findfont: Font family 'Times New Roman' not found.
findfont: Font family 'Times New Roman' not found.
findfont: Font family 'Times New Roman' not found.
findfont: Font family 'Times New Roman' not found.
findfont: Font family 'Times New Roman' not found.
findfont: Font family 'Times New Roman' not found.
findfont: Font family 'Times New Roman' not found.
findfont: Font family 'Times New Roman' not found.
findfont: Font family 'Times New Roman' not found.
findfont: Font family 'Times New Roman' not found.
findfont: Font family 'Times New Roman' not found.
findfont: Font family 'Times New Roman' not found.
findfont: Font family 'Times New Roman' not found.
findfont: Font family 'Times New Roman' not found.
findfont: Font family 'Times New Roman' not found.
findfont: Font family 'Times New Roman' not found.
findfont: Font family 'Times New Roman' not found.
findfont: Font family 'Times New Roman' not found.
findfont: Font family 'Times New Roman' not found.
findfont: Font family 'Times New Roman' not found.
findfont: Font family 'Times New Roman' not found.
findfont: Font family 'Times New Roman' not found.
findfont: Font family 'Times New Roman' not found.
findfont: Font family 'Times New Roman' not found.
findfont: Font family 'Times New Roman' not found.
findfont: Font family 'Times New Roman' not found.
findfont: Font family 'Times New Roman' not found.
findfont: Font family 'Times New Roman' not found.
findfont: Font family 'Times New Roman' not found.
findfont: Font family 'Times New Roman' not found.
findfont: Font family 'Times New Roman' not found.
findfont: Font family 'Times New Roman' not found.
findfont: Font family 'Times New Roman' not found.
findfont: Font family 'Times New Roman' not found.
findfont: Font family 'Times New Roman' not found.
findfont: Font family 'Times New Roman' not found.
findfont: Font family 'Times New Roman' not found.
findfont: Font family 'Times New Roman' not found.
findfont: Font family 'Times New Roman' not found.
findfont: Font family 'Times New Roman' not found.
findfont: Font family 'Times New Roman' not found.
findfont: Font family 'Times New Roman' not found.
findfont: Font family 'Times New Roman' not found.
findfont: Font family 'Times New Roman' not found.
findfont: Font family 'Times New Roman' not found.
findfont: Font family 'Times New Roman' not found.
findfont: Font family 'Times New Roman' not found.
findfont: Font family 'Times New Roman' not found.
findfont: Font family 'Times New Roman' not found.
findfont: Font family 'Times New Roman' not found.
findfont: Font family 'Times New Roman' not found.
findfont: Font family 'Times New Roman' not found.
findfont: Font family 'Times New Roman' not found.
findfont: Font family 'Times New Roman' not found.
findfont: Font family 'Times New Roman' not found.
findfont: Font family 'Times New Roman' not found.
findfont: Font family 'Times New Roman' not found.
findfont: Font family 'Times New Roman' not found.
findfont: Font family 'Times New Roman' not found.
findfont: Font family 'Times New Roman' not found.
findfont: Font family 'Times New Roman' not found.
findfont: Font family 'Times New Roman' not found.
findfont: Font family 'Times New Roman' not found.
findfont: Font family 'Times New Roman' not found.
findfont: Font family 'Times New Roman' not found.
findfont: Font family 'Times New Roman' not found.
findfont: Font family 'Times New Roman' not found.
findfont: Font family 'Times New Roman' not found.
findfont: Font family 'Times New Roman' not found.
findfont: Font family 'Times New Roman' not found.
findfont: Font family 'Times New Roman' not found.
findfont: Font family 'Times New Roman' not found.
findfont: Font family 'Times New Roman' not found.
findfont: Font family 'Times New Roman' not found.
findfont: Font family 'Times New Roman' not found.
findfont: Font family 'Times New Roman' not found.
findfont: Font family 'Times New Roman' not found.
findfont: Font family 'Times New Roman' not found.
findfont: Font family 'Times New Roman' not found.
findfont: Font family 'Times New Roman' not found.
findfont: Font family 'Times New Roman' not found.
findfont: Font family 'Times New Roman' not found.
findfont: Font family 'Times New Roman' not found.
findfont: Font family 'Times New Roman' not found.
findfont: Font family 'Times New Roman' not found.
findfont: Font family 'Times New Roman' not found.
findfont: Font family 'Times New Roman' not found.
findfont: Font family 'Times New Roman' not found.
findfont: Font family 'Times New Roman' not found.
findfont: Font family 'Times New Roman' not found.
findfont: Font family 'Times New Roman' not found.
findfont: Font family 'Times New Roman' not found.
findfont: Font family 'Times New Roman' not found.
findfont: Font family 'Times New Roman' not found.
findfont: Font family 'Times New Roman' not found.
findfont: Font family 'Times New Roman' not found.
findfont: Font family 'Times New Roman' not found.
findfont: Font family 'Times New Roman' not found.
findfont: Font family 'Times New Roman' not found.
findfont: Font family 'Times New Roman' not found.
findfont: Font family 'Times New Roman' not found.
findfont: Font family 'Times New Roman' not found.
findfont: Font family 'Times New Roman' not found.
findfont: Font family 'Times New Roman' not found.
findfont: Font family 'Times New Roman' not found.
findfont: Font family 'Times New Roman' not found.
findfont: Font family 'Times New Roman' not found.
findfont: Font family 'Times New Roman' not found.
findfont: Font family 'Times New Roman' not found.
findfont: Font family 'Times New Roman' not found.
findfont: Font family 'Times New Roman' not found.
findfont: Font family 'Times New Roman' not found.
findfont: Font family 'Times New Roman' not found.
findfont: Font family 'Times New Roman' not found.
findfont: Font family 'Times New Roman' not found.
findfont: Font family 'Times New Roman' not found.
findfont: Font family 'Times New Roman' not found.
findfont: Font family 'Times New Roman' not found.
findfont: Font family 'Times New Roman' not found.
findfont: Font family 'Times New Roman' not found.
findfont: Font family 'Times New Roman' not found.
findfont: Font family 'Times New Roman' not found.
findfont: Font family 'Times New Roman' not found.
findfont: Font family 'Times New Roman' not found.
findfont: Font family 'Times New Roman' not found.
findfont: Font family 'Times New Roman' not found.
findfont: Font family 'Times New Roman' not found.
findfont: Font family 'Times New Roman' not found.
findfont: Font family 'Times New Roman' not found.
findfont: Font family 'Times New Roman' not found.
findfont: Font family 'Times New Roman' not found.
findfont: Font family 'Times New Roman' not found.
findfont: Font family 'Times New Roman' not found.
findfont: Font family 'Times New Roman' not found.
findfont: Font family 'Times New Roman' not found.
findfont: Font family 'Times New Roman' not found.
findfont: Font family 'Times New Roman' not found.
findfont: Font family 'Times New Roman' not found.
findfont: Font family 'Times New Roman' not found.
findfont: Font family 'Times New Roman' not found.
findfont: Font family 'Times New Roman' not found.
findfont: Font family 'Times New Roman' not found.
findfont: Font family 'Times New Roman' not found.
findfont: Font family 'Times New Roman' not found.
findfont: Font family 'Times New Roman' not found.
findfont: Font family 'Times New Roman' not found.
findfont: Font family 'Times New Roman' not found.
findfont: Font family 'Times New Roman' not found.
findfont: Font family 'Times New Roman' not found.
findfont: Font family 'Times New Roman' not found.
findfont: Font family 'Times New Roman' not found.
findfont: Font family 'Times New Roman' not found.
findfont: Font family 'Times New Roman' not found.
findfont: Font family 'Times New Roman' not found.
findfont: Font family 'Times New Roman' not found.
findfont: Font family 'Times New Roman' not found.
findfont: Font family 'Times New Roman' not found.
findfont: Font family 'Times New Roman' not found.
findfont: Font family 'Times New Roman' not found.
findfont: Font family 'Times New Roman' not found.
findfont: Font family 'Times New Roman' not found.
findfont: Font family 'Times New Roman' not found.
findfont: Font family 'Times New Roman' not found.
findfont: Font family 'Times New Roman' not found.
findfont: Font family 'Times New Roman' not found.
findfont: Font family 'Times New Roman' not found.
findfont: Font family 'Times New Roman' not found.
findfont: Font family 'Times New Roman' not found.
findfont: Font family 'Times New Roman' not found.
findfont: Font family 'Times New Roman' not found.
findfont: Font family 'Times New Roman' not found.
findfont: Font family 'Times New Roman' not found.
findfont: Font family 'Times New Roman' not found.
findfont: Font family 'Times New Roman' not found.
findfont: Font family 'Times New Roman' not found.
findfont: Font family 'Times New Roman' not found.
findfont: Font family 'Times New Roman' not found.
findfont: Font family 'Times New Roman' not found.
findfont: Font family 'Times New Roman' not found.
findfont: Font family 'Times New Roman' not found.
findfont: Font family 'Times New Roman' not found.
findfont: Font family 'Times New Roman' not found.
findfont: Font family 'Times New Roman' not found.
findfont: Font family 'Times New Roman' not found.
findfont: Font family 'Times New Roman' not found.
findfont: Font family 'Times New Roman' not found.
findfont: Font family 'Times New Roman' not found.
findfont: Font family 'Times New Roman' not found.
findfont: Font family 'Times New Roman' not found.
findfont: Font family 'Times New Roman' not found.
findfont: Font family 'Times New Roman' not found.
findfont: Font family 'Times New Roman' not found.
findfont: Font family 'Times New Roman' not found.
findfont: Font family 'Times New Roman' not found.
findfont: Font family 'Times New Roman' not found.
findfont: Font family 'Times New Roman' not found.
findfont: Font family 'Times New Roman' not found.
findfont: Font family 'Times New Roman' not found.
findfont: Font family 'Times New Roman' not found.
findfont: Font family 'Times New Roman' not found.
findfont: Font family 'Times New Roman' not found.
findfont: Font family 'Times New Roman' not found.
findfont: Font family 'Times New Roman' not found.
findfont: Font family 'Times New Roman' not found.
findfont: Font family 'Times New Roman' not found.
findfont: Font family 'Times New Roman' not found.
findfont: Font family 'Times New Roman' not found.
findfont: Font family 'Times New Roman' not found.
findfont: Font family 'Times New Roman' not found.
findfont: Font family 'Times New Roman' not found.
findfont: Font family 'Times New Roman' not found.
findfont: Font family 'Times New Roman' not found.
findfont: Font family 'Times New Roman' not found.
findfont: Font family 'Times New Roman' not found.
findfont: Font family 'Times New Roman' not found.
findfont: Font family 'Times New Roman' not found.
findfont: Font family 'Times New Roman' not found.
findfont: Font family 'Times New Roman' not found.
findfont: Font family 'Times New Roman' not found.
findfont: Font family 'Times New Roman' not found.
findfont: Font family 'Times New Roman' not found.
findfont: Font family 'Times New Roman' not found.
findfont: Font family 'Times New Roman' not found.
findfont: Font family 'Times New Roman' not found.
findfont: Font family 'Times New Roman' not found.
findfont: Font family 'Times New Roman' not found.
findfont: Font family 'Times New Roman' not found.
findfont: Font family 'Times New Roman' not found.
findfont: Font family 'Times New Roman' not found.
findfont: Font family 'Times New Roman' not found.
findfont: Font family 'Times New Roman' not found.
findfont: Font family 'Times New Roman' not found.
findfont: Font family 'Times New Roman' not found.
findfont: Font family 'Times New Roman' not found.
findfont: Font family 'Times New Roman' not found.
findfont: Font family 'Times New Roman' not found.
findfont: Font family 'Times New Roman' not found.
findfont: Font family 'Times New Roman' not found.
findfont: Font family 'Times New Roman' not found.
findfont: Font family 'Times New Roman' not found.
findfont: Font family 'Times New Roman' not found.
findfont: Font family 'Times New Roman' not found.
findfont: Font family 'Times New Roman' not found.
findfont: Font family 'Times New Roman' not found.
findfont: Font family 'Times New Roman' not found.
findfont: Font family 'Times New Roman' not found.
findfont: Font family 'Times New Roman' not found.
findfont: Font family 'Times New Roman' not found.
findfont: Font family 'Times New Roman' not found.
findfont: Font family 'Times New Roman' not found.
findfont: Font family 'Times New Roman' not found.
findfont: Font family 'Times New Roman' not found.
findfont: Font family 'Times New Roman' not found.
findfont: Font family 'Times New Roman' not found.
findfont: Font family 'Times New Roman' not found.
findfont: Font family 'Times New Roman' not found.
findfont: Font family 'Times New Roman' not found.
findfont: Font family 'Times New Roman' not found.
findfont: Font family 'Times New Roman' not found.
findfont: Font family 'Times New Roman' not found.
findfont: Font family 'Times New Roman' not found.
findfont: Font family 'Times New Roman' not found.
findfont: Font family 'Times New Roman' not found.
findfont: Font family 'Times New Roman' not found.
findfont: Font family 'Times New Roman' not found.
findfont: Font family 'Times New Roman' not found.
findfont: Font family 'Times New Roman' not found.
findfont: Font family 'Times New Roman' not found.
findfont: Font family 'Times New Roman' not found.
findfont: Font family 'Times New Roman' not found.
findfont: Font family 'Times New Roman' not found.
findfont: Font family 'Times New Roman' not found.
findfont: Font family 'Times New Roman' not found.
findfont: Font family 'Times New Roman' not found.
findfont: Font family 'Times New Roman' not found.
findfont: Font family 'Times New Roman' not found.
findfont: Font family 'Times New Roman' not found.
findfont: Font family 'Times New Roman' not found.
findfont: Font family 'Times New Roman' not found.
findfont: Font family 'Times New Roman' not found.
findfont: Font family 'Times New Roman' not found.
findfont: Font family 'Times New Roman' not found.
findfont: Font family 'Times New Roman' not found.
findfont: Font family 'Times New Roman' not found.
findfont: Font family 'Times New Roman' not found.
findfont: Font family 'Times New Roman' not found.
findfont: Font family 'Times New Roman' not found.
findfont: Font family 'Times New Roman' not found.
findfont: Font family 'Times New Roman' not found.
findfont: Font family 'Times New Roman' not found.
findfont: Font family 'Times New Roman' not found.
findfont: Font family 'Times New Roman' not found.
findfont: Font family 'Times New Roman' not found.
findfont: Font family 'Times New Roman' not found.
findfont: Font family 'Times New Roman' not found.
findfont: Font family 'Times New Roman' not found.
findfont: Font family 'Times New Roman' not found.
findfont: Font family 'Times New Roman' not found.
findfont: Font family 'Times New Roman' not found.
findfont: Font family 'Times New Roman' not found.
findfont: Font family 'Times New Roman' not found.
findfont: Font family 'Times New Roman' not found.
findfont: Font family 'Times New Roman' not found.
findfont: Font family 'Times New Roman' not found.
findfont: Font family 'Times New Roman' not found.
findfont: Font family 'Times New Roman' not found.
findfont: Font family 'Times New Roman' not found.
findfont: Font family 'Times New Roman' not found.
findfont: Font family 'Times New Roman' not found.
findfont: Font family 'Times New Roman' not found.
findfont: Font family 'Times New Roman' not found.
findfont: Font family 'Times New Roman' not found.
findfont: Font family 'Times New Roman' not found.
findfont: Font family 'Times New Roman' not found.
findfont: Font family 'Times New Roman' not found.
findfont: Font family 'Times New Roman' not found.
findfont: Font family 'Times New Roman' not found.
findfont: Font family 'Times New Roman' not found.
findfont: Font family 'Times New Roman' not found.
findfont: Font family 'Times New Roman' not found.
findfont: Font family 'Times New Roman' not found.
findfont: Font family 'Times New Roman' not found.
findfont: Font family 'Times New Roman' not found.
findfont: Font family 'Times New Roman' not found.
findfont: Font family 'Times New Roman' not found.
findfont: Font family 'Times New Roman' not found.
findfont: Font family 'Times New Roman' not found.
findfont: Font family 'Times New Roman' not found.
findfont: Font family 'Times New Roman' not found.
findfont: Font family 'Times New Roman' not found.
findfont: Font family 'Times New Roman' not found.
findfont: Font family 'Times New Roman' not found.
findfont: Font family 'Times New Roman' not found.
findfont: Font family 'Times New Roman' not found.
findfont: Font family 'Times New Roman' not found.
findfont: Font family 'Times New Roman' not found.
findfont: Font family 'Times New Roman' not found.
findfont: Font family 'Times New Roman' not found.
findfont: Font family 'Times New Roman' not found.
findfont: Font family 'Times New Roman' not found.
findfont: Font family 'Times New Roman' not found.
findfont: Font family 'Times New Roman' not found.
findfont: Font family 'Times New Roman' not found.
findfont: Font family 'Times New Roman' not found.
findfont: Font family 'Times New Roman' not found.
findfont: Font family 'Times New Roman' not found.
findfont: Font family 'Times New Roman' not found.
findfont: Font family 'Times New Roman' not found.
findfont: Font family 'Times New Roman' not found.
findfont: Font family 'Times New Roman' not found.
findfont: Font family 'Times New Roman' not found.
findfont: Font family 'Times New Roman' not found.
findfont: Font family 'Times New Roman' not found.
findfont: Font family 'Times New Roman' not found.
findfont: Font family 'Times New Roman' not found.
findfont: Font family 'Times New Roman' not found.
findfont: Font family 'Times New Roman' not found.
findfont: Font family 'Times New Roman' not found.
findfont: Font family 'Times New Roman' not found.
findfont: Font family 'Times New Roman' not found.
findfont: Font family 'Times New Roman' not found.
findfont: Font family 'Times New Roman' not found.
findfont: Font family 'Times New Roman' not found.
findfont: Font family 'Times New Roman' not found.
findfont: Font family 'Times New Roman' not found.
findfont: Font family 'Times New Roman' not found.
findfont: Font family 'Times New Roman' not found.
findfont: Font family 'Times New Roman' not found.
findfont: Font family 'Times New Roman' not found.
findfont: Font family 'Times New Roman' not found.
findfont: Font family 'Times New Roman' not found.
findfont: Font family 'Times New Roman' not found.
findfont: Font family 'Times New Roman' not found.
findfont: Font family 'Times New Roman' not found.
findfont: Font family 'Times New Roman' not found.
findfont: Font family 'Times New Roman' not found.
findfont: Font family 'Times New Roman' not found.
findfont: Font family 'Times New Roman' not found.
findfont: Font family 'Times New Roman' not found.
findfont: Font family 'Times New Roman' not found.
findfont: Font family 'Times New Roman' not found.
findfont: Font family 'Times New Roman' not found.
findfont: Font family 'Times New Roman' not found.
findfont: Font family 'Times New Roman' not found.
findfont: Font family 'Times New Roman' not found.
findfont: Font family 'Times New Roman' not found.
findfont: Font family 'Times New Roman' not found.
findfont: Font family 'Times New Roman' not found.
findfont: Font family 'Times New Roman' not found.
findfont: Font family 'Times New Roman' not found.
findfont: Font family 'Times New Roman' not found.
findfont: Font family 'Times New Roman' not found.
findfont: Font family 'Times New Roman' not found.
findfont: Font family 'Times New Roman' not found.
findfont: Font family 'Times New Roman' not found.
findfont: Font family 'Times New Roman' not found.
findfont: Font family 'Times New Roman' not found.
findfont: Font family 'Times New Roman' not found.
findfont: Font family 'Times New Roman' not found.
findfont: Font family 'Times New Roman' not found.
findfont: Font family 'Times New Roman' not found.
findfont: Font family 'Times New Roman' not found.
findfont: Font family 'Times New Roman' not found.
findfont: Font family 'Times New Roman' not found.
findfont: Font family 'Times New Roman' not found.
findfont: Font family 'Times New Roman' not found.
findfont: Font family 'Times New Roman' not found.
findfont: Font family 'Times New Roman' not found.
findfont: Font family 'Times New Roman' not found.
findfont: Font family 'Times New Roman' not found.
findfont: Font family 'Times New Roman' not found.
findfont: Font family 'Times New Roman' not found.
findfont: Font family 'Times New Roman' not found.
findfont: Font family 'Times New Roman' not found.
findfont: Font family 'Times New Roman' not found.
findfont: Font family 'Times New Roman' not found.
findfont: Font family 'Times New Roman' not found.
findfont: Font family 'Times New Roman' not found.
findfont: Font family 'Times New Roman' not found.
findfont: Font family 'Times New Roman' not found.
findfont: Font family 'Times New Roman' not found.
findfont: Font family 'Times New Roman' not found.
findfont: Font family 'Times New Roman' not found.
findfont: Font family 'Times New Roman' not found.
findfont: Font family 'Times New Roman' not found.
findfont: Font family 'Times New Roman' not found.
findfont: Font family 'Times New Roman' not found.
findfont: Font family 'Times New Roman' not found.
findfont: Font family 'Times New Roman' not found.
findfont: Font family 'Times New Roman' not found.
findfont: Font family 'Times New Roman' not found.
findfont: Font family 'Times New Roman' not found.
findfont: Font family 'Times New Roman' not found.
findfont: Font family 'Times New Roman' not found.
findfont: Font family 'Times New Roman' not found.
findfont: Font family 'Times New Roman' not found.
findfont: Font family 'Times New Roman' not found.
findfont: Font family 'Times New Roman' not found.
findfont: Font family 'Times New Roman' not found.
findfont: Font family 'Times New Roman' not found.
findfont: Font family 'Times New Roman' not found.
findfont: Font family 'Times New Roman' not found.
findfont: Font family 'Times New Roman' not found.
findfont: Font family 'Times New Roman' not found.
findfont: Font family 'Times New Roman' not found.
findfont: Font family 'Times New Roman' not found.
findfont: Font family 'Times New Roman' not found.
findfont: Font family 'Times New Roman' not found.
findfont: Font family 'Times New Roman' not found.
findfont: Font family 'Times New Roman' not found.
findfont: Font family 'Times New Roman' not found.
findfont: Font family 'Times New Roman' not found.
findfont: Font family 'Times New Roman' not found.
findfont: Font family 'Times New Roman' not found.
findfont: Font family 'Times New Roman' not found.
findfont: Font family 'Times New Roman' not found.
findfont: Font family 'Times New Roman' not found.
findfont: Font family 'Times New Roman' not found.
findfont: Font family 'Times New Roman' not found.
findfont: Font family 'Times New Roman' not found.
findfont: Font family 'Times New Roman' not found.
findfont: Font family 'Times New Roman' not found.
findfont: Font family 'Times New Roman' not found.
findfont: Font family 'Times New Roman' not found.
findfont: Font family 'Times New Roman' not found.
findfont: Font family 'Times New Roman' not found.
findfont: Font family 'Times New Roman' not found.
findfont: Font family 'Times New Roman' not found.
findfont: Font family 'Times New Roman' not found.
findfont: Font family 'Times New Roman' not found.
findfont: Font family 'Times New Roman' not found.
findfont: Font family 'Times New Roman' not found.
findfont: Font family 'Times New Roman' not found.
findfont: Font family 'Times New Roman' not found.
findfont: Font family 'Times New Roman' not found.
findfont: Font family 'Times New Roman' not found.
findfont: Font family 'Times New Roman' not found.
findfont: Font family 'Times New Roman' not found.
findfont: Font family 'Times New Roman' not found.
findfont: Font family 'Times New Roman' not found.
findfont: Font family 'Times New Roman' not found.
findfont: Font family 'Times New Roman' not found.
findfont: Font family 'Times New Roman' not found.
findfont: Font family 'Times New Roman' not found.
findfont: Font family 'Times New Roman' not found.
findfont: Font family 'Times New Roman' not found.
findfont: Font family 'Times New Roman' not found.
findfont: Font family 'Times New Roman' not found.
findfont: Font family 'Times New Roman' not found.
findfont: Font family 'Times New Roman' not found.
findfont: Font family 'Times New Roman' not found.
findfont: Font family 'Times New Roman' not found.
findfont: Font family 'Times New Roman' not found.
findfont: Font family 'Times New Roman' not found.
findfont: Font family 'Times New Roman' not found.
findfont: Font family 'Times New Roman' not found.
findfont: Font family 'Times New Roman' not found.
findfont: Font family 'Times New Roman' not found.
findfont: Font family 'Times New Roman' not found.
findfont: Font family 'Times New Roman' not found.
findfont: Font family 'Times New Roman' not found.
findfont: Font family 'Times New Roman' not found.
findfont: Font family 'Times New Roman' not found.
findfont: Font family 'Times New Roman' not found.
findfont: Font family 'Times New Roman' not found.
findfont: Font family 'Times New Roman' not found.
findfont: Font family 'Times New Roman' not found.
findfont: Font family 'Times New Roman' not found.
findfont: Font family 'Times New Roman' not found.
findfont: Font family 'Times New Roman' not found.
findfont: Font family 'Times New Roman' not found.
findfont: Font family 'Times New Roman' not found.
findfont: Font family 'Times New Roman' not found.
findfont: Font family 'Times New Roman' not found.
findfont: Font family 'Times New Roman' not found.
findfont: Font family 'Times New Roman' not found.
findfont: Font family 'Times New Roman' not found.
findfont: Font family 'Times New Roman' not found.
findfont: Font family 'Times New Roman' not found.
findfont: Font family 'Times New Roman' not found.
findfont: Font family 'Times New Roman' not found.
findfont: Font family 'Times New Roman' not found.
findfont: Font family 'Times New Roman' not found.
findfont: Font family 'Times New Roman' not found.
findfont: Font family 'Times New Roman' not found.
findfont: Font family 'Times New Roman' not found.
findfont: Font family 'Times New Roman' not found.
findfont: Font family 'Times New Roman' not found.
findfont: Font family 'Times New Roman' not found.
findfont: Font family 'Times New Roman' not found.
findfont: Font family 'Times New Roman' not found.
findfont: Font family 'Times New Roman' not found.
findfont: Font family 'Times New Roman' not found.
findfont: Font family 'Times New Roman' not found.
findfont: Font family 'Times New Roman' not found.
findfont: Font family 'Times New Roman' not found.
findfont: Font family 'Times New Roman' not found.
findfont: Font family 'Times New Roman' not found.
findfont: Font family 'Times New Roman' not found.
findfont: Font family 'Times New Roman' not found.
findfont: Font family 'Times New Roman' not found.
findfont: Font family 'Times New Roman' not found.
findfont: Font family 'Times New Roman' not found.
findfont: Font family 'Times New Roman' not found.
findfont: Font family 'Times New Roman' not found.
findfont: Font family 'Times New Roman' not found.
findfont: Font family 'Times New Roman' not found.
findfont: Font family 'Times New Roman' not found.
findfont: Font family 'Times New Roman' not found.
findfont: Font family 'Times New Roman' not found.
findfont: Font family 'Times New Roman' not found.
findfont: Font family 'Times New Roman' not found.
findfont: Font family 'Times New Roman' not found.
findfont: Font family 'Times New Roman' not found.
findfont: Font family 'Times New Roman' not found.
findfont: Font family 'Times New Roman' not found.
findfont: Font family 'Times New Roman' not found.
findfont: Font family 'Times New Roman' not found.
findfont: Font family 'Times New Roman' not found.
findfont: Font family 'Times New Roman' not found.
findfont: Font family 'Times New Roman' not found.
findfont: Font family 'Times New Roman' not found.
findfont: Font family 'Times New Roman' not found.
findfont: Font family 'Times New Roman' not found.
findfont: Font family 'Times New Roman' not found.
findfont: Font family 'Times New Roman' not found.
findfont: Font family 'Times New Roman' not found.
findfont: Font family 'Times New Roman' not found.
findfont: Font family 'Times New Roman' not found.
findfont: Font family 'Times New Roman' not found.
findfont: Font family 'Times New Roman' not found.
findfont: Font family 'Times New Roman' not found.
findfont: Font family 'Times New Roman' not found.
findfont: Font family 'Times New Roman' not found.
findfont: Font family 'Times New Roman' not found.
findfont: Font family 'Times New Roman' not found.
findfont: Font family 'Times New Roman' not found.
findfont: Font family 'Times New Roman' not found.
findfont: Font family 'Times New Roman' not found.
findfont: Font family 'Times New Roman' not found.
findfont: Font family 'Times New Roman' not found.
findfont: Font family 'Times New Roman' not found.
findfont: Font family 'Times New Roman' not found.
findfont: Font family 'Times New Roman' not found.
findfont: Font family 'Times New Roman' not found.
findfont: Font family 'Times New Roman' not found.
findfont: Font family 'Times New Roman' not found.
findfont: Font family 'Times New Roman' not found.
findfont: Font family 'Times New Roman' not found.
findfont: Font family 'Times New Roman' not found.
findfont: Font family 'Times New Roman' not found.
findfont: Font family 'Times New Roman' not found.
findfont: Font family 'Times New Roman' not found.
findfont: Font family 'Times New Roman' not found.
findfont: Font family 'Times New Roman' not found.
findfont: Font family 'Times New Roman' not found.
findfont: Font family 'Times New Roman' not found.
findfont: Font family 'Times New Roman' not found.
findfont: Font family 'Times New Roman' not found.
findfont: Font family 'Times New Roman' not found.
findfont: Font family 'Times New Roman' not found.
findfont: Font family 'Times New Roman' not found.
findfont: Font family 'Times New Roman' not found.
findfont: Font family 'Times New Roman' not found.
findfont: Font family 'Times New Roman' not found.
findfont: Font family 'Times New Roman' not found.
findfont: Font family 'Times New Roman' not found.
findfont: Font family 'Times New Roman' not found.
findfont: Font family 'Times New Roman' not found.
findfont: Font family 'Times New Roman' not found.
findfont: Font family 'Times New Roman' not found.
findfont: Font family 'Times New Roman' not found.
findfont: Font family 'Times New Roman' not found.
findfont: Font family 'Times New Roman' not found.
findfont: Font family 'Times New Roman' not found.
findfont: Font family 'Times New Roman' not found.
findfont: Font family 'Times New Roman' not found.
findfont: Font family 'Times New Roman' not found.
findfont: Font family 'Times New Roman' not found.
findfont: Font family 'Times New Roman' not found.
findfont: Font family 'Times New Roman' not found.
findfont: Font family 'Times New Roman' not found.
findfont: Font family 'Times New Roman' not found.
findfont: Font family 'Times New Roman' not found.
findfont: Font family 'Times New Roman' not found.
findfont: Font family 'Times New Roman' not found.
findfont: Font family 'Times New Roman' not found.
findfont: Font family 'Times New Roman' not found.
findfont: Font family 'Times New Roman' not found.
findfont: Font family 'Times New Roman' not found.
findfont: Font family 'Times New Roman' not found.
findfont: Font family 'Times New Roman' not found.
findfont: Font family 'Times New Roman' not found.
findfont: Font family 'Times New Roman' not found.
findfont: Font family 'Times New Roman' not found.
findfont: Font family 'Times New Roman' not found.
findfont: Font family 'Times New Roman' not found.
findfont: Font family 'Times New Roman' not found.
findfont: Font family 'Times New Roman' not found.
findfont: Font family 'Times New Roman' not found.
findfont: Font family 'Times New Roman' not found.
findfont: Font family 'Times New Roman' not found.
findfont: Font family 'Times New Roman' not found.
findfont: Font family 'Times New Roman' not found.
findfont: Font family 'Times New Roman' not found.
findfont: Font family 'Times New Roman' not found.
findfont: Font family 'Times New Roman' not found.
findfont: Font family 'Times New Roman' not found.
findfont: Font family 'Times New Roman' not found.
findfont: Font family 'Times New Roman' not found.
findfont: Font family 'Times New Roman' not found.
findfont: Font family 'Times New Roman' not found.
findfont: Font family 'Times New Roman' not found.
findfont: Font family 'Times New Roman' not found.
findfont: Font family 'Times New Roman' not found.
findfont: Font family 'Times New Roman' not found.
findfont: Font family 'Times New Roman' not found.
findfont: Font family 'Times New Roman' not found.
findfont: Font family 'Times New Roman' not found.
findfont: Font family 'Times New Roman' not found.
findfont: Font family 'Times New Roman' not found.
findfont: Font family 'Times New Roman' not found.
findfont: Font family 'Times New Roman' not found.
findfont: Font family 'Times New Roman' not found.
findfont: Font family 'Times New Roman' not found.
findfont: Font family 'Times New Roman' not found.
findfont: Font family 'Times New Roman' not found.
findfont: Font family 'Times New Roman' not found.
findfont: Font family 'Times New Roman' not found.
findfont: Font family 'Times New Roman' not found.
findfont: Font family 'Times New Roman' not found.
findfont: Font family 'Times New Roman' not found.
findfont: Font family 'Times New Roman' not found.
findfont: Font family 'Times New Roman' not found.
findfont: Font family 'Times New Roman' not found.
findfont: Font family 'Times New Roman' not found.
findfont: Font family 'Times New Roman' not found.
findfont: Font family 'Times New Roman' not found.
findfont: Font family 'Times New Roman' not found.
findfont: Font family 'Times New Roman' not found.
findfont: Font family 'Times New Roman' not found.
findfont: Font family 'Times New Roman' not found.
findfont: Font family 'Times New Roman' not found.
findfont: Font family 'Times New Roman' not found.
findfont: Font family 'Times New Roman' not found.
findfont: Font family 'Times New Roman' not found.
findfont: Font family 'Times New Roman' not found.
findfont: Font family 'Times New Roman' not found.
findfont: Font family 'Times New Roman' not found.
findfont: Font family 'Times New Roman' not found.
findfont: Font family 'Times New Roman' not found.
findfont: Font family 'Times New Roman' not found.
findfont: Font family 'Times New Roman' not found.
findfont: Font family 'Times New Roman' not found.
findfont: Font family 'Times New Roman' not found.
findfont: Font family 'Times New Roman' not found.
findfont: Font family 'Times New Roman' not found.
findfont: Font family 'Times New Roman' not found.
findfont: Font family 'Times New Roman' not found.
findfont: Font family 'Times New Roman' not found.
findfont: Font family 'Times New Roman' not found.
findfont: Font family 'Times New Roman' not found.
findfont: Font family 'Times New Roman' not found.
findfont: Font family 'Times New Roman' not found.
findfont: Font family 'Times New Roman' not found.
findfont: Font family 'Times New Roman' not found.
findfont: Font family 'Times New Roman' not found.
findfont: Font family 'Times New Roman' not found.
findfont: Font family 'Times New Roman' not found.
findfont: Font family 'Times New Roman' not found.
findfont: Font family 'Times New Roman' not found.
findfont: Font family 'Times New Roman' not found.
findfont: Font family 'Times New Roman' not found.
findfont: Font family 'Times New Roman' not found.
findfont: Font family 'Times New Roman' not found.
findfont: Font family 'Times New Roman' not found.
findfont: Font family 'Times New Roman' not found.
findfont: Font family 'Times New Roman' not found.
findfont: Font family 'Times New Roman' not found.
findfont: Font family 'Times New Roman' not found.
findfont: Font family 'Times New Roman' not found.
findfont: Font family 'Times New Roman' not found.
findfont: Font family 'Times New Roman' not found.
findfont: Font family 'Times New Roman' not found.
findfont: Font family 'Times New Roman' not found.
findfont: Font family 'Times New Roman' not found.
findfont: Font family 'Times New Roman' not found.
findfont: Font family 'Times New Roman' not found.
findfont: Font family 'Times New Roman' not found.
findfont: Font family 'Times New Roman' not found.
findfont: Font family 'Times New Roman' not found.
findfont: Font family 'Times New Roman' not found.
findfont: Font family 'Times New Roman' not found.
findfont: Font family 'Times New Roman' not found.
findfont: Font family 'Times New Roman' not found.
findfont: Font family 'Times New Roman' not found.
findfont: Font family 'Times New Roman' not found.
findfont: Font family 'Times New Roman' not found.
findfont: Font family 'Times New Roman' not found.
findfont: Font family 'Times New Roman' not found.
findfont: Font family 'Times New Roman' not found.
findfont: Font family 'Times New Roman' not found.
findfont: Font family 'Times New Roman' not found.
findfont: Font family 'Times New Roman' not found.
findfont: Font family 'Times New Roman' not found.
findfont: Font family 'Times New Roman' not found.
findfont: Font family 'Times New Roman' not found.
findfont: Font family 'Times New Roman' not found.
findfont: Font family 'Times New Roman' not found.
findfont: Font family 'Times New Roman' not found.
findfont: Font family 'Times New Roman' not found.
findfont: Font family 'Times New Roman' not found.
findfont: Font family 'Times New Roman' not found.
findfont: Font family 'Times New Roman' not found.
findfont: Font family 'Times New Roman' not found.
findfont: Font family 'Times New Roman' not found.
findfont: Font family 'Times New Roman' not found.
findfont: Font family 'Times New Roman' not found.
findfont: Font family 'Times New Roman' not found.
findfont: Font family 'Times New Roman' not found.
findfont: Font family 'Times New Roman' not found.
findfont: Font family 'Times New Roman' not found.
findfont: Font family 'Times New Roman' not found.
findfont: Font family 'Times New Roman' not found.
findfont: Font family 'Times New Roman' not found.
findfont: Font family 'Times New Roman' not found.
findfont: Font family 'Times New Roman' not found.
findfont: Font family 'Times New Roman' not found.
findfont: Font family 'Times New Roman' not found.
findfont: Font family 'Times New Roman' not found.
findfont: Font family 'Times New Roman' not found.
findfont: Font family 'Times New Roman' not found.
findfont: Font family 'Times New Roman' not found.
findfont: Font family 'Times New Roman' not found.
findfont: Font family 'Times New Roman' not found.
findfont: Font family 'Times New Roman' not found.
findfont: Font family 'Times New Roman' not found.
findfont: Font family 'Times New Roman' not found.
findfont: Font family 'Times New Roman' not found.
findfont: Font family 'Times New Roman' not found.
findfont: Font family 'Times New Roman' not found.
findfont: Font family 'Times New Roman' not found.
findfont: Font family 'Times New Roman' not found.
findfont: Font family 'Times New Roman' not found.
findfont: Font family 'Times New Roman' not found.
findfont: Font family 'Times New Roman' not found.
findfont: Font family 'Times New Roman' not found.
findfont: Font family 'Times New Roman' not found.
findfont: Font family 'Times New Roman' not found.
findfont: Font family 'Times New Roman' not found.
findfont: Font family 'Times New Roman' not found.
findfont: Font family 'Times New Roman' not found.
findfont: Font family 'Times New Roman' not found.
findfont: Font family 'Times New Roman' not found.
findfont: Font family 'Times New Roman' not found.
findfont: Font family 'Times New Roman' not found.
findfont: Font family 'Times New Roman' not found.
findfont: Font family 'Times New Roman' not found.
findfont: Font family 'Times New Roman' not found.
findfont: Font family 'Times New Roman' not found.
findfont: Font family 'Times New Roman' not found.
findfont: Font family 'Times New Roman' not found.
findfont: Font family 'Times New Roman' not found.
findfont: Font family 'Times New Roman' not found.
findfont: Font family 'Times New Roman' not found.
findfont: Font family 'Times New Roman' not found.
findfont: Font family 'Times New Roman' not found.
findfont: Font family 'Times New Roman' not found.
findfont: Font family 'Times New Roman' not found.
findfont: Font family 'Times New Roman' not found.
findfont: Font family 'Times New Roman' not found.
findfont: Font family 'Times New Roman' not found.
findfont: Font family 'Times New Roman' not found.
findfont: Font family 'Times New Roman' not found.
findfont: Font family 'Times New Roman' not found.
findfont: Font family 'Times New Roman' not found.
findfont: Font family 'Times New Roman' not found.
findfont: Font family 'Times New Roman' not found.
findfont: Font family 'Times New Roman' not found.
findfont: Font family 'Times New Roman' not found.
findfont: Font family 'Times New Roman' not found.
findfont: Font family 'Times New Roman' not found.
findfont: Font family 'Times New Roman' not found.
findfont: Font family 'Times New Roman' not found.
findfont: Font family 'Times New Roman' not found.
findfont: Font family 'Times New Roman' not found.
findfont: Font family 'Times New Roman' not found.
findfont: Font family 'Times New Roman' not found.
findfont: Font family 'Times New Roman' not found.
findfont: Font family 'Times New Roman' not found.
findfont: Font family 'Times New Roman' not found.
findfont: Font family 'Times New Roman' not found.
findfont: Font family 'Times New Roman' not found.
findfont: Font family 'Times New Roman' not found.
findfont: Font family 'Times New Roman' not found.
findfont: Font family 'Times New Roman' not found.
findfont: Font family 'Times New Roman' not found.
findfont: Font family 'Times New Roman' not found.
findfont: Font family 'Times New Roman' not found.
findfont: Font family 'Times New Roman' not found.
findfont: Font family 'Times New Roman' not found.
findfont: Font family 'Times New Roman' not found.
findfont: Font family 'Times New Roman' not found.
findfont: Font family 'Times New Roman' not found.
findfont: Font family 'Times New Roman' not found.
findfont: Font family 'Times New Roman' not found.
findfont: Font family 'Times New Roman' not found.
findfont: Font family 'Times New Roman' not found.
findfont: Font family 'Times New Roman' not found.
findfont: Font family 'Times New Roman' not found.
findfont: Font family 'Times New Roman' not found.
findfont: Font family 'Times New Roman' not found.
findfont: Font family 'Times New Roman' not found.
findfont: Font family 'Times New Roman' not found.
findfont: Font family 'Times New Roman' not found.
findfont: Font family 'Times New Roman' not found.
findfont: Font family 'Times New Roman' not found.
findfont: Font family 'Times New Roman' not found.
findfont: Font family 'Times New Roman' not found.
findfont: Font family 'Times New Roman' not found.
findfont: Font family 'Times New Roman' not found.
findfont: Font family 'Times New Roman' not found.
findfont: Font family 'Times New Roman' not found.
findfont: Font family 'Times New Roman' not found.
findfont: Font family 'Times New Roman' not found.
findfont: Font family 'Times New Roman' not found.
findfont: Font family 'Times New Roman' not found.
findfont: Font family 'Times New Roman' not found.
findfont: Font family 'Times New Roman' not found.
findfont: Font family 'Times New Roman' not found.
findfont: Font family 'Times New Roman' not found.
findfont: Font family 'Times New Roman' not found.
findfont: Font family 'Times New Roman' not found.
findfont: Font family 'Times New Roman' not found.
findfont: Font family 'Times New Roman' not found.
findfont: Font family 'Times New Roman' not found.
findfont: Font family 'Times New Roman' not found.
findfont: Font family 'Times New Roman' not found.
findfont: Font family 'Times New Roman' not found.
findfont: Font family 'Times New Roman' not found.
findfont: Font family 'Times New Roman' not found.
findfont: Font family 'Times New Roman' not found.
findfont: Font family 'Times New Roman' not found.
findfont: Font family 'Times New Roman' not found.
findfont: Font family 'Times New Roman' not found.
findfont: Font family 'Times New Roman' not found.
findfont: Font family 'Times New Roman' not found.
findfont: Font family 'Times New Roman' not found.
findfont: Font family 'Times New Roman' not found.
findfont: Font family 'Times New Roman' not found.
findfont: Font family 'Times New Roman' not found.
findfont: Font family 'Times New Roman' not found.
findfont: Font family 'Times New Roman' not found.
findfont: Font family 'Times New Roman' not found.
findfont: Font family 'Times New Roman' not found.
findfont: Font family 'Times New Roman' not found.
findfont: Font family 'Times New Roman' not found.
findfont: Font family 'Times New Roman' not found.
findfont: Font family 'Times New Roman' not found.
findfont: Font family 'Times New Roman' not found.
findfont: Font family 'Times New Roman' not found.
findfont: Font family 'Times New Roman' not found.
findfont: Font family 'Times New Roman' not found.
findfont: Font family 'Times New Roman' not found.
findfont: Font family 'Times New Roman' not found.
findfont: Font family 'Times New Roman' not found.
findfont: Font family 'Times New Roman' not found.
findfont: Font family 'Times New Roman' not found.
findfont: Font family 'Times New Roman' not found.
findfont: Font family 'Times New Roman' not found.
findfont: Font family 'Times New Roman' not found.
findfont: Font family 'Times New Roman' not found.
findfont: Font family 'Times New Roman' not found.
findfont: Font family 'Times New Roman' not found.
findfont: Font family 'Times New Roman' not found.
findfont: Font family 'Times New Roman' not found.
findfont: Font family 'Times New Roman' not found.
findfont: Font family 'Times New Roman' not found.
findfont: Font family 'Times New Roman' not found.
findfont: Font family 'Times New Roman' not found.
findfont: Font family 'Times New Roman' not found.
findfont: Font family 'Times New Roman' not found.
findfont: Font family 'Times New Roman' not found.
findfont: Font family 'Times New Roman' not found.
findfont: Font family 'Times New Roman' not found.
findfont: Font family 'Times New Roman' not found.
findfont: Font family 'Times New Roman' not found.
findfont: Font family 'Times New Roman' not found.
findfont: Font family 'Times New Roman' not found.
findfont: Font family 'Times New Roman' not found.
findfont: Font family 'Times New Roman' not found.
findfont: Font family 'Times New Roman' not found.
findfont: Font family 'Times New Roman' not found.
findfont: Font family 'Times New Roman' not found.
findfont: Font family 'Times New Roman' not found.
findfont: Font family 'Times New Roman' not found.
findfont: Font family 'Times New Roman' not found.
findfont: Font family 'Times New Roman' not found.
findfont: Font family 'Times New Roman' not found.
findfont: Font family 'Times New Roman' not found.
findfont: Font family 'Times New Roman' not found.
findfont: Font family 'Times New Roman' not found.
findfont: Font family 'Times New Roman' not found.
findfont: Font family 'Times New Roman' not found.
findfont: Font family 'Times New Roman' not found.
findfont: Font family 'Times New Roman' not found.
findfont: Font family 'Times New Roman' not found.
findfont: Font family 'Times New Roman' not found.
findfont: Font family 'Times New Roman' not found.
findfont: Font family 'Times New Roman' not found.
findfont: Font family 'Times New Roman' not found.
findfont: Font family 'Times New Roman' not found.
findfont: Font family 'Times New Roman' not found.
findfont: Font family 'Times New Roman' not found.
findfont: Font family 'Times New Roman' not found.
findfont: Font family 'Times New Roman' not found.
findfont: Font family 'Times New Roman' not found.
findfont: Font family 'Times New Roman' not found.
findfont: Font family 'Times New Roman' not found.
findfont: Font family 'Times New Roman' not found.
findfont: Font family 'Times New Roman' not found.
findfont: Font family 'Times New Roman' not found.
findfont: Font family 'Times New Roman' not found.
findfont: Font family 'Times New Roman' not found.
findfont: Font family 'Times New Roman' not found.
findfont: Font family 'Times New Roman' not found.
findfont: Font family 'Times New Roman' not found.
findfont: Font family 'Times New Roman' not found.
findfont: Font family 'Times New Roman' not found.
findfont: Font family 'Times New Roman' not found.
findfont: Font family 'Times New Roman' not found.
findfont: Font family 'Times New Roman' not found.
findfont: Font family 'Times New Roman' not found.
findfont: Font family 'Times New Roman' not found.
findfont: Font family 'Times New Roman' not found.
findfont: Font family 'Times New Roman' not found.
findfont: Font family 'Times New Roman' not found.
findfont: Font family 'Times New Roman' not found.
findfont: Font family 'Times New Roman' not found.
findfont: Font family 'Times New Roman' not found.
findfont: Font family 'Times New Roman' not found.
findfont: Font family 'Times New Roman' not found.
findfont: Font family 'Times New Roman' not found.
findfont: Font family 'Times New Roman' not found.
findfont: Font family 'Times New Roman' not found.
findfont: Font family 'Times New Roman' not found.
findfont: Font family 'Times New Roman' not found.
findfont: Font family 'Times New Roman' not found.
findfont: Font family 'Times New Roman' not found.
findfont: Font family 'Times New Roman' not found.
findfont: Font family 'Times New Roman' not found.
findfont: Font family 'Times New Roman' not found.
findfont: Font family 'Times New Roman' not found.
findfont: Font family 'Times New Roman' not found.
findfont: Font family 'Times New Roman' not found.
findfont: Font family 'Times New Roman' not found.
findfont: Font family 'Times New Roman' not found.
findfont: Font family 'Times New Roman' not found.
findfont: Font family 'Times New Roman' not found.
findfont: Font family 'Times New Roman' not found.
findfont: Font family 'Times New Roman' not found.
findfont: Font family 'Times New Roman' not found.
findfont: Font family 'Times New Roman' not found.
findfont: Font family 'Times New Roman' not found.
findfont: Font family 'Times New Roman' not found.
findfont: Font family 'Times New Roman' not found.
findfont: Font family 'Times New Roman' not found.
findfont: Font family 'Times New Roman' not found.
findfont: Font family 'Times New Roman' not found.
findfont: Font family 'Times New Roman' not found.
findfont: Font family 'Times New Roman' not found.
findfont: Font family 'Times New Roman' not found.
findfont: Font family 'Times New Roman' not found.
findfont: Font family 'Times New Roman' not found.
findfont: Font family 'Times New Roman' not found.
findfont: Font family 'Times New Roman' not found.
findfont: Font family 'Times New Roman' not found.
findfont: Font family 'Times New Roman' not found.
findfont: Font family 'Times New Roman' not found.
findfont: Font family 'Times New Roman' not found.
findfont: Font family 'Times New Roman' not found.
findfont: Font family 'Times New Roman' not found.
findfont: Font family 'Times New Roman' not found.
findfont: Font family 'Times New Roman' not found.
findfont: Font family 'Times New Roman' not found.
findfont: Font family 'Times New Roman' not found.
findfont: Font family 'Times New Roman' not found.
findfont: Font family 'Times New Roman' not found.
findfont: Font family 'Times New Roman' not found.
findfont: Font family 'Times New Roman' not found.
findfont: Font family 'Times New Roman' not found.
findfont: Font family 'Times New Roman' not found.
findfont: Font family 'Times New Roman' not found.
findfont: Font family 'Times New Roman' not found.
findfont: Font family 'Times New Roman' not found.
findfont: Font family 'Times New Roman' not found.
findfont: Font family 'Times New Roman' not found.
findfont: Font family 'Times New Roman' not found.
findfont: Font family 'Times New Roman' not found.
findfont: Font family 'Times New Roman' not found.
findfont: Font family 'Times New Roman' not found.
findfont: Font family 'Times New Roman' not found.
findfont: Font family 'Times New Roman' not found.
findfont: Font family 'Times New Roman' not found.
findfont: Font family 'Times New Roman' not found.
findfont: Font family 'Times New Roman' not found.
findfont: Font family 'Times New Roman' not found.
findfont: Font family 'Times New Roman' not found.
findfont: Font family 'Times New Roman' not found.
findfont: Font family 'Times New Roman' not found.
findfont: Font family 'Times New Roman' not found.
findfont: Font family 'Times New Roman' not found.
findfont: Font family 'Times New Roman' not found.
findfont: Font family 'Times New Roman' not found.
findfont: Font family 'Times New Roman' not found.
findfont: Font family 'Times New Roman' not found.
findfont: Font family 'Times New Roman' not found.
findfont: Font family 'Times New Roman' not found.
findfont: Font family 'Times New Roman' not found.
findfont: Font family 'Times New Roman' not found.
findfont: Font family 'Times New Roman' not found.
findfont: Font family 'Times New Roman' not found.
findfont: Font family 'Times New Roman' not found.
findfont: Font family 'Times New Roman' not found.
findfont: Font family 'Times New Roman' not found.
findfont: Font family 'Times New Roman' not found.
findfont: Font family 'Times New Roman' not found.
findfont: Font family 'Times New Roman' not found.
findfont: Font family 'Times New Roman' not found.
findfont: Font family 'Times New Roman' not found.
findfont: Font family 'Times New Roman' not found.
findfont: Font family 'Times New Roman' not found.
findfont: Font family 'Times New Roman' not found.
findfont: Font family 'Times New Roman' not found.
findfont: Font family 'Times New Roman' not found.
findfont: Font family 'Times New Roman' not found.
findfont: Font family 'Times New Roman' not found.
findfont: Font family 'Times New Roman' not found.
findfont: Font family 'Times New Roman' not found.
findfont: Font family 'Times New Roman' not found.
findfont: Font family 'Times New Roman' not found.
findfont: Font family 'Times New Roman' not found.
findfont: Font family 'Times New Roman' not found.
findfont: Font family 'Times New Roman' not found.
findfont: Font family 'Times New Roman' not found.
findfont: Font family 'Times New Roman' not found.
findfont: Font family 'Times New Roman' not found.
findfont: Font family 'Times New Roman' not found.
findfont: Font family 'Times New Roman' not found.
findfont: Font family 'Times New Roman' not found.
findfont: Font family 'Times New Roman' not found.
findfont: Font family 'Times New Roman' not found.
findfont: Font family 'Times New Roman' not found.
findfont: Font family 'Times New Roman' not found.
findfont: Font family 'Times New Roman' not found.
findfont: Font family 'Times New Roman' not found.
findfont: Font family 'Times New Roman' not found.
findfont: Font family 'Times New Roman' not found.
findfont: Font family 'Times New Roman' not found.
findfont: Font family 'Times New Roman' not found.
findfont: Font family 'Times New Roman' not found.
findfont: Font family 'Times New Roman' not found.
findfont: Font family 'Times New Roman' not found.
findfont: Font family 'Times New Roman' not found.
findfont: Font family 'Times New Roman' not found.
findfont: Font family 'Times New Roman' not found.
findfont: Font family 'Times New Roman' not found.
findfont: Font family 'Times New Roman' not found.
findfont: Font family 'Times New Roman' not found.
findfont: Font family 'Times New Roman' not found.
findfont: Font family 'Times New Roman' not found.
findfont: Font family 'Times New Roman' not found.
findfont: Font family 'Times New Roman' not found.
findfont: Font family 'Times New Roman' not found.
findfont: Font family 'Times New Roman' not found.
findfont: Font family 'Times New Roman' not found.
findfont: Font family 'Times New Roman' not found.
findfont: Font family 'Times New Roman' not found.
findfont: Font family 'Times New Roman' not found.
findfont: Font family 'Times New Roman' not found.
findfont: Font family 'Times New Roman' not found.
findfont: Font family 'Times New Roman' not found.
findfont: Font family 'Times New Roman' not found.
findfont: Font family 'Times New Roman' not found.
findfont: Font family 'Times New Roman' not found.
findfont: Font family 'Times New Roman' not found.
findfont: Font family 'Times New Roman' not found.
findfont: Font family 'Times New Roman' not found.
findfont: Font family 'Times New Roman' not found.
findfont: Font family 'Times New Roman' not found.
findfont: Font family 'Times New Roman' not found.
findfont: Font family 'Times New Roman' not found.
findfont: Font family 'Times New Roman' not found.
findfont: Font family 'Times New Roman' not found.
findfont: Font family 'Times New Roman' not found.
findfont: Font family 'Times New Roman' not found.
findfont: Font family 'Times New Roman' not found.
findfont: Font family 'Times New Roman' not found.
findfont: Font family 'Times New Roman' not found.
findfont: Font family 'Times New Roman' not found.
findfont: Font family 'Times New Roman' not found.
findfont: Font family 'Times New Roman' not found.
findfont: Font family 'Times New Roman' not found.
findfont: Font family 'Times New Roman' not found.
findfont: Font family 'Times New Roman' not found.
findfont: Font family 'Times New Roman' not found.
findfont: Font family 'Times New Roman' not found.
findfont: Font family 'Times New Roman' not found.
findfont: Font family 'Times New Roman' not found.
findfont: Font family 'Times New Roman' not found.
findfont: Font family 'Times New Roman' not found.
findfont: Font family 'Times New Roman' not found.
findfont: Font family 'Times New Roman' not found.
findfont: Font family 'Times New Roman' not found.
findfont: Font family 'Times New Roman' not found.
findfont: Font family 'Times New Roman' not found.
findfont: Font family 'Times New Roman' not found.
findfont: Font family 'Times New Roman' not found.
findfont: Font family 'Times New Roman' not found.
findfont: Font family 'Times New Roman' not found.
findfont: Font family 'Times New Roman' not found.
findfont: Font family 'Times New Roman' not found.
findfont: Font family 'Times New Roman' not found.
findfont: Font family 'Times New Roman' not found.
findfont: Font family 'Times New Roman' not found.
findfont: Font family 'Times New Roman' not found.
findfont: Font family 'Times New Roman' not found.
findfont: Font family 'Times New Roman' not found.
findfont: Font family 'Times New Roman' not found.
findfont: Font family 'Times New Roman' not found.
findfont: Font family 'Times New Roman' not found.
findfont: Font family 'Times New Roman' not found.
findfont: Font family 'Times New Roman' not found.
findfont: Font family 'Times New Roman' not found.
findfont: Font family 'Times New Roman' not found.
findfont: Font family 'Times New Roman' not found.
findfont: Font family 'Times New Roman' not found.
findfont: Font family 'Times New Roman' not found.
findfont: Font family 'Times New Roman' not found.
findfont: Font family 'Times New Roman' not found.
findfont: Font family 'Times New Roman' not found.
findfont: Font family 'Times New Roman' not found.
findfont: Font family 'Times New Roman' not found.
findfont: Font family 'Times New Roman' not found.
findfont: Font family 'Times New Roman' not found.
findfont: Font family 'Times New Roman' not found.
findfont: Font family 'Times New Roman' not found.
findfont: Font family 'Times New Roman' not found.
findfont: Font family 'Times New Roman' not found.
findfont: Font family 'Times New Roman' not found.
findfont: Font family 'Times New Roman' not found.
findfont: Font family 'Times New Roman' not found.
findfont: Font family 'Times New Roman' not found.
findfont: Font family 'Times New Roman' not found.
findfont: Font family 'Times New Roman' not found.
findfont: Font family 'Times New Roman' not found.
findfont: Font family 'Times New Roman' not found.
findfont: Font family 'Times New Roman' not found.
findfont: Font family 'Times New Roman' not found.
findfont: Font family 'Times New Roman' not found.
findfont: Font family 'Times New Roman' not found.
findfont: Font family 'Times New Roman' not found.
findfont: Font family 'Times New Roman' not found.
findfont: Font family 'Times New Roman' not found.
findfont: Font family 'Times New Roman' not found.
findfont: Font family 'Times New Roman' not found.
findfont: Font family 'Times New Roman' not found.
findfont: Font family 'Times New Roman' not found.
findfont: Font family 'Times New Roman' not found.
findfont: Font family 'Times New Roman' not found.
findfont: Font family 'Times New Roman' not found.
findfont: Font family 'Times New Roman' not found.
findfont: Font family 'Times New Roman' not found.
findfont: Font family 'Times New Roman' not found.
findfont: Font family 'Times New Roman' not found.
findfont: Font family 'Times New Roman' not found.
findfont: Font family 'Times New Roman' not found.
findfont: Font family 'Times New Roman' not found.
findfont: Font family 'Times New Roman' not found.
findfont: Font family 'Times New Roman' not found.
findfont: Font family 'Times New Roman' not found.
findfont: Font family 'Times New Roman' not found.
findfont: Font family 'Times New Roman' not found.
findfont: Font family 'Times New Roman' not found.
findfont: Font family 'Times New Roman' not found.
findfont: Font family 'Times New Roman' not found.
findfont: Font family 'Times New Roman' not found.
findfont: Font family 'Times New Roman' not found.
findfont: Font family 'Times New Roman' not found.
findfont: Font family 'Times New Roman' not found.
findfont: Font family 'Times New Roman' not found.
findfont: Font family 'Times New Roman' not found.
findfont: Font family 'Times New Roman' not found.
findfont: Font family 'Times New Roman' not found.
findfont: Font family 'Times New Roman' not found.
findfont: Font family 'Times New Roman' not found.
findfont: Font family 'Times New Roman' not found.
findfont: Font family 'Times New Roman' not found.
findfont: Font family 'Times New Roman' not found.
findfont: Font family 'Times New Roman' not found.
findfont: Font family 'Times New Roman' not found.
findfont: Font family 'Times New Roman' not found.
findfont: Font family 'Times New Roman' not found.
findfont: Font family 'Times New Roman' not found.
findfont: Font family 'Times New Roman' not found.
findfont: Font family 'Times New Roman' not found.
findfont: Font family 'Times New Roman' not found.
findfont: Font family 'Times New Roman' not found.
findfont: Font family 'Times New Roman' not found.
findfont: Font family 'Times New Roman' not found.
findfont: Font family 'Times New Roman' not found.
findfont: Font family 'Times New Roman' not found.
findfont: Font family 'Times New Roman' not found.
findfont: Font family 'Times New Roman' not found.
findfont: Font family 'Times New Roman' not found.
findfont: Font family 'Times New Roman' not found.
findfont: Font family 'Times New Roman' not found.
findfont: Font family 'Times New Roman' not found.
findfont: Font family 'Times New Roman' not found.
findfont: Font family 'Times New Roman' not found.
findfont: Font family 'Times New Roman' not found.
findfont: Font family 'Times New Roman' not found.
findfont: Font family 'Times New Roman' not found.
findfont: Font family 'Times New Roman' not found.
findfont: Font family 'Times New Roman' not found.
findfont: Font family 'Times New Roman' not found.
findfont: Font family 'Times New Roman' not found.
findfont: Font family 'Times New Roman' not found.
findfont: Font family 'Times New Roman' not found.
findfont: Font family 'Times New Roman' not found.
findfont: Font family 'Times New Roman' not found.
findfont: Font family 'Times New Roman' not found.
findfont: Font family 'Times New Roman' not found.
findfont: Font family 'Times New Roman' not found.
findfont: Font family 'Times New Roman' not found.
findfont: Font family 'Times New Roman' not found.
findfont: Font family 'Times New Roman' not found.
findfont: Font family 'Times New Roman' not found.
findfont: Font family 'Times New Roman' not found.
findfont: Font family 'Times New Roman' not found.
findfont: Font family 'Times New Roman' not found.
findfont: Font family 'Times New Roman' not found.
findfont: Font family 'Times New Roman' not found.
findfont: Font family 'Times New Roman' not found.
findfont: Font family 'Times New Roman' not found.
findfont: Font family 'Times New Roman' not found.
findfont: Font family 'Times New Roman' not found.
findfont: Font family 'Times New Roman' not found.
findfont: Font family 'Times New Roman' not found.
findfont: Font family 'Times New Roman' not found.
findfont: Font family 'Times New Roman' not found.
findfont: Font family 'Times New Roman' not found.
findfont: Font family 'Times New Roman' not found.
findfont: Font family 'Times New Roman' not found.
findfont: Font family 'Times New Roman' not found.
findfont: Font family 'Times New Roman' not found.
findfont: Font family 'Times New Roman' not found.
findfont: Font family 'Times New Roman' not found.
findfont: Font family 'Times New Roman' not found.
findfont: Font family 'Times New Roman' not found.
findfont: Font family 'Times New Roman' not found.
findfont: Font family 'Times New Roman' not found.
findfont: Font family 'Times New Roman' not found.
findfont: Font family 'Times New Roman' not found.
findfont: Font family 'Times New Roman' not found.
findfont: Font family 'Times New Roman' not found.
findfont: Font family 'Times New Roman' not found.
findfont: Font family 'Times New Roman' not found.
findfont: Font family 'Times New Roman' not found.
findfont: Font family 'Times New Roman' not found.
findfont: Font family 'Times New Roman' not found.
findfont: Font family 'Times New Roman' not found.
findfont: Font family 'Times New Roman' not found.
findfont: Font family 'Times New Roman' not found.
findfont: Font family 'Times New Roman' not found.
findfont: Font family 'Times New Roman' not found.
findfont: Font family 'Times New Roman' not found.
findfont: Font family 'Times New Roman' not found.
findfont: Font family 'Times New Roman' not found.
findfont: Font family 'Times New Roman' not found.
findfont: Font family 'Times New Roman' not found.
findfont: Font family 'Times New Roman' not found.
findfont: Font family 'Times New Roman' not found.
findfont: Font family 'Times New Roman' not found.
findfont: Font family 'Times New Roman' not found.
findfont: Font family 'Times New Roman' not found.
findfont: Font family 'Times New Roman' not found.
findfont: Font family 'Times New Roman' not found.
findfont: Font family 'Times New Roman' not found.
findfont: Font family 'Times New Roman' not found.
findfont: Font family 'Times New Roman' not found.
findfont: Font family 'Times New Roman' not found.
findfont: Font family 'Times New Roman' not found.
findfont: Font family 'Times New Roman' not found.
findfont: Font family 'Times New Roman' not found.
findfont: Font family 'Times New Roman' not found.
findfont: Font family 'Times New Roman' not found.
findfont: Font family 'Times New Roman' not found.
findfont: Font family 'Times New Roman' not found.
findfont: Font family 'Times New Roman' not found.
findfont: Font family 'Times New Roman' not found.
findfont: Font family 'Times New Roman' not found.
findfont: Font family 'Times New Roman' not found.
findfont: Font family 'Times New Roman' not found.
findfont: Font family 'Times New Roman' not found.
findfont: Font family 'Times New Roman' not found.
findfont: Font family 'Times New Roman' not found.
findfont: Font family 'Times New Roman' not found.
findfont: Font family 'Times New Roman' not found.
findfont: Font family 'Times New Roman' not found.
findfont: Font family 'Times New Roman' not found.
findfont: Font family 'Times New Roman' not found.
findfont: Font family 'Times New Roman' not found.
findfont: Font family 'Times New Roman' not found.
findfont: Font family 'Times New Roman' not found.
findfont: Font family 'Times New Roman' not found.
findfont: Font family 'Times New Roman' not found.
findfont: Font family 'Times New Roman' not found.
findfont: Font family 'Times New Roman' not found.
findfont: Font family 'Times New Roman' not found.
findfont: Font family 'Times New Roman' not found.
findfont: Font family 'Times New Roman' not found.
findfont: Font family 'Times New Roman' not found.
findfont: Font family 'Times New Roman' not found.
findfont: Font family 'Times New Roman' not found.
findfont: Font family 'Times New Roman' not found.
findfont: Font family 'Times New Roman' not found.
findfont: Font family 'Times New Roman' not found.
findfont: Font family 'Times New Roman' not found.
findfont: Font family 'Times New Roman' not found.
findfont: Font family 'Times New Roman' not found.
findfont: Font family 'Times New Roman' not found.
findfont: Font family 'Times New Roman' not found.
findfont: Font family 'Times New Roman' not found.
findfont: Font family 'Times New Roman' not found.
findfont: Font family 'Times New Roman' not found.
findfont: Font family 'Times New Roman' not found.
findfont: Font family 'Times New Roman' not found.
findfont: Font family 'Times New Roman' not found.
findfont: Font family 'Times New Roman' not found.
findfont: Font family 'Times New Roman' not found.
findfont: Font family 'Times New Roman' not found.
findfont: Font family 'Times New Roman' not found.
findfont: Font family 'Times New Roman' not found.
findfont: Font family 'Times New Roman' not found.
findfont: Font family 'Times New Roman' not found.
findfont: Font family 'Times New Roman' not found.
findfont: Font family 'Times New Roman' not found.
findfont: Font family 'Times New Roman' not found.
findfont: Font family 'Times New Roman' not found.
findfont: Font family 'Times New Roman' not found.
findfont: Font family 'Times New Roman' not found.
findfont: Font family 'Times New Roman' not found.
findfont: Font family 'Times New Roman' not found.
findfont: Font family 'Times New Roman' not found.
findfont: Font family 'Times New Roman' not found.
findfont: Font family 'Times New Roman' not found.
findfont: Font family 'Times New Roman' not found.
findfont: Font family 'Times New Roman' not found.
findfont: Font family 'Times New Roman' not found.
findfont: Font family 'Times New Roman' not found.
findfont: Font family 'Times New Roman' not found.
findfont: Font family 'Times New Roman' not found.
findfont: Font family 'Times New Roman' not found.
findfont: Font family 'Times New Roman' not found.
findfont: Font family 'Times New Roman' not found.
findfont: Font family 'Times New Roman' not found.
findfont: Font family 'Times New Roman' not found.
findfont: Font family 'Times New Roman' not found.
findfont: Font family 'Times New Roman' not found.
findfont: Font family 'Times New Roman' not found.
findfont: Font family 'Times New Roman' not found.
findfont: Font family 'Times New Roman' not found.
findfont: Font family 'Times New Roman' not found.
findfont: Font family 'Times New Roman' not found.
findfont: Font family 'Times New Roman' not found.
findfont: Font family 'Times New Roman' not found.
findfont: Font family 'Times New Roman' not found.
findfont: Font family 'Times New Roman' not found.
findfont: Font family 'Times New Roman' not found.
findfont: Font family 'Times New Roman' not found.
findfont: Font family 'Times New Roman' not found.
findfont: Font family 'Times New Roman' not found.
findfont: Font family 'Times New Roman' not found.
findfont: Font family 'Times New Roman' not found.
findfont: Font family 'Times New Roman' not found.
findfont: Font family 'Times New Roman' not found.
findfont: Font family 'Times New Roman' not found.
findfont: Font family 'Times New Roman' not found.
findfont: Font family 'Times New Roman' not found.
findfont: Font family 'Times New Roman' not found.
findfont: Font family 'Times New Roman' not found.
findfont: Font family 'Times New Roman' not found.
findfont: Font family 'Times New Roman' not found.
findfont: Font family 'Times New Roman' not found.
findfont: Font family 'Times New Roman' not found.
findfont: Font family 'Times New Roman' not found.
findfont: Font family 'Times New Roman' not found.
findfont: Font family 'Times New Roman' not found.
findfont: Font family 'Times New Roman' not found.
findfont: Font family 'Times New Roman' not found.
findfont: Font family 'Times New Roman' not found.
findfont: Font family 'Times New Roman' not found.
findfont: Font family 'Times New Roman' not found.
findfont: Font family 'Times New Roman' not found.
findfont: Font family 'Times New Roman' not found.
findfont: Font family 'Times New Roman' not found.
findfont: Font family 'Times New Roman' not found.
findfont: Font family 'Times New Roman' not found.
findfont: Font family 'Times New Roman' not found.
findfont: Font family 'Times New Roman' not found.
findfont: Font family 'Times New Roman' not found.
findfont: Font family 'Times New Roman' not found.
findfont: Font family 'Times New Roman' not found.
findfont: Font family 'Times New Roman' not found.
findfont: Font family 'Times New Roman' not found.
findfont: Font family 'Times New Roman' not found.
findfont: Font family 'Times New Roman' not found.
findfont: Font family 'Times New Roman' not found.
findfont: Font family 'Times New Roman' not found.
findfont: Font family 'Times New Roman' not found.
findfont: Font family 'Times New Roman' not found.
findfont: Font family 'Times New Roman' not found.
findfont: Font family 'Times New Roman' not found.
findfont: Font family 'Times New Roman' not found.
findfont: Font family 'Times New Roman' not found.
findfont: Font family 'Times New Roman' not found.
findfont: Font family 'Times New Roman' not found.
findfont: Font family 'Times New Roman' not found.
findfont: Font family 'Times New Roman' not found.
findfont: Font family 'Times New Roman' not found.
findfont: Font family 'Times New Roman' not found.
findfont: Font family 'Times New Roman' not found.
findfont: Font family 'Times New Roman' not found.
findfont: Font family 'Times New Roman' not found.
findfont: Font family 'Times New Roman' not found.
findfont: Font family 'Times New Roman' not found.
findfont: Font family 'Times New Roman' not found.
findfont: Font family 'Times New Roman' not found.
findfont: Font family 'Times New Roman' not found.
findfont: Font family 'Times New Roman' not found.
findfont: Font family 'Times New Roman' not found.
findfont: Font family 'Times New Roman' not found.
findfont: Font family 'Times New Roman' not found.
findfont: Font family 'Times New Roman' not found.
findfont: Font family 'Times New Roman' not found.
findfont: Font family 'Times New Roman' not found.
findfont: Font family 'Times New Roman' not found.
findfont: Font family 'Times New Roman' not found.
findfont: Font family 'Times New Roman' not found.
findfont: Font family 'Times New Roman' not found.
findfont: Font family 'Times New Roman' not found.
findfont: Font family 'Times New Roman' not found.
findfont: Font family 'Times New Roman' not found.
findfont: Font family 'Times New Roman' not found.
findfont: Font family 'Times New Roman' not found.
findfont: Font family 'Times New Roman' not found.
findfont: Font family 'Times New Roman' not found.
findfont: Font family 'Times New Roman' not found.
findfont: Font family 'Times New Roman' not found.
findfont: Font family 'Times New Roman' not found.
findfont: Font family 'Times New Roman' not found.
findfont: Font family 'Times New Roman' not found.
findfont: Font family 'Times New Roman' not found.
findfont: Font family 'Times New Roman' not found.
findfont: Font family 'Times New Roman' not found.
findfont: Font family 'Times New Roman' not found.
findfont: Font family 'Times New Roman' not found.
findfont: Font family 'Times New Roman' not found.
findfont: Font family 'Times New Roman' not found.
findfont: Font family 'Times New Roman' not found.
findfont: Font family 'Times New Roman' not found.
findfont: Font family 'Times New Roman' not found.
findfont: Font family 'Times New Roman' not found.
findfont: Font family 'Times New Roman' not found.
findfont: Font family 'Times New Roman' not found.
findfont: Font family 'Times New Roman' not found.
findfont: Font family 'Times New Roman' not found.
findfont: Font family 'Times New Roman' not found.
findfont: Font family 'Times New Roman' not found.
findfont: Font family 'Times New Roman' not found.
findfont: Font family 'Times New Roman' not found.
findfont: Font family 'Times New Roman' not found.
findfont: Font family 'Times New Roman' not found.
findfont: Font family 'Times New Roman' not found.
findfont: Font family 'Times New Roman' not found.
findfont: Font family 'Times New Roman' not found.
findfont: Font family 'Times New Roman' not found.
findfont: Font family 'Times New Roman' not found.
findfont: Font family 'Times New Roman' not found.
findfont: Font family 'Times New Roman' not found.
findfont: Font family 'Times New Roman' not found.
findfont: Font family 'Times New Roman' not found.
findfont: Font family 'Times New Roman' not found.
findfont: Font family 'Times New Roman' not found.
findfont: Font family 'Times New Roman' not found.
findfont: Font family 'Times New Roman' not found.
findfont: Font family 'Times New Roman' not found.
findfont: Font family 'Times New Roman' not found.
findfont: Font family 'Times New Roman' not found.
findfont: Font family 'Times New Roman' not found.
findfont: Font family 'Times New Roman' not found.
findfont: Font family 'Times New Roman' not found.
findfont: Font family 'Times New Roman' not found.
findfont: Font family 'Times New Roman' not found.
findfont: Font family 'Times New Roman' not found.
findfont: Font family 'Times New Roman' not found.
findfont: Font family 'Times New Roman' not found.
findfont: Font family 'Times New Roman' not found.
findfont: Font family 'Times New Roman' not found.
findfont: Font family 'Times New Roman' not found.
findfont: Font family 'Times New Roman' not found.
findfont: Font family 'Times New Roman' not found.
findfont: Font family 'Times New Roman' not found.
findfont: Font family 'Times New Roman' not found.
findfont: Font family 'Times New Roman' not found.
findfont: Font family 'Times New Roman' not found.
findfont: Font family 'Times New Roman' not found.
findfont: Font family 'Times New Roman' not found.
findfont: Font family 'Times New Roman' not found.
findfont: Font family 'Times New Roman' not found.
findfont: Font family 'Times New Roman' not found.
findfont: Font family 'Times New Roman' not found.
findfont: Font family 'Times New Roman' not found.
findfont: Font family 'Times New Roman' not found.
findfont: Font family 'Times New Roman' not found.
findfont: Font family 'Times New Roman' not found.
findfont: Font family 'Times New Roman' not found.
findfont: Font family 'Times New Roman' not found.
findfont: Font family 'Times New Roman' not found.
findfont: Font family 'Times New Roman' not found.
findfont: Font family 'Times New Roman' not found.
findfont: Font family 'Times New Roman' not found.
findfont: Font family 'Times New Roman' not found.
findfont: Font family 'Times New Roman' not found.
findfont: Font family 'Times New Roman' not found.
findfont: Font family 'Times New Roman' not found.
findfont: Font family 'Times New Roman' not found.
findfont: Font family 'Times New Roman' not found.
findfont: Font family 'Times New Roman' not found.
findfont: Font family 'Times New Roman' not found.
findfont: Font family 'Times New Roman' not found.
findfont: Font family 'Times New Roman' not found.
findfont: Font family 'Times New Roman' not found.
findfont: Font family 'Times New Roman' not found.
findfont: Font family 'Times New Roman' not found.
findfont: Font family 'Times New Roman' not found.
findfont: Font family 'Times New Roman' not found.
findfont: Font family 'Times New Roman' not found.
findfont: Font family 'Times New Roman' not found.
findfont: Font family 'Times New Roman' not found.
findfont: Font family 'Times New Roman' not found.
findfont: Font family 'Times New Roman' not found.
findfont: Font family 'Times New Roman' not found.
findfont: Font family 'Times New Roman' not found.
findfont: Font family 'Times New Roman' not found.
findfont: Font family 'Times New Roman' not found.
findfont: Font family 'Times New Roman' not found.
findfont: Font family 'Times New Roman' not found.
findfont: Font family 'Times New Roman' not found.
findfont: Font family 'Times New Roman' not found.
findfont: Font family 'Times New Roman' not found.
findfont: Font family 'Times New Roman' not found.
findfont: Font family 'Times New Roman' not found.
findfont: Font family 'Times New Roman' not found.
findfont: Font family 'Times New Roman' not found.
findfont: Font family 'Times New Roman' not found.
findfont: Font family 'Times New Roman' not found.
findfont: Font family 'Times New Roman' not found.
findfont: Font family 'Times New Roman' not found.
findfont: Font family 'Times New Roman' not found.
findfont: Font family 'Times New Roman' not found.
findfont: Font family 'Times New Roman' not found.
findfont: Font family 'Times New Roman' not found.
findfont: Font family 'Times New Roman' not found.
findfont: Font family 'Times New Roman' not found.
findfont: Font family 'Times New Roman' not found.
findfont: Font family 'Times New Roman' not found.
findfont: Font family 'Times New Roman' not found.
findfont: Font family 'Times New Roman' not found.
findfont: Font family 'Times New Roman' not found.
findfont: Font family 'Times New Roman' not found.
findfont: Font family 'Times New Roman' not found.
findfont: Font family 'Times New Roman' not found.
findfont: Font family 'Times New Roman' not found.
findfont: Font family 'Times New Roman' not found.
findfont: Font family 'Times New Roman' not found.
findfont: Font family 'Times New Roman' not found.
findfont: Font family 'Times New Roman' not found.
findfont: Font family 'Times New Roman' not found.
findfont: Font family 'Times New Roman' not found.
findfont: Font family 'Times New Roman' not found.
findfont: Font family 'Times New Roman' not found.
findfont: Font family 'Times New Roman' not found.
findfont: Font family 'Times New Roman' not found.
findfont: Font family 'Times New Roman' not found.
findfont: Font family 'Times New Roman' not found.
findfont: Font family 'Times New Roman' not found.
findfont: Font family 'Times New Roman' not found.
findfont: Font family 'Times New Roman' not found.
findfont: Font family 'Times New Roman' not found.
findfont: Font family 'Times New Roman' not found.
findfont: Font family 'Times New Roman' not found.
findfont: Font family 'Times New Roman' not found.
findfont: Font family 'Times New Roman' not found.
findfont: Font family 'Times New Roman' not found.
findfont: Font family 'Times New Roman' not found.
findfont: Font family 'Times New Roman' not found.
findfont: Font family 'Times New Roman' not found.
findfont: Font family 'Times New Roman' not found.
findfont: Font family 'Times New Roman' not found.
findfont: Font family 'Times New Roman' not found.
findfont: Font family 'Times New Roman' not found.
findfont: Font family 'Times New Roman' not found.
findfont: Font family 'Times New Roman' not found.
findfont: Font family 'Times New Roman' not found.
findfont: Font family 'Times New Roman' not found.
findfont: Font family 'Times New Roman' not found.
findfont: Font family 'Times New Roman' not found.
findfont: Font family 'Times New Roman' not found.
findfont: Font family 'Times New Roman' not found.
findfont: Font family 'Times New Roman' not found.
findfont: Font family 'Times New Roman' not found.
findfont: Font family 'Times New Roman' not found.
findfont: Font family 'Times New Roman' not found.
findfont: Font family 'Times New Roman' not found.
findfont: Font family 'Times New Roman' not found.
findfont: Font family 'Times New Roman' not found.
findfont: Font family 'Times New Roman' not found.
findfont: Font family 'Times New Roman' not found.
findfont: Font family 'Times New Roman' not found.
findfont: Font family 'Times New Roman' not found.
findfont: Font family 'Times New Roman' not found.
findfont: Font family 'Times New Roman' not found.
findfont: Font family 'Times New Roman' not found.
findfont: Font family 'Times New Roman' not found.
findfont: Font family 'Times New Roman' not found.
findfont: Font family 'Times New Roman' not found.
findfont: Font family 'Times New Roman' not found.
findfont: Font family 'Times New Roman' not found.
findfont: Font family 'Times New Roman' not found.
findfont: Font family 'Times New Roman' not found.
findfont: Font family 'Times New Roman' not found.
findfont: Font family 'Times New Roman' not found.
findfont: Font family 'Times New Roman' not found.
findfont: Font family 'Times New Roman' not found.
findfont: Font family 'Times New Roman' not found.
findfont: Font family 'Times New Roman' not found.
findfont: Font family 'Times New Roman' not found.
findfont: Font family 'Times New Roman' not found.
findfont: Font family 'Times New Roman' not found.
findfont: Font family 'Times New Roman' not found.
findfont: Font family 'Times New Roman' not found.
findfont: Font family 'Times New Roman' not found.
findfont: Font family 'Times New Roman' not found.
findfont: Font family 'Times New Roman' not found.
findfont: Font family 'Times New Roman' not found.
findfont: Font family 'Times New Roman' not found.
findfont: Font family 'Times New Roman' not found.
findfont: Font family 'Times New Roman' not found.
findfont: Font family 'Times New Roman' not found.
findfont: Font family 'Times New Roman' not found.
findfont: Font family 'Times New Roman' not found.
findfont: Font family 'Times New Roman' not found.
findfont: Font family 'Times New Roman' not found.
findfont: Font family 'Times New Roman' not found.
findfont: Font family 'Times New Roman' not found.
findfont: Font family 'Times New Roman' not found.
findfont: Font family 'Times New Roman' not found.
findfont: Font family 'Times New Roman' not found.
findfont: Font family 'Times New Roman' not found.
findfont: Font family 'Times New Roman' not found.
findfont: Font family 'Times New Roman' not found.
findfont: Font family 'Times New Roman' not found.
findfont: Font family 'Times New Roman' not found.
findfont: Font family 'Times New Roman' not found.
findfont: Font family 'Times New Roman' not found.
findfont: Font family 'Times New Roman' not found.
findfont: Font family 'Times New Roman' not found.
findfont: Font family 'Times New Roman' not found.
findfont: Font family 'Times New Roman' not found.
findfont: Font family 'Times New Roman' not found.
findfont: Font family 'Times New Roman' not found.
findfont: Font family 'Times New Roman' not found.
findfont: Font family 'Times New Roman' not found.
findfont: Font family 'Times New Roman' not found.
findfont: Font family 'Times New Roman' not found.
findfont: Font family 'Times New Roman' not found.
findfont: Font family 'Times New Roman' not found.
findfont: Font family 'Times New Roman' not found.
findfont: Font family 'Times New Roman' not found.
findfont: Font family 'Times New Roman' not found.
findfont: Font family 'Times New Roman' not found.
findfont: Font family 'Times New Roman' not found.
findfont: Font family 'Times New Roman' not found.
findfont: Font family 'Times New Roman' not found.
findfont: Font family 'Times New Roman' not found.
findfont: Font family 'Times New Roman' not found.
findfont: Font family 'Times New Roman' not found.
findfont: Font family 'Times New Roman' not found.
findfont: Font family 'Times New Roman' not found.
findfont: Font family 'Times New Roman' not found.
findfont: Font family 'Times New Roman' not found.
findfont: Font family 'Times New Roman' not found.
findfont: Font family 'Times New Roman' not found.
findfont: Font family 'Times New Roman' not found.
findfont: Font family 'Times New Roman' not found.
findfont: Font family 'Times New Roman' not found.
findfont: Font family 'Times New Roman' not found.
findfont: Font family 'Times New Roman' not found.
findfont: Font family 'Times New Roman' not found.
findfont: Font family 'Times New Roman' not found.
findfont: Font family 'Times New Roman' not found.
findfont: Font family 'Times New Roman' not found.
findfont: Font family 'Times New Roman' not found.
findfont: Font family 'Times New Roman' not found.
findfont: Font family 'Times New Roman' not found.
findfont: Font family 'Times New Roman' not found.
findfont: Font family 'Times New Roman' not found.
findfont: Font family 'Times New Roman' not found.
findfont: Font family 'Times New Roman' not found.
findfont: Font family 'Times New Roman' not found.
findfont: Font family 'Times New Roman' not found.
findfont: Font family 'Times New Roman' not found.
findfont: Font family 'Times New Roman' not found.
findfont: Font family 'Times New Roman' not found.
findfont: Font family 'Times New Roman' not found.
findfont: Font family 'Times New Roman' not found.
findfont: Font family 'Times New Roman' not found.
findfont: Font family 'Times New Roman' not found.
findfont: Font family 'Times New Roman' not found.
findfont: Font family 'Times New Roman' not found.
findfont: Font family 'Times New Roman' not found.
findfont: Font family 'Times New Roman' not found.
findfont: Font family 'Times New Roman' not found.
findfont: Font family 'Times New Roman' not found.
findfont: Font family 'Times New Roman' not found.
findfont: Font family 'Times New Roman' not found.
findfont: Font family 'Times New Roman' not found.
findfont: Font family 'Times New Roman' not found.
findfont: Font family 'Times New Roman' not found.
findfont: Font family 'Times New Roman' not found.
findfont: Font family 'Times New Roman' not found.
findfont: Font family 'Times New Roman' not found.
findfont: Font family 'Times New Roman' not found.
findfont: Font family 'Times New Roman' not found.
findfont: Font family 'Times New Roman' not found.
findfont: Font family 'Times New Roman' not found.
findfont: Font family 'Times New Roman' not found.
findfont: Font family 'Times New Roman' not found.
findfont: Font family 'Times New Roman' not found.
findfont: Font family 'Times New Roman' not found.
findfont: Font family 'Times New Roman' not found.
findfont: Font family 'Times New Roman' not found.
findfont: Font family 'Times New Roman' not found.
findfont: Font family 'Times New Roman' not found.
findfont: Font family 'Times New Roman' not found.
findfont: Font family 'Times New Roman' not found.
findfont: Font family 'Times New Roman' not found.
findfont: Font family 'Times New Roman' not found.
findfont: Font family 'Times New Roman' not found.
findfont: Font family 'Times New Roman' not found.
findfont: Font family 'Times New Roman' not found.
findfont: Font family 'Times New Roman' not found.
findfont: Font family 'Times New Roman' not found.
findfont: Font family 'Times New Roman' not found.
findfont: Font family 'Times New Roman' not found.
findfont: Font family 'Times New Roman' not found.
findfont: Font family 'Times New Roman' not found.
findfont: Font family 'Times New Roman' not found.
findfont: Font family 'Times New Roman' not found.
findfont: Font family 'Times New Roman' not found.
findfont: Font family 'Times New Roman' not found.
findfont: Font family 'Times New Roman' not found.
findfont: Font family 'Times New Roman' not found.
findfont: Font family 'Times New Roman' not found.
findfont: Font family 'Times New Roman' not found.
findfont: Font family 'Times New Roman' not found.
findfont: Font family 'Times New Roman' not found.
findfont: Font family 'Times New Roman' not found.
findfont: Font family 'Times New Roman' not found.
findfont: Font family 'Times New Roman' not found.
findfont: Font family 'Times New Roman' not found.
findfont: Font family 'Times New Roman' not found.
findfont: Font family 'Times New Roman' not found.
findfont: Font family 'Times New Roman' not found.
findfont: Font family 'Times New Roman' not found.
findfont: Font family 'Times New Roman' not found.
findfont: Font family 'Times New Roman' not found.
findfont: Font family 'Times New Roman' not found.
findfont: Font family 'Times New Roman' not found.
findfont: Font family 'Times New Roman' not found.
findfont: Font family 'Times New Roman' not found.
findfont: Font family 'Times New Roman' not found.
findfont: Font family 'Times New Roman' not found.
findfont: Font family 'Times New Roman' not found.
findfont: Font family 'Times New Roman' not found.
findfont: Font family 'Times New Roman' not found.
findfont: Font family 'Times New Roman' not found.
findfont: Font family 'Times New Roman' not found.
findfont: Font family 'Times New Roman' not found.
findfont: Font family 'Times New Roman' not found.
findfont: Font family 'Times New Roman' not found.
findfont: Font family 'Times New Roman' not found.
findfont: Font family 'Times New Roman' not found.
findfont: Font family 'Times New Roman' not found.
findfont: Font family 'Times New Roman' not found.
findfont: Font family 'Times New Roman' not found.
findfont: Font family 'Times New Roman' not found.
findfont: Font family 'Times New Roman' not found.
findfont: Font family 'Times New Roman' not found.
findfont: Font family 'Times New Roman' not found.
findfont: Font family 'Times New Roman' not found.
findfont: Font family 'Times New Roman' not found.
findfont: Font family 'Times New Roman' not found.
findfont: Font family 'Times New Roman' not found.
findfont: Font family 'Times New Roman' not found.
findfont: Font family 'Times New Roman' not found.
findfont: Font family 'Times New Roman' not found.
findfont: Font family 'Times New Roman' not found.
findfont: Font family 'Times New Roman' not found.
findfont: Font family 'Times New Roman' not found.
findfont: Font family 'Times New Roman' not found.
findfont: Font family 'Times New Roman' not found.
findfont: Font family 'Times New Roman' not found.
findfont: Font family 'Times New Roman' not found.
findfont: Font family 'Times New Roman' not found.
findfont: Font family 'Times New Roman' not found.
findfont: Font family 'Times New Roman' not found.
findfont: Font family 'Times New Roman' not found.
findfont: Font family 'Times New Roman' not found.
findfont: Font family 'Times New Roman' not found.
findfont: Font family 'Times New Roman' not found.
findfont: Font family 'Times New Roman' not found.
findfont: Font family 'Times New Roman' not found.
findfont: Font family 'Times New Roman' not found.
findfont: Font family 'Times New Roman' not found.
findfont: Font family 'Times New Roman' not found.
findfont: Font family 'Times New Roman' not found.
findfont: Font family 'Times New Roman' not found.
findfont: Font family 'Times New Roman' not found.
findfont: Font family 'Times New Roman' not found.
findfont: Font family 'Times New Roman' not found.
findfont: Font family 'Times New Roman' not found.
findfont: Font family 'Times New Roman' not found.
findfont: Font family 'Times New Roman' not found.
findfont: Font family 'Times New Roman' not found.
findfont: Font family 'Times New Roman' not found.
findfont: Font family 'Times New Roman' not found.
findfont: Font family 'Times New Roman' not found.
findfont: Font family 'Times New Roman' not found.
findfont: Font family 'Times New Roman' not found.
findfont: Font family 'Times New Roman' not found.
findfont: Font family 'Times New Roman' not found.
findfont: Font family 'Times New Roman' not found.
findfont: Font family 'Times New Roman' not found.
findfont: Font family 'Times New Roman' not found.
findfont: Font family 'Times New Roman' not found.
findfont: Font family 'Times New Roman' not found.
findfont: Font family 'Times New Roman' not found.
findfont: Font family 'Times New Roman' not found.
findfont: Font family 'Times New Roman' not found.
findfont: Font family 'Times New Roman' not found.
findfont: Font family 'Times New Roman' not found.
findfont: Font family 'Times New Roman' not found.
findfont: Font family 'Times New Roman' not found.
findfont: Font family 'Times New Roman' not found.
findfont: Font family 'Times New Roman' not found.
findfont: Font family 'Times New Roman' not found.
findfont: Font family 'Times New Roman' not found.
findfont: Font family 'Times New Roman' not found.
findfont: Font family 'Times New Roman' not found.
findfont: Font family 'Times New Roman' not found.
findfont: Font family 'Times New Roman' not found.
findfont: Font family 'Times New Roman' not found.
findfont: Font family 'Times New Roman' not found.
findfont: Font family 'Times New Roman' not found.
findfont: Font family 'Times New Roman' not found.
findfont: Font family 'Times New Roman' not found.
findfont: Font family 'Times New Roman' not found.
findfont: Font family 'Times New Roman' not found.
findfont: Font family 'Times New Roman' not found.
findfont: Font family 'Times New Roman' not found.
findfont: Font family 'Times New Roman' not found.
findfont: Font family 'Times New Roman' not found.
findfont: Font family 'Times New Roman' not found.
findfont: Font family 'Times New Roman' not found.
findfont: Font family 'Times New Roman' not found.
findfont: Font family 'Times New Roman' not found.
findfont: Font family 'Times New Roman' not found.
findfont: Font family 'Times New Roman' not found.
findfont: Font family 'Times New Roman' not found.
findfont: Font family 'Times New Roman' not found.
findfont: Font family 'Times New Roman' not found.
findfont: Font family 'Times New Roman' not found.
findfont: Font family 'Times New Roman' not found.
findfont: Font family 'Times New Roman' not found.
findfont: Font family 'Times New Roman' not found.
findfont: Font family 'Times New Roman' not found.
findfont: Font family 'Times New Roman' not found.
findfont: Font family 'Times New Roman' not found.
findfont: Font family 'Times New Roman' not found.
findfont: Font family 'Times New Roman' not found.
findfont: Font family 'Times New Roman' not found.
findfont: Font family 'Times New Roman' not found.
findfont: Font family 'Times New Roman' not found.
findfont: Font family 'Times New Roman' not found.
findfont: Font family 'Times New Roman' not found.
findfont: Font family 'Times New Roman' not found.
findfont: Font family 'Times New Roman' not found.
findfont: Font family 'Times New Roman' not found.
findfont: Font family 'Times New Roman' not found.
findfont: Font family 'Times New Roman' not found.
findfont: Font family 'Times New Roman' not found.
findfont: Font family 'Times New Roman' not found.
findfont: Font family 'Times New Roman' not found.
findfont: Font family 'Times New Roman' not found.
findfont: Font family 'Times New Roman' not found.
findfont: Font family 'Times New Roman' not found.
findfont: Font family 'Times New Roman' not found.
findfont: Font family 'Times New Roman' not found.
findfont: Font family 'Times New Roman' not found.
findfont: Font family 'Times New Roman' not found.
findfont: Font family 'Times New Roman' not found.
findfont: Font family 'Times New Roman' not found.
findfont: Font family 'Times New Roman' not found.
findfont: Font family 'Times New Roman' not found.
findfont: Font family 'Times New Roman' not found.
findfont: Font family 'Times New Roman' not found.
findfont: Font family 'Times New Roman' not found.
findfont: Font family 'Times New Roman' not found.
findfont: Font family 'Times New Roman' not found.
findfont: Font family 'Times New Roman' not found.
findfont: Font family 'Times New Roman' not found.
findfont: Font family 'Times New Roman' not found.
findfont: Font family 'Times New Roman' not found.
findfont: Font family 'Times New Roman' not found.
findfont: Font family 'Times New Roman' not found.
findfont: Font family 'Times New Roman' not found.
findfont: Font family 'Times New Roman' not found.
findfont: Font family 'Times New Roman' not found.
findfont: Font family 'Times New Roman' not found.
findfont: Font family 'Times New Roman' not found.
findfont: Font family 'Times New Roman' not found.
findfont: Font family 'Times New Roman' not found.
findfont: Font family 'Times New Roman' not found.
findfont: Font family 'Times New Roman' not found.
findfont: Font family 'Times New Roman' not found.
findfont: Font family 'Times New Roman' not found.
findfont: Font family 'Times New Roman' not found.
findfont: Font family 'Times New Roman' not found.
findfont: Font family 'Times New Roman' not found.
findfont: Font family 'Times New Roman' not found.
findfont: Font family 'Times New Roman' not found.
findfont: Font family 'Times New Roman' not found.
findfont: Font family 'Times New Roman' not found.
findfont: Font family 'Times New Roman' not found.
findfont: Font family 'Times New Roman' not found.
findfont: Font family 'Times New Roman' not found.
findfont: Font family 'Times New Roman' not found.
findfont: Font family 'Times New Roman' not found.
findfont: Font family 'Times New Roman' not found.
findfont: Font family 'Times New Roman' not found.
findfont: Font family 'Times New Roman' not found.
findfont: Font family 'Times New Roman' not found.
findfont: Font family 'Times New Roman' not found.
findfont: Font family 'Times New Roman' not found.
findfont: Font family 'Times New Roman' not found.
findfont: Font family 'Times New Roman' not found.
findfont: Font family 'Times New Roman' not found.
findfont: Font family 'Times New Roman' not found.
findfont: Font family 'Times New Roman' not found.
findfont: Font family 'Times New Roman' not found.
findfont: Font family 'Times New Roman' not found.
findfont: Font family 'Times New Roman' not found.
findfont: Font family 'Times New Roman' not found.
findfont: Font family 'Times New Roman' not found.
findfont: Font family 'Times New Roman' not found.
findfont: Font family 'Times New Roman' not found.
findfont: Font family 'Times New Roman' not found.
findfont: Font family 'Times New Roman' not found.
findfont: Font family 'Times New Roman' not found.
findfont: Font family 'Times New Roman' not found.
findfont: Font family 'Times New Roman' not found.
findfont: Font family 'Times New Roman' not found.
findfont: Font family 'Times New Roman' not found.
findfont: Font family 'Times New Roman' not found.
findfont: Font family 'Times New Roman' not found.
findfont: Font family 'Times New Roman' not found.
findfont: Font family 'Times New Roman' not found.
findfont: Font family 'Times New Roman' not found.
findfont: Font family 'Times New Roman' not found.
findfont: Font family 'Times New Roman' not found.
findfont: Font family 'Times New Roman' not found.
findfont: Font family 'Times New Roman' not found.
findfont: Font family 'Times New Roman' not found.
findfont: Font family 'Times New Roman' not found.
findfont: Font family 'Times New Roman' not found.
findfont: Font family 'Times New Roman' not found.
findfont: Font family 'Times New Roman' not found.
findfont: Font family 'Times New Roman' not found.
findfont: Font family 'Times New Roman' not found.
findfont: Font family 'Times New Roman' not found.
findfont: Font family 'Times New Roman' not found.
findfont: Font family 'Times New Roman' not found.
findfont: Font family 'Times New Roman' not found.
findfont: Font family 'Times New Roman' not found.
findfont: Font family 'Times New Roman' not found.
findfont: Font family 'Times New Roman' not found.
findfont: Font family 'Times New Roman' not found.
findfont: Font family 'Times New Roman' not found.
findfont: Font family 'Times New Roman' not found.
findfont: Font family 'Times New Roman' not found.
findfont: Font family 'Times New Roman' not found.
findfont: Font family 'Times New Roman' not found.
findfont: Font family 'Times New Roman' not found.
findfont: Font family 'Times New Roman' not found.
findfont: Font family 'Times New Roman' not found.
findfont: Font family 'Times New Roman' not found.
findfont: Font family 'Times New Roman' not found.
findfont: Font family 'Times New Roman' not found.
findfont: Font family 'Times New Roman' not found.
findfont: Font family 'Times New Roman' not found.
findfont: Font family 'Times New Roman' not found.
findfont: Font family 'Times New Roman' not found.
findfont: Font family 'Times New Roman' not found.
findfont: Font family 'Times New Roman' not found.
findfont: Font family 'Times New Roman' not found.
findfont: Font family 'Times New Roman' not found.
findfont: Font family 'Times New Roman' not found.
findfont: Font family 'Times New Roman' not found.
findfont: Font family 'Times New Roman' not found.
findfont: Font family 'Times New Roman' not found.
findfont: Font family 'Times New Roman' not found.
findfont: Font family 'Times New Roman' not found.
findfont: Font family 'Times New Roman' not found.
findfont: Font family 'Times New Roman' not found.
findfont: Font family 'Times New Roman' not found.
findfont: Font family 'Times New Roman' not found.
findfont: Font family 'Times New Roman' not found.
findfont: Font family 'Times New Roman' not found.
findfont: Font family 'Times New Roman' not found.
findfont: Font family 'Times New Roman' not found.
findfont: Font family 'Times New Roman' not found.
findfont: Font family 'Times New Roman' not found.
findfont: Font family 'Times New Roman' not found.
findfont: Font family 'Times New Roman' not found.
findfont: Font family 'Times New Roman' not found.
findfont: Font family 'Times New Roman' not found.
findfont: Font family 'Times New Roman' not found.
findfont: Font family 'Times New Roman' not found.
findfont: Font family 'Times New Roman' not found.
findfont: Font family 'Times New Roman' not found.
findfont: Font family 'Times New Roman' not found.
findfont: Font family 'Times New Roman' not found.
findfont: Font family 'Times New Roman' not found.
findfont: Font family 'Times New Roman' not found.
findfont: Font family 'Times New Roman' not found.
findfont: Font family 'Times New Roman' not found.
findfont: Font family 'Times New Roman' not found.
findfont: Font family 'Times New Roman' not found.
findfont: Font family 'Times New Roman' not found.
findfont: Font family 'Times New Roman' not found.
findfont: Font family 'Times New Roman' not found.
findfont: Font family 'Times New Roman' not found.
findfont: Font family 'Times New Roman' not found.
findfont: Font family 'Times New Roman' not found.
findfont: Font family 'Times New Roman' not found.
findfont: Font family 'Times New Roman' not found.
findfont: Font family 'Times New Roman' not found.
findfont: Font family 'Times New Roman' not found.
findfont: Font family 'Times New Roman' not found.
findfont: Font family 'Times New Roman' not found.
findfont: Font family 'Times New Roman' not found.
findfont: Font family 'Times New Roman' not found.
findfont: Font family 'Times New Roman' not found.
findfont: Font family 'Times New Roman' not found.
findfont: Font family 'Times New Roman' not found.
findfont: Font family 'Times New Roman' not found.
findfont: Font family 'Times New Roman' not found.
findfont: Font family 'Times New Roman' not found.
findfont: Font family 'Times New Roman' not found.
findfont: Font family 'Times New Roman' not found.
findfont: Font family 'Times New Roman' not found.
findfont: Font family 'Times New Roman' not found.
findfont: Font family 'Times New Roman' not found.
findfont: Font family 'Times New Roman' not found.
findfont: Font family 'Times New Roman' not found.
findfont: Font family 'Times New Roman' not found.
findfont: Font family 'Times New Roman' not found.
findfont: Font family 'Times New Roman' not found.
findfont: Font family 'Times New Roman' not found.
findfont: Font family 'Times New Roman' not found.
findfont: Font family 'Times New Roman' not found.
findfont: Font family 'Times New Roman' not found.
findfont: Font family 'Times New Roman' not found.
findfont: Font family 'Times New Roman' not found.
findfont: Font family 'Times New Roman' not found.
findfont: Font family 'Times New Roman' not found.
findfont: Font family 'Times New Roman' not found.
findfont: Font family 'Times New Roman' not found.
findfont: Font family 'Times New Roman' not found.
findfont: Font family 'Times New Roman' not found.
findfont: Font family 'Times New Roman' not found.
findfont: Font family 'Times New Roman' not found.
findfont: Font family 'Times New Roman' not found.
findfont: Font family 'Times New Roman' not found.
findfont: Font family 'Times New Roman' not found.
findfont: Font family 'Times New Roman' not found.
findfont: Font family 'Times New Roman' not found.
findfont: Font family 'Times New Roman' not found.
findfont: Font family 'Times New Roman' not found.
findfont: Font family 'Times New Roman' not found.
findfont: Font family 'Times New Roman' not found.
findfont: Font family 'Times New Roman' not found.
findfont: Font family 'Times New Roman' not found.
findfont: Font family 'Times New Roman' not found.
findfont: Font family 'Times New Roman' not found.
findfont: Font family 'Times New Roman' not found.
findfont: Font family 'Times New Roman' not found.
findfont: Font family 'Times New Roman' not found.
findfont: Font family 'Times New Roman' not found.
findfont: Font family 'Times New Roman' not found.
findfont: Font family 'Times New Roman' not found.
findfont: Font family 'Times New Roman' not found.
findfont: Font family 'Times New Roman' not found.
findfont: Font family 'Times New Roman' not found.
findfont: Font family 'Times New Roman' not found.
findfont: Font family 'Times New Roman' not found.
findfont: Font family 'Times New Roman' not found.
findfont: Font family 'Times New Roman' not found.
findfont: Font family 'Times New Roman' not found.
findfont: Font family 'Times New Roman' not found.
findfont: Font family 'Times New Roman' not found.
findfont: Font family 'Times New Roman' not found.
findfont: Font family 'Times New Roman' not found.
findfont: Font family 'Times New Roman' not found.
findfont: Font family 'Times New Roman' not found.
findfont: Font family 'Times New Roman' not found.
findfont: Font family 'Times New Roman' not found.
findfont: Font family 'Times New Roman' not found.
findfont: Font family 'Times New Roman' not found.
findfont: Font family 'Times New Roman' not found.
findfont: Font family 'Times New Roman' not found.
findfont: Font family 'Times New Roman' not found.
findfont: Font family 'Times New Roman' not found.
findfont: Font family 'Times New Roman' not found.
findfont: Font family 'Times New Roman' not found.
findfont: Font family 'Times New Roman' not found.
findfont: Font family 'Times New Roman' not found.
findfont: Font family 'Times New Roman' not found.
findfont: Font family 'Times New Roman' not found.
findfont: Font family 'Times New Roman' not found.
findfont: Font family 'Times New Roman' not found.
findfont: Font family 'Times New Roman' not found.
findfont: Font family 'Times New Roman' not found.
findfont: Font family 'Times New Roman' not found.
findfont: Font family 'Times New Roman' not found.
findfont: Font family 'Times New Roman' not found.
findfont: Font family 'Times New Roman' not found.
findfont: Font family 'Times New Roman' not found.
findfont: Font family 'Times New Roman' not found.
findfont: Font family 'Times New Roman' not found.
findfont: Font family 'Times New Roman' not found.
findfont: Font family 'Times New Roman' not found.
findfont: Font family 'Times New Roman' not found.
findfont: Font family 'Times New Roman' not found.
findfont: Font family 'Times New Roman' not found.
findfont: Font family 'Times New Roman' not found.
findfont: Font family 'Times New Roman' not found.
findfont: Font family 'Times New Roman' not found.
findfont: Font family 'Times New Roman' not found.
findfont: Font family 'Times New Roman' not found.
findfont: Font family 'Times New Roman' not found.
findfont: Font family 'Times New Roman' not found.
findfont: Font family 'Times New Roman' not found.
findfont: Font family 'Times New Roman' not found.
findfont: Font family 'Times New Roman' not found.
findfont: Font family 'Times New Roman' not found.
findfont: Font family 'Times New Roman' not found.
findfont: Font family 'Times New Roman' not found.
findfont: Font family 'Times New Roman' not found.
findfont: Font family 'Times New Roman' not found.
findfont: Font family 'Times New Roman' not found.
findfont: Font family 'Times New Roman' not found.
findfont: Font family 'Times New Roman' not found.
findfont: Font family 'Times New Roman' not found.
findfont: Font family 'Times New Roman' not found.
findfont: Font family 'Times New Roman' not found.
findfont: Font family 'Times New Roman' not found.
findfont: Font family 'Times New Roman' not found.
findfont: Font family 'Times New Roman' not found.
findfont: Font family 'Times New Roman' not found.
findfont: Font family 'Times New Roman' not found.
findfont: Font family 'Times New Roman' not found.
findfont: Font family 'Times New Roman' not found.
findfont: Font family 'Times New Roman' not found.
findfont: Font family 'Times New Roman' not found.
findfont: Font family 'Times New Roman' not found.
findfont: Font family 'Times New Roman' not found.
findfont: Font family 'Times New Roman' not found.
findfont: Font family 'Times New Roman' not found.
findfont: Font family 'Times New Roman' not found.
findfont: Font family 'Times New Roman' not found.
findfont: Font family 'Times New Roman' not found.
findfont: Font family 'Times New Roman' not found.
findfont: Font family 'Times New Roman' not found.
findfont: Font family 'Times New Roman' not found.
findfont: Font family 'Times New Roman' not found.
findfont: Font family 'Times New Roman' not found.
findfont: Font family 'Times New Roman' not found.
findfont: Font family 'Times New Roman' not found.
findfont: Font family 'Times New Roman' not found.
findfont: Font family 'Times New Roman' not found.
findfont: Font family 'Times New Roman' not found.
findfont: Font family 'Times New Roman' not found.
findfont: Font family 'Times New Roman' not found.
findfont: Font family 'Times New Roman' not found.
findfont: Font family 'Times New Roman' not found.
findfont: Font family 'Times New Roman' not found.
findfont: Font family 'Times New Roman' not found.
findfont: Font family 'Times New Roman' not found.
findfont: Font family 'Times New Roman' not found.
findfont: Font family 'Times New Roman' not found.
findfont: Font family 'Times New Roman' not found.
findfont: Font family 'Times New Roman' not found.
findfont: Font family 'Times New Roman' not found.
findfont: Font family 'Times New Roman' not found.
findfont: Font family 'Times New Roman' not found.
findfont: Font family 'Times New Roman' not found.
findfont: Font family 'Times New Roman' not found.
findfont: Font family 'Times New Roman' not found.
findfont: Font family 'Times New Roman' not found.
findfont: Font family 'Times New Roman' not found.
findfont: Font family 'Times New Roman' not found.
findfont: Font family 'Times New Roman' not found.
findfont: Font family 'Times New Roman' not found.
findfont: Font family 'Times New Roman' not found.
findfont: Font family 'Times New Roman' not found.
findfont: Font family 'Times New Roman' not found.
findfont: Font family 'Times New Roman' not found.
findfont: Font family 'Times New Roman' not found.
findfont: Font family 'Times New Roman' not found.
findfont: Font family 'Times New Roman' not found.
findfont: Font family 'Times New Roman' not found.
findfont: Font family 'Times New Roman' not found.
findfont: Font family 'Times New Roman' not found.
findfont: Font family 'Times New Roman' not found.
findfont: Font family 'Times New Roman' not found.
findfont: Font family 'Times New Roman' not found.
findfont: Font family 'Times New Roman' not found.
findfont: Font family 'Times New Roman' not found.
findfont: Font family 'Times New Roman' not found.
findfont: Font family 'Times New Roman' not found.
findfont: Font family 'Times New Roman' not found.
findfont: Font family 'Times New Roman' not found.
findfont: Font family 'Times New Roman' not found.
findfont: Font family 'Times New Roman' not found.
findfont: Font family 'Times New Roman' not found.
findfont: Font family 'Times New Roman' not found.
findfont: Font family 'Times New Roman' not found.
findfont: Font family 'Times New Roman' not found.
findfont: Font family 'Times New Roman' not found.
findfont: Font family 'Times New Roman' not found.
findfont: Font family 'Times New Roman' not found.
findfont: Font family 'Times New Roman' not found.
findfont: Font family 'Times New Roman' not found.
findfont: Font family 'Times New Roman' not found.
findfont: Font family 'Times New Roman' not found.
findfont: Font family 'Times New Roman' not found.
findfont: Font family 'Times New Roman' not found.
findfont: Font family 'Times New Roman' not found.
findfont: Font family 'Times New Roman' not found.
findfont: Font family 'Times New Roman' not found.
findfont: Font family 'Times New Roman' not found.
findfont: Font family 'Times New Roman' not found.
findfont: Font family 'Times New Roman' not found.
findfont: Font family 'Times New Roman' not found.
findfont: Font family 'Times New Roman' not found.
findfont: Font family 'Times New Roman' not found.
findfont: Font family 'Times New Roman' not found.
findfont: Font family 'Times New Roman' not found.
findfont: Font family 'Times New Roman' not found.
findfont: Font family 'Times New Roman' not found.
findfont: Font family 'Times New Roman' not found.
findfont: Font family 'Times New Roman' not found.
findfont: Font family 'Times New Roman' not found.
findfont: Font family 'Times New Roman' not found.
findfont: Font family 'Times New Roman' not found.
findfont: Font family 'Times New Roman' not found.
findfont: Font family 'Times New Roman' not found.
findfont: Font family 'Times New Roman' not found.
findfont: Font family 'Times New Roman' not found.
findfont: Font family 'Times New Roman' not found.
findfont: Font family 'Times New Roman' not found.
findfont: Font family 'Times New Roman' not found.
findfont: Font family 'Times New Roman' not found.
findfont: Font family 'Times New Roman' not found.
findfont: Font family 'Times New Roman' not found.
findfont: Font family 'Times New Roman' not found.
findfont: Font family 'Times New Roman' not found.
findfont: Font family 'Times New Roman' not found.
findfont: Font family 'Times New Roman' not found.
findfont: Font family 'Times New Roman' not found.
findfont: Font family 'Times New Roman' not found.
findfont: Font family 'Times New Roman' not found.
findfont: Font family 'Times New Roman' not found.
findfont: Font family 'Times New Roman' not found.
findfont: Font family 'Times New Roman' not found.
findfont: Font family 'Times New Roman' not found.
findfont: Font family 'Times New Roman' not found.
findfont: Font family 'Times New Roman' not found.
findfont: Font family 'Times New Roman' not found.
findfont: Font family 'Times New Roman' not found.
findfont: Font family 'Times New Roman' not found.
findfont: Font family 'Times New Roman' not found.
findfont: Font family 'Times New Roman' not found.
findfont: Font family 'Times New Roman' not found.
findfont: Font family 'Times New Roman' not found.
findfont: Font family 'Times New Roman' not found.
findfont: Font family 'Times New Roman' not found.
findfont: Font family 'Times New Roman' not found.
findfont: Font family 'Times New Roman' not found.
findfont: Font family 'Times New Roman' not found.
findfont: Font family 'Times New Roman' not found.
findfont: Font family 'Times New Roman' not found.
findfont: Font family 'Times New Roman' not found.
findfont: Font family 'Times New Roman' not found.
findfont: Font family 'Times New Roman' not found.
findfont: Font family 'Times New Roman' not found.
findfont: Font family 'Times New Roman' not found.
findfont: Font family 'Times New Roman' not found.
findfont: Font family 'Times New Roman' not found.
findfont: Font family 'Times New Roman' not found.
findfont: Font family 'Times New Roman' not found.
findfont: Font family 'Times New Roman' not found.
findfont: Font family 'Times New Roman' not found.
findfont: Font family 'Times New Roman' not found.
findfont: Font family 'Times New Roman' not found.
findfont: Font family 'Times New Roman' not found.
findfont: Font family 'Times New Roman' not found.
findfont: Font family 'Times New Roman' not found.
findfont: Font family 'Times New Roman' not found.
findfont: Font family 'Times New Roman' not found.
findfont: Font family 'Times New Roman' not found.
findfont: Font family 'Times New Roman' not found.
findfont: Font family 'Times New Roman' not found.
findfont: Font family 'Times New Roman' not found.
findfont: Font family 'Times New Roman' not found.
findfont: Font family 'Times New Roman' not found.
findfont: Font family 'Times New Roman' not found.
findfont: Font family 'Times New Roman' not found.
findfont: Font family 'Times New Roman' not found.
findfont: Font family 'Times New Roman' not found.
findfont: Font family 'Times New Roman' not found.
findfont: Font family 'Times New Roman' not found.
findfont: Font family 'Times New Roman' not found.
findfont: Font family 'Times New Roman' not found.
findfont: Font family 'Times New Roman' not found.
findfont: Font family 'Times New Roman' not found.
findfont: Font family 'Times New Roman' not found.
findfont: Font family 'Times New Roman' not found.
findfont: Font family 'Times New Roman' not found.
findfont: Font family 'Times New Roman' not found.
findfont: Font family 'Times New Roman' not found.
findfont: Font family 'Times New Roman' not found.
findfont: Font family 'Times New Roman' not found.
findfont: Font family 'Times New Roman' not found.
findfont: Font family 'Times New Roman' not found.
findfont: Font family 'Times New Roman' not found.
findfont: Font family 'Times New Roman' not found.
findfont: Font family 'Times New Roman' not found.
findfont: Font family 'Times New Roman' not found.
findfont: Font family 'Times New Roman' not found.
findfont: Font family 'Times New Roman' not found.
findfont: Font family 'Times New Roman' not found.
findfont: Font family 'Times New Roman' not found.
findfont: Font family 'Times New Roman' not found.
findfont: Font family 'Times New Roman' not found.
findfont: Font family 'Times New Roman' not found.
findfont: Font family 'Times New Roman' not found.
findfont: Font family 'Times New Roman' not found.
findfont: Font family 'Times New Roman' not found.
findfont: Font family 'Times New Roman' not found.
findfont: Font family 'Times New Roman' not found.
findfont: Font family 'Times New Roman' not found.
findfont: Font family 'Times New Roman' not found.
findfont: Font family 'Times New Roman' not found.
findfont: Font family 'Times New Roman' not found.
findfont: Font family 'Times New Roman' not found.
findfont: Font family 'Times New Roman' not found.
findfont: Font family 'Times New Roman' not found.
findfont: Font family 'Times New Roman' not found.
findfont: Font family 'Times New Roman' not found.
findfont: Font family 'Times New Roman' not found.
findfont: Font family 'Times New Roman' not found.
findfont: Font family 'Times New Roman' not found.
findfont: Font family 'Times New Roman' not found.
findfont: Font family 'Times New Roman' not found.
findfont: Font family 'Times New Roman' not found.
findfont: Font family 'Times New Roman' not found.
findfont: Font family 'Times New Roman' not found.
findfont: Font family 'Times New Roman' not found.
findfont: Font family 'Times New Roman' not found.
findfont: Font family 'Times New Roman' not found.
findfont: Font family 'Times New Roman' not found.
findfont: Font family 'Times New Roman' not found.
findfont: Font family 'Times New Roman' not found.
findfont: Font family 'Times New Roman' not found.
findfont: Font family 'Times New Roman' not found.
findfont: Font family 'Times New Roman' not found.
findfont: Font family 'Times New Roman' not found.
findfont: Font family 'Times New Roman' not found.
findfont: Font family 'Times New Roman' not found.
findfont: Font family 'Times New Roman' not found.
findfont: Font family 'Times New Roman' not found.
findfont: Font family 'Times New Roman' not found.
findfont: Font family 'Times New Roman' not found.
findfont: Font family 'Times New Roman' not found.
findfont: Font family 'Times New Roman' not found.
findfont: Font family 'Times New Roman' not found.
findfont: Font family 'Times New Roman' not found.
findfont: Font family 'Times New Roman' not found.
findfont: Font family 'Times New Roman' not found.
findfont: Font family 'Times New Roman' not found.
findfont: Font family 'Times New Roman' not found.
findfont: Font family 'Times New Roman' not found.
findfont: Font family 'Times New Roman' not found.
findfont: Font family 'Times New Roman' not found.
findfont: Font family 'Times New Roman' not found.
findfont: Font family 'Times New Roman' not found.
findfont: Font family 'Times New Roman' not found.
findfont: Font family 'Times New Roman' not found.
findfont: Font family 'Times New Roman' not found.
findfont: Font family 'Times New Roman' not found.
findfont: Font family 'Times New Roman' not found.
findfont: Font family 'Times New Roman' not found.
findfont: Font family 'Times New Roman' not found.
findfont: Font family 'Times New Roman' not found.
findfont: Font family 'Times New Roman' not found.
findfont: Font family 'Times New Roman' not found.
findfont: Font family 'Times New Roman' not found.
findfont: Font family 'Times New Roman' not found.
findfont: Font family 'Times New Roman' not found.
findfont: Font family 'Times New Roman' not found.
findfont: Font family 'Times New Roman' not found.
findfont: Font family 'Times New Roman' not found.
findfont: Font family 'Times New Roman' not found.
findfont: Font family 'Times New Roman' not found.
findfont: Font family 'Times New Roman' not found.
findfont: Font family 'Times New Roman' not found.
findfont: Font family 'Times New Roman' not found.
findfont: Font family 'Times New Roman' not found.
findfont: Font family 'Times New Roman' not found.
findfont: Font family 'Times New Roman' not found.
findfont: Font family 'Times New Roman' not found.
findfont: Font family 'Times New Roman' not found.
findfont: Font family 'Times New Roman' not found.
findfont: Font family 'Times New Roman' not found.
findfont: Font family 'Times New Roman' not found.
findfont: Font family 'Times New Roman' not found.
findfont: Font family 'Times New Roman' not found.
findfont: Font family 'Times New Roman' not found.
findfont: Font family 'Times New Roman' not found.
findfont: Font family 'Times New Roman' not found.
findfont: Font family 'Times New Roman' not found.
findfont: Font family 'Times New Roman' not found.
findfont: Font family 'Times New Roman' not found.
findfont: Font family 'Times New Roman' not found.
findfont: Font family 'Times New Roman' not found.
findfont: Font family 'Times New Roman' not found.
findfont: Font family 'Times New Roman' not found.
findfont: Font family 'Times New Roman' not found.
findfont: Font family 'Times New Roman' not found.
findfont: Font family 'Times New Roman' not found.
findfont: Font family 'Times New Roman' not found.
findfont: Font family 'Times New Roman' not found.
findfont: Font family 'Times New Roman' not found.
findfont: Font family 'Times New Roman' not found.
findfont: Font family 'Times New Roman' not found.
findfont: Font family 'Times New Roman' not found.
findfont: Font family 'Times New Roman' not found.
findfont: Font family 'Times New Roman' not found.
findfont: Font family 'Times New Roman' not found.
findfont: Font family 'Times New Roman' not found.
findfont: Font family 'Times New Roman' not found.
findfont: Font family 'Times New Roman' not found.
findfont: Font family 'Times New Roman' not found.
findfont: Font family 'Times New Roman' not found.
findfont: Font family 'Times New Roman' not found.
findfont: Font family 'Times New Roman' not found.
findfont: Font family 'Times New Roman' not found.
findfont: Font family 'Times New Roman' not found.
findfont: Font family 'Times New Roman' not found.
findfont: Font family 'Times New Roman' not found.
findfont: Font family 'Times New Roman' not found.
findfont: Font family 'Times New Roman' not found.
findfont: Font family 'Times New Roman' not found.
findfont: Font family 'Times New Roman' not found.
findfont: Font family 'Times New Roman' not found.
findfont: Font family 'Times New Roman' not found.
findfont: Font family 'Times New Roman' not found.
findfont: Font family 'Times New Roman' not found.
findfont: Font family 'Times New Roman' not found.
findfont: Font family 'Times New Roman' not found.
findfont: Font family 'Times New Roman' not found.
findfont: Font family 'Times New Roman' not found.
findfont: Font family 'Times New Roman' not found.
findfont: Font family 'Times New Roman' not found.
findfont: Font family 'Times New Roman' not found.
findfont: Font family 'Times New Roman' not found.
findfont: Font family 'Times New Roman' not found.
findfont: Font family 'Times New Roman' not found.
findfont: Font family 'Times New Roman' not found.
findfont: Font family 'Times New Roman' not found.
findfont: Font family 'Times New Roman' not found.
findfont: Font family 'Times New Roman' not found.
findfont: Font family 'Times New Roman' not found.
findfont: Font family 'Times New Roman' not found.
findfont: Font family 'Times New Roman' not found.
findfont: Font family 'Times New Roman' not found.
findfont: Font family 'Times New Roman' not found.
findfont: Font family 'Times New Roman' not found.
findfont: Font family 'Times New Roman' not found.
findfont: Font family 'Times New Roman' not found.
findfont: Font family 'Times New Roman' not found.
findfont: Font family 'Times New Roman' not found.
findfont: Font family 'Times New Roman' not found.
findfont: Font family 'Times New Roman' not found.
findfont: Font family 'Times New Roman' not found.
findfont: Font family 'Times New Roman' not found.
findfont: Font family 'Times New Roman' not found.
findfont: Font family 'Times New Roman' not found.
findfont: Font family 'Times New Roman' not found.
findfont: Font family 'Times New Roman' not found.
findfont: Font family 'Times New Roman' not found.
findfont: Font family 'Times New Roman' not found.
findfont: Font family 'Times New Roman' not found.
findfont: Font family 'Times New Roman' not found.
findfont: Font family 'Times New Roman' not found.
findfont: Font family 'Times New Roman' not found.
findfont: Font family 'Times New Roman' not found.
findfont: Font family 'Times New Roman' not found.
findfont: Font family 'Times New Roman' not found.
findfont: Font family 'Times New Roman' not found.
findfont: Font family 'Times New Roman' not found.
findfont: Font family 'Times New Roman' not found.
findfont: Font family 'Times New Roman' not found.
findfont: Font family 'Times New Roman' not found.
findfont: Font family 'Times New Roman' not found.
findfont: Font family 'Times New Roman' not found.
findfont: Font family 'Times New Roman' not found.
findfont: Font family 'Times New Roman' not found.
findfont: Font family 'Times New Roman' not found.
findfont: Font family 'Times New Roman' not found.
findfont: Font family 'Times New Roman' not found.
findfont: Font family 'Times New Roman' not found.
findfont: Font family 'Times New Roman' not found.
findfont: Font family 'Times New Roman' not found.
findfont: Font family 'Times New Roman' not found.
findfont: Font family 'Times New Roman' not found.
findfont: Font family 'Times New Roman' not found.
findfont: Font family 'Times New Roman' not found.
findfont: Font family 'Times New Roman' not found.
findfont: Font family 'Times New Roman' not found.
findfont: Font family 'Times New Roman' not found.
findfont: Font family 'Times New Roman' not found.
findfont: Font family 'Times New Roman' not found.
findfont: Font family 'Times New Roman' not found.
findfont: Font family 'Times New Roman' not found.
findfont: Font family 'Times New Roman' not found.
findfont: Font family 'Times New Roman' not found.
findfont: Font family 'Times New Roman' not found.
findfont: Font family 'Times New Roman' not found.
findfont: Font family 'Times New Roman' not found.
findfont: Font family 'Times New Roman' not found.
findfont: Font family 'Times New Roman' not found.
findfont: Font family 'Times New Roman' not found.
findfont: Font family 'Times New Roman' not found.
findfont: Font family 'Times New Roman' not found.
findfont: Font family 'Times New Roman' not found.
findfont: Font family 'Times New Roman' not found.
findfont: Font family 'Times New Roman' not found.
findfont: Font family 'Times New Roman' not found.
findfont: Font family 'Times New Roman' not found.
findfont: Font family 'Times New Roman' not found.
findfont: Font family 'Times New Roman' not found.
findfont: Font family 'Times New Roman' not found.
findfont: Font family 'Times New Roman' not found.
findfont: Font family 'Times New Roman' not found.
findfont: Font family 'Times New Roman' not found.
findfont: Font family 'Times New Roman' not found.
findfont: Font family 'Times New Roman' not found.
findfont: Font family 'Times New Roman' not found.
findfont: Font family 'Times New Roman' not found.
findfont: Font family 'Times New Roman' not found.
findfont: Font family 'Times New Roman' not found.
findfont: Font family 'Times New Roman' not found.
findfont: Font family 'Times New Roman' not found.
findfont: Font family 'Times New Roman' not found.
findfont: Font family 'Times New Roman' not found.
findfont: Font family 'Times New Roman' not found.
findfont: Font family 'Times New Roman' not found.
findfont: Font family 'Times New Roman' not found.
findfont: Font family 'Times New Roman' not found.
findfont: Font family 'Times New Roman' not found.
findfont: Font family 'Times New Roman' not found.
findfont: Font family 'Times New Roman' not found.
findfont: Font family 'Times New Roman' not found.
findfont: Font family 'Times New Roman' not found.
findfont: Font family 'Times New Roman' not found.
findfont: Font family 'Times New Roman' not found.
findfont: Font family 'Times New Roman' not found.
findfont: Font family 'Times New Roman' not found.
findfont: Font family 'Times New Roman' not found.
findfont: Font family 'Times New Roman' not found.
findfont: Font family 'Times New Roman' not found.
findfont: Font family 'Times New Roman' not found.
findfont: Font family 'Times New Roman' not found.
findfont: Font family 'Times New Roman' not found.
findfont: Font family 'Times New Roman' not found.
findfont: Font family 'Times New Roman' not found.
findfont: Font family 'Times New Roman' not found.
findfont: Font family 'Times New Roman' not found.
findfont: Font family 'Times New Roman' not found.
findfont: Font family 'Times New Roman' not found.
findfont: Font family 'Times New Roman' not found.
findfont: Font family 'Times New Roman' not found.
findfont: Font family 'Times New Roman' not found.
findfont: Font family 'Times New Roman' not found.
findfont: Font family 'Times New Roman' not found.
findfont: Font family 'Times New Roman' not found.
findfont: Font family 'Times New Roman' not found.
findfont: Font family 'Times New Roman' not found.
findfont: Font family 'Times New Roman' not found.
findfont: Font family 'Times New Roman' not found.
findfont: Font family 'Times New Roman' not found.
findfont: Font family 'Times New Roman' not found.
findfont: Font family 'Times New Roman' not found.
findfont: Font family 'Times New Roman' not found.
findfont: Font family 'Times New Roman' not found.
findfont: Font family 'Times New Roman' not found.
findfont: Font family 'Times New Roman' not found.
findfont: Font family 'Times New Roman' not found.
findfont: Font family 'Times New Roman' not found.
findfont: Font family 'Times New Roman' not found.
findfont: Font family 'Times New Roman' not found.
findfont: Font family 'Times New Roman' not found.
findfont: Font family 'Times New Roman' not found.
findfont: Font family 'Times New Roman' not found.
findfont: Font family 'Times New Roman' not found.
findfont: Font family 'Times New Roman' not found.
findfont: Font family 'Times New Roman' not found.
findfont: Font family 'Times New Roman' not found.
findfont: Font family 'Times New Roman' not found.
findfont: Font family 'Times New Roman' not found.
findfont: Font family 'Times New Roman' not found.
findfont: Font family 'Times New Roman' not found.
findfont: Font family 'Times New Roman' not found.
findfont: Font family 'Times New Roman' not found.
findfont: Font family 'Times New Roman' not found.
findfont: Font family 'Times New Roman' not found.
findfont: Font family 'Times New Roman' not found.
findfont: Font family 'Times New Roman' not found.
findfont: Font family 'Times New Roman' not found.
findfont: Font family 'Times New Roman' not found.
findfont: Font family 'Times New Roman' not found.
findfont: Font family 'Times New Roman' not found.
findfont: Font family 'Times New Roman' not found.
findfont: Font family 'Times New Roman' not found.
findfont: Font family 'Times New Roman' not found.
findfont: Font family 'Times New Roman' not found.
findfont: Font family 'Times New Roman' not found.
findfont: Font family 'Times New Roman' not found.
findfont: Font family 'Times New Roman' not found.
findfont: Font family 'Times New Roman' not found.
findfont: Font family 'Times New Roman' not found.
findfont: Font family 'Times New Roman' not found.
findfont: Font family 'Times New Roman' not found.
findfont: Font family 'Times New Roman' not found.
findfont: Font family 'Times New Roman' not found.
findfont: Font family 'Times New Roman' not found.
findfont: Font family 'Times New Roman' not found.
findfont: Font family 'Times New Roman' not found.
findfont: Font family 'Times New Roman' not found.
findfont: Font family 'Times New Roman' not found.
findfont: Font family 'Times New Roman' not found.
findfont: Font family 'Times New Roman' not found.
findfont: Font family 'Times New Roman' not found.
findfont: Font family 'Times New Roman' not found.
findfont: Font family 'Times New Roman' not found.
findfont: Font family 'Times New Roman' not found.
findfont: Font family 'Times New Roman' not found.
findfont: Font family 'Times New Roman' not found.
findfont: Font family 'Times New Roman' not found.
findfont: Font family 'Times New Roman' not found.
findfont: Font family 'Times New Roman' not found.
findfont: Font family 'Times New Roman' not found.
findfont: Font family 'Times New Roman' not found.
findfont: Font family 'Times New Roman' not found.
findfont: Font family 'Times New Roman' not found.
findfont: Font family 'Times New Roman' not found.
findfont: Font family 'Times New Roman' not found.
findfont: Font family 'Times New Roman' not found.
findfont: Font family 'Times New Roman' not found.
findfont: Font family 'Times New Roman' not found.
findfont: Font family 'Times New Roman' not found.
findfont: Font family 'Times New Roman' not found.
findfont: Font family 'Times New Roman' not found.
findfont: Font family 'Times New Roman' not found.
findfont: Font family 'Times New Roman' not found.
findfont: Font family 'Times New Roman' not found.
findfont: Font family 'Times New Roman' not found.
findfont: Font family 'Times New Roman' not found.
findfont: Font family 'Times New Roman' not found.
findfont: Font family 'Times New Roman' not found.
findfont: Font family 'Times New Roman' not found.
findfont: Font family 'Times New Roman' not found.
findfont: Font family 'Times New Roman' not found.
findfont: Font family 'Times New Roman' not found.
findfont: Font family 'Times New Roman' not found.
findfont: Font family 'Times New Roman' not found.
findfont: Font family 'Times New Roman' not found.
findfont: Font family 'Times New Roman' not found.
findfont: Font family 'Times New Roman' not found.
findfont: Font family 'Times New Roman' not found.
findfont: Font family 'Times New Roman' not found.
findfont: Font family 'Times New Roman' not found.
findfont: Font family 'Times New Roman' not found.
findfont: Font family 'Times New Roman' not found.
findfont: Font family 'Times New Roman' not found.
findfont: Font family 'Times New Roman' not found.
findfont: Font family 'Times New Roman' not found.
findfont: Font family 'Times New Roman' not found.
findfont: Font family 'Times New Roman' not found.
findfont: Font family 'Times New Roman' not found.
findfont: Font family 'Times New Roman' not found.
findfont: Font family 'Times New Roman' not found.
findfont: Font family 'Times New Roman' not found.
findfont: Font family 'Times New Roman' not found.
findfont: Font family 'Times New Roman' not found.
findfont: Font family 'Times New Roman' not found.
findfont: Font family 'Times New Roman' not found.
findfont: Font family 'Times New Roman' not found.
findfont: Font family 'Times New Roman' not found.
findfont: Font family 'Times New Roman' not found.
findfont: Font family 'Times New Roman' not found.
findfont: Font family 'Times New Roman' not found.
findfont: Font family 'Times New Roman' not found.
findfont: Font family 'Times New Roman' not found.
findfont: Font family 'Times New Roman' not found.
findfont: Font family 'Times New Roman' not found.
findfont: Font family 'Times New Roman' not found.
findfont: Font family 'Times New Roman' not found.
findfont: Font family 'Times New Roman' not found.
findfont: Font family 'Times New Roman' not found.
findfont: Font family 'Times New Roman' not found.
findfont: Font family 'Times New Roman' not found.
findfont: Font family 'Times New Roman' not found.
findfont: Font family 'Times New Roman' not found.
findfont: Font family 'Times New Roman' not found.
findfont: Font family 'Times New Roman' not found.
findfont: Font family 'Times New Roman' not found.
findfont: Font family 'Times New Roman' not found.
findfont: Font family 'Times New Roman' not found.
findfont: Font family 'Times New Roman' not found.
findfont: Font family 'Times New Roman' not found.
findfont: Font family 'Times New Roman' not found.
findfont: Font family 'Times New Roman' not found.
findfont: Font family 'Times New Roman' not found.
findfont: Font family 'Times New Roman' not found.
findfont: Font family 'Times New Roman' not found.
findfont: Font family 'Times New Roman' not found.
findfont: Font family 'Times New Roman' not found.
findfont: Font family 'Times New Roman' not found.
findfont: Font family 'Times New Roman' not found.
findfont: Font family 'Times New Roman' not found.
findfont: Font family 'Times New Roman' not found.
findfont: Font family 'Times New Roman' not found.
findfont: Font family 'Times New Roman' not found.
findfont: Font family 'Times New Roman' not found.
findfont: Font family 'Times New Roman' not found.
findfont: Font family 'Times New Roman' not found.
findfont: Font family 'Times New Roman' not found.
findfont: Font family 'Times New Roman' not found.
findfont: Font family 'Times New Roman' not found.
findfont: Font family 'Times New Roman' not found.
findfont: Font family 'Times New Roman' not found.
findfont: Font family 'Times New Roman' not found.
findfont: Font family 'Times New Roman' not found.
findfont: Font family 'Times New Roman' not found.
findfont: Font family 'Times New Roman' not found.
findfont: Font family 'Times New Roman' not found.
findfont: Font family 'Times New Roman' not found.
findfont: Font family 'Times New Roman' not found.
findfont: Font family 'Times New Roman' not found.
findfont: Font family 'Times New Roman' not found.
findfont: Font family 'Times New Roman' not found.
findfont: Font family 'Times New Roman' not found.
findfont: Font family 'Times New Roman' not found.
findfont: Font family 'Times New Roman' not found.
findfont: Font family 'Times New Roman' not found.
findfont: Font family 'Times New Roman' not found.
findfont: Font family 'Times New Roman' not found.
findfont: Font family 'Times New Roman' not found.
findfont: Font family 'Times New Roman' not found.
findfont: Font family 'Times New Roman' not found.
findfont: Font family 'Times New Roman' not found.
findfont: Font family 'Times New Roman' not found.
findfont: Font family 'Times New Roman' not found.
findfont: Font family 'Times New Roman' not found.
findfont: Font family 'Times New Roman' not found.
findfont: Font family 'Times New Roman' not found.
findfont: Font family 'Times New Roman' not found.
findfont: Font family 'Times New Roman' not found.
findfont: Font family 'Times New Roman' not found.
findfont: Font family 'Times New Roman' not found.
findfont: Font family 'Times New Roman' not found.
findfont: Font family 'Times New Roman' not found.
findfont: Font family 'Times New Roman' not found.
findfont: Font family 'Times New Roman' not found.
findfont: Font family 'Times New Roman' not found.
findfont: Font family 'Times New Roman' not found.
findfont: Font family 'Times New Roman' not found.
findfont: Font family 'Times New Roman' not found.
findfont: Font family 'Times New Roman' not found.
findfont: Font family 'Times New Roman' not found.
findfont: Font family 'Times New Roman' not found.
findfont: Font family 'Times New Roman' not found.
findfont: Font family 'Times New Roman' not found.
findfont: Font family 'Times New Roman' not found.
findfont: Font family 'Times New Roman' not found.
findfont: Font family 'Times New Roman' not found.
findfont: Font family 'Times New Roman' not found.
findfont: Font family 'Times New Roman' not found.
findfont: Font family 'Times New Roman' not found.
findfont: Font family 'Times New Roman' not found.
findfont: Font family 'Times New Roman' not found.
findfont: Font family 'Times New Roman' not found.
findfont: Font family 'Times New Roman' not found.
findfont: Font family 'Times New Roman' not found.
findfont: Font family 'Times New Roman' not found.
findfont: Font family 'Times New Roman' not found.
findfont: Font family 'Times New Roman' not found.
findfont: Font family 'Times New Roman' not found.
findfont: Font family 'Times New Roman' not found.
findfont: Font family 'Times New Roman' not found.
findfont: Font family 'Times New Roman' not found.
findfont: Font family 'Times New Roman' not found.
findfont: Font family 'Times New Roman' not found.
findfont: Font family 'Times New Roman' not found.
findfont: Font family 'Times New Roman' not found.
findfont: Font family 'Times New Roman' not found.
findfont: Font family 'Times New Roman' not found.
findfont: Font family 'Times New Roman' not found.
findfont: Font family 'Times New Roman' not found.
findfont: Font family 'Times New Roman' not found.
findfont: Font family 'Times New Roman' not found.
findfont: Font family 'Times New Roman' not found.
findfont: Font family 'Times New Roman' not found.
findfont: Font family 'Times New Roman' not found.
findfont: Font family 'Times New Roman' not found.
findfont: Font family 'Times New Roman' not found.
findfont: Font family 'Times New Roman' not found.
findfont: Font family 'Times New Roman' not found.
findfont: Font family 'Times New Roman' not found.
findfont: Font family 'Times New Roman' not found.
findfont: Font family 'Times New Roman' not found.
findfont: Font family 'Times New Roman' not found.
findfont: Font family 'Times New Roman' not found.
findfont: Font family 'Times New Roman' not found.
findfont: Font family 'Times New Roman' not found.
findfont: Font family 'Times New Roman' not found.
findfont: Font family 'Times New Roman' not found.
findfont: Font family 'Times New Roman' not found.
findfont: Font family 'Times New Roman' not found.
findfont: Font family 'Times New Roman' not found.
findfont: Font family 'Times New Roman' not found.
findfont: Font family 'Times New Roman' not found.
findfont: Font family 'Times New Roman' not found.
findfont: Font family 'Times New Roman' not found.
findfont: Font family 'Times New Roman' not found.
findfont: Font family 'Times New Roman' not found.
findfont: Font family 'Times New Roman' not found.
findfont: Font family 'Times New Roman' not found.
findfont: Font family 'Times New Roman' not found.
findfont: Font family 'Times New Roman' not found.
findfont: Font family 'Times New Roman' not found.
findfont: Font family 'Times New Roman' not found.
findfont: Font family 'Times New Roman' not found.
findfont: Font family 'Times New Roman' not found.
findfont: Font family 'Times New Roman' not found.
findfont: Font family 'Times New Roman' not found.
findfont: Font family 'Times New Roman' not found.
findfont: Font family 'Times New Roman' not found.
findfont: Font family 'Times New Roman' not found.
findfont: Font family 'Times New Roman' not found.
findfont: Font family 'Times New Roman' not found.
findfont: Font family 'Times New Roman' not found.
findfont: Font family 'Times New Roman' not found.
findfont: Font family 'Times New Roman' not found.
findfont: Font family 'Times New Roman' not found.
findfont: Font family 'Times New Roman' not found.
findfont: Font family 'Times New Roman' not found.
findfont: Font family 'Times New Roman' not found.
findfont: Font family 'Times New Roman' not found.
findfont: Font family 'Times New Roman' not found.
findfont: Font family 'Times New Roman' not found.
findfont: Font family 'Times New Roman' not found.
findfont: Font family 'Times New Roman' not found.
findfont: Font family 'Times New Roman' not found.
findfont: Font family 'Times New Roman' not found.
findfont: Font family 'Times New Roman' not found.
findfont: Font family 'Times New Roman' not found.
findfont: Font family 'Times New Roman' not found.
findfont: Font family 'Times New Roman' not found.
findfont: Font family 'Times New Roman' not found.
findfont: Font family 'Times New Roman' not found.
findfont: Font family 'Times New Roman' not found.
findfont: Font family 'Times New Roman' not found.
findfont: Font family 'Times New Roman' not found.
findfont: Font family 'Times New Roman' not found.
findfont: Font family 'Times New Roman' not found.
findfont: Font family 'Times New Roman' not found.
findfont: Font family 'Times New Roman' not found.
findfont: Font family 'Times New Roman' not found.
findfont: Font family 'Times New Roman' not found.
findfont: Font family 'Times New Roman' not found.
findfont: Font family 'Times New Roman' not found.
findfont: Font family 'Times New Roman' not found.
findfont: Font family 'Times New Roman' not found.
findfont: Font family 'Times New Roman' not found.
findfont: Font family 'Times New Roman' not found.
findfont: Font family 'Times New Roman' not found.
findfont: Font family 'Times New Roman' not found.
findfont: Font family 'Times New Roman' not found.
findfont: Font family 'Times New Roman' not found.
findfont: Font family 'Times New Roman' not found.
findfont: Font family 'Times New Roman' not found.
findfont: Font family 'Times New Roman' not found.
findfont: Font family 'Times New Roman' not found.
findfont: Font family 'Times New Roman' not found.
findfont: Font family 'Times New Roman' not found.
findfont: Font family 'Times New Roman' not found.
findfont: Font family 'Times New Roman' not found.
findfont: Font family 'Times New Roman' not found.
findfont: Font family 'Times New Roman' not found.
findfont: Font family 'Times New Roman' not found.
findfont: Font family 'Times New Roman' not found.
findfont: Font family 'Times New Roman' not found.
findfont: Font family 'Times New Roman' not found.
findfont: Font family 'Times New Roman' not found.
findfont: Font family 'Times New Roman' not found.
findfont: Font family 'Times New Roman' not found.
findfont: Font family 'Times New Roman' not found.
findfont: Font family 'Times New Roman' not found.
findfont: Font family 'Times New Roman' not found.
findfont: Font family 'Times New Roman' not found.
findfont: Font family 'Times New Roman' not found.
findfont: Font family 'Times New Roman' not found.
findfont: Font family 'Times New Roman' not found.
findfont: Font family 'Times New Roman' not found.
findfont: Font family 'Times New Roman' not found.
findfont: Font family 'Times New Roman' not found.
findfont: Font family 'Times New Roman' not found.
findfont: Font family 'Times New Roman' not found.
findfont: Font family 'Times New Roman' not found.
findfont: Font family 'Times New Roman' not found.
findfont: Font family 'Times New Roman' not found.
findfont: Font family 'Times New Roman' not found.
findfont: Font family 'Times New Roman' not found.
findfont: Font family 'Times New Roman' not found.
findfont: Font family 'Times New Roman' not found.
findfont: Font family 'Times New Roman' not found.
findfont: Font family 'Times New Roman' not found.
findfont: Font family 'Times New Roman' not found.
findfont: Font family 'Times New Roman' not found.
findfont: Font family 'Times New Roman' not found.
findfont: Font family 'Times New Roman' not found.
findfont: Font family 'Times New Roman' not found.
findfont: Font family 'Times New Roman' not found.
findfont: Font family 'Times New Roman' not found.
findfont: Font family 'Times New Roman' not found.
findfont: Font family 'Times New Roman' not found.
findfont: Font family 'Times New Roman' not found.
findfont: Font family 'Times New Roman' not found.
findfont: Font family 'Times New Roman' not found.
findfont: Font family 'Times New Roman' not found.
findfont: Font family 'Times New Roman' not found.
findfont: Font family 'Times New Roman' not found.
findfont: Font family 'Times New Roman' not found.
findfont: Font family 'Times New Roman' not found.
findfont: Font family 'Times New Roman' not found.
findfont: Font family 'Times New Roman' not found.
findfont: Font family 'Times New Roman' not found.
findfont: Font family 'Times New Roman' not found.
findfont: Font family 'Times New Roman' not found.
findfont: Font family 'Times New Roman' not found.
findfont: Font family 'Times New Roman' not found.
findfont: Font family 'Times New Roman' not found.
findfont: Font family 'Times New Roman' not found.
findfont: Font family 'Times New Roman' not found.
findfont: Font family 'Times New Roman' not found.
findfont: Font family 'Times New Roman' not found.
findfont: Font family 'Times New Roman' not found.
findfont: Font family 'Times New Roman' not found.
findfont: Font family 'Times New Roman' not found.
findfont: Font family 'Times New Roman' not found.
findfont: Font family 'Times New Roman' not found.
findfont: Font family 'Times New Roman' not found.
findfont: Font family 'Times New Roman' not found.
findfont: Font family 'Times New Roman' not found.
findfont: Font family 'Times New Roman' not found.
findfont: Font family 'Times New Roman' not found.
findfont: Font family 'Times New Roman' not found.
findfont: Font family 'Times New Roman' not found.
findfont: Font family 'Times New Roman' not found.
findfont: Font family 'Times New Roman' not found.
findfont: Font family 'Times New Roman' not found.
findfont: Font family 'Times New Roman' not found.
findfont: Font family 'Times New Roman' not found.
findfont: Font family 'Times New Roman' not found.
findfont: Font family 'Times New Roman' not found.
findfont: Font family 'Times New Roman' not found.
findfont: Font family 'Times New Roman' not found.
findfont: Font family 'Times New Roman' not found.
findfont: Font family 'Times New Roman' not found.
findfont: Font family 'Times New Roman' not found.
findfont: Font family 'Times New Roman' not found.
findfont: Font family 'Times New Roman' not found.
findfont: Font family 'Times New Roman' not found.
findfont: Font family 'Times New Roman' not found.
findfont: Font family 'Times New Roman' not found.
findfont: Font family 'Times New Roman' not found.
findfont: Font family 'Times New Roman' not found.
findfont: Font family 'Times New Roman' not found.
findfont: Font family 'Times New Roman' not found.
findfont: Font family 'Times New Roman' not found.
findfont: Font family 'Times New Roman' not found.
findfont: Font family 'Times New Roman' not found.
findfont: Font family 'Times New Roman' not found.
findfont: Font family 'Times New Roman' not found.
findfont: Font family 'Times New Roman' not found.
findfont: Font family 'Times New Roman' not found.
findfont: Font family 'Times New Roman' not found.
findfont: Font family 'Times New Roman' not found.
findfont: Font family 'Times New Roman' not found.
findfont: Font family 'Times New Roman' not found.
findfont: Font family 'Times New Roman' not found.
findfont: Font family 'Times New Roman' not found.
findfont: Font family 'Times New Roman' not found.
findfont: Font family 'Times New Roman' not found.
findfont: Font family 'Times New Roman' not found.
findfont: Font family 'Times New Roman' not found.
findfont: Font family 'Times New Roman' not found.
findfont: Font family 'Times New Roman' not found.
findfont: Font family 'Times New Roman' not found.
findfont: Font family 'Times New Roman' not found.
findfont: Font family 'Times New Roman' not found.
findfont: Font family 'Times New Roman' not found.
findfont: Font family 'Times New Roman' not found.
findfont: Font family 'Times New Roman' not found.
findfont: Font family 'Times New Roman' not found.
findfont: Font family 'Times New Roman' not found.
findfont: Font family 'Times New Roman' not found.
findfont: Font family 'Times New Roman' not found.
findfont: Font family 'Times New Roman' not found.
findfont: Font family 'Times New Roman' not found.
findfont: Font family 'Times New Roman' not found.
findfont: Font family 'Times New Roman' not found.
findfont: Font family 'Times New Roman' not found.
findfont: Font family 'Times New Roman' not found.
findfont: Font family 'Times New Roman' not found.
findfont: Font family 'Times New Roman' not found.
findfont: Font family 'Times New Roman' not found.
findfont: Font family 'Times New Roman' not found.
findfont: Font family 'Times New Roman' not found.
findfont: Font family 'Times New Roman' not found.
findfont: Font family 'Times New Roman' not found.
findfont: Font family 'Times New Roman' not found.
findfont: Font family 'Times New Roman' not found.
findfont: Font family 'Times New Roman' not found.
findfont: Font family 'Times New Roman' not found.
findfont: Font family 'Times New Roman' not found.
findfont: Font family 'Times New Roman' not found.
findfont: Font family 'Times New Roman' not found.
findfont: Font family 'Times New Roman' not found.
findfont: Font family 'Times New Roman' not found.
findfont: Font family 'Times New Roman' not found.
findfont: Font family 'Times New Roman' not found.
findfont: Font family 'Times New Roman' not found.
findfont: Font family 'Times New Roman' not found.
findfont: Font family 'Times New Roman' not found.
findfont: Font family 'Times New Roman' not found.
findfont: Font family 'Times New Roman' not found.
findfont: Font family 'Times New Roman' not found.
findfont: Font family 'Times New Roman' not found.
findfont: Font family 'Times New Roman' not found.
findfont: Font family 'Times New Roman' not found.
findfont: Font family 'Times New Roman' not found.
findfont: Font family 'Times New Roman' not found.
findfont: Font family 'Times New Roman' not found.
findfont: Font family 'Times New Roman' not found.
findfont: Font family 'Times New Roman' not found.
findfont: Font family 'Times New Roman' not found.
findfont: Font family 'Times New Roman' not found.
findfont: Font family 'Times New Roman' not found.
findfont: Font family 'Times New Roman' not found.
findfont: Font family 'Times New Roman' not found.
findfont: Font family 'Times New Roman' not found.
findfont: Font family 'Times New Roman' not found.
findfont: Font family 'Times New Roman' not found.
findfont: Font family 'Times New Roman' not found.
findfont: Font family 'Times New Roman' not found.
findfont: Font family 'Times New Roman' not found.
findfont: Font family 'Times New Roman' not found.
findfont: Font family 'Times New Roman' not found.
findfont: Font family 'Times New Roman' not found.
findfont: Font family 'Times New Roman' not found.
findfont: Font family 'Times New Roman' not found.
findfont: Font family 'Times New Roman' not found.
findfont: Font family 'Times New Roman' not found.
findfont: Font family 'Times New Roman' not found.
findfont: Font family 'Times New Roman' not found.
findfont: Font family 'Times New Roman' not found.
findfont: Font family 'Times New Roman' not found.
findfont: Font family 'Times New Roman' not found.
findfont: Font family 'Times New Roman' not found.
findfont: Font family 'Times New Roman' not found.
findfont: Font family 'Times New Roman' not found.
findfont: Font family 'Times New Roman' not found.
findfont: Font family 'Times New Roman' not found.
findfont: Font family 'Times New Roman' not found.
findfont: Font family 'Times New Roman' not found.
findfont: Font family 'Times New Roman' not found.
findfont: Font family 'Times New Roman' not found.
findfont: Font family 'Times New Roman' not found.
findfont: Font family 'Times New Roman' not found.
findfont: Font family 'Times New Roman' not found.
findfont: Font family 'Times New Roman' not found.
findfont: Font family 'Times New Roman' not found.
findfont: Font family 'Times New Roman' not found.
findfont: Font family 'Times New Roman' not found.
findfont: Font family 'Times New Roman' not found.
findfont: Font family 'Times New Roman' not found.
findfont: Font family 'Times New Roman' not found.
findfont: Font family 'Times New Roman' not found.
findfont: Font family 'Times New Roman' not found.
findfont: Font family 'Times New Roman' not found.
findfont: Font family 'Times New Roman' not found.
findfont: Font family 'Times New Roman' not found.
findfont: Font family 'Times New Roman' not found.
findfont: Font family 'Times New Roman' not found.
findfont: Font family 'Times New Roman' not found.
findfont: Font family 'Times New Roman' not found.
findfont: Font family 'Times New Roman' not found.
findfont: Font family 'Times New Roman' not found.
findfont: Font family 'Times New Roman' not found.
findfont: Font family 'Times New Roman' not found.
findfont: Font family 'Times New Roman' not found.
findfont: Font family 'Times New Roman' not found.
findfont: Font family 'Times New Roman' not found.
findfont: Font family 'Times New Roman' not found.
findfont: Font family 'Times New Roman' not found.
findfont: Font family 'Times New Roman' not found.
findfont: Font family 'Times New Roman' not found.
findfont: Font family 'Times New Roman' not found.
findfont: Font family 'Times New Roman' not found.
findfont: Font family 'Times New Roman' not found.
findfont: Font family 'Times New Roman' not found.
findfont: Font family 'Times New Roman' not found.
findfont: Font family 'Times New Roman' not found.
findfont: Font family 'Times New Roman' not found.
findfont: Font family 'Times New Roman' not found.
findfont: Font family 'Times New Roman' not found.
findfont: Font family 'Times New Roman' not found.
findfont: Font family 'Times New Roman' not found.
findfont: Font family 'Times New Roman' not found.
findfont: Font family 'Times New Roman' not found.
findfont: Font family 'Times New Roman' not found.
findfont: Font family 'Times New Roman' not found.
findfont: Font family 'Times New Roman' not found.
findfont: Font family 'Times New Roman' not found.
findfont: Font family 'Times New Roman' not found.
findfont: Font family 'Times New Roman' not found.
findfont: Font family 'Times New Roman' not found.
findfont: Font family 'Times New Roman' not found.
findfont: Font family 'Times New Roman' not found.
findfont: Font family 'Times New Roman' not found.
findfont: Font family 'Times New Roman' not found.
findfont: Font family 'Times New Roman' not found.
findfont: Font family 'Times New Roman' not found.
findfont: Font family 'Times New Roman' not found.
findfont: Font family 'Times New Roman' not found.
findfont: Font family 'Times New Roman' not found.
findfont: Font family 'Times New Roman' not found.
findfont: Font family 'Times New Roman' not found.
findfont: Font family 'Times New Roman' not found.
findfont: Font family 'Times New Roman' not found.
findfont: Font family 'Times New Roman' not found.
findfont: Font family 'Times New Roman' not found.
findfont: Font family 'Times New Roman' not found.
findfont: Font family 'Times New Roman' not found.
findfont: Font family 'Times New Roman' not found.
findfont: Font family 'Times New Roman' not found.
findfont: Font family 'Times New Roman' not found.
findfont: Font family 'Times New Roman' not found.
findfont: Font family 'Times New Roman' not found.
findfont: Font family 'Times New Roman' not found.
findfont: Font family 'Times New Roman' not found.
findfont: Font family 'Times New Roman' not found.
findfont: Font family 'Times New Roman' not found.
findfont: Font family 'Times New Roman' not found.
findfont: Font family 'Times New Roman' not found.
findfont: Font family 'Times New Roman' not found.
findfont: Font family 'Times New Roman' not found.
findfont: Font family 'Times New Roman' not found.
findfont: Font family 'Times New Roman' not found.
findfont: Font family 'Times New Roman' not found.
findfont: Font family 'Times New Roman' not found.
findfont: Font family 'Times New Roman' not found.
findfont: Font family 'Times New Roman' not found.
findfont: Font family 'Times New Roman' not found.
findfont: Font family 'Times New Roman' not found.
findfont: Font family 'Times New Roman' not found.
findfont: Font family 'Times New Roman' not found.
findfont: Font family 'Times New Roman' not found.
findfont: Font family 'Times New Roman' not found.
findfont: Font family 'Times New Roman' not found.
findfont: Font family 'Times New Roman' not found.
findfont: Font family 'Times New Roman' not found.
findfont: Font family 'Times New Roman' not found.
findfont: Font family 'Times New Roman' not found.
findfont: Font family 'Times New Roman' not found.
findfont: Font family 'Times New Roman' not found.
findfont: Font family 'Times New Roman' not found.
findfont: Font family 'Times New Roman' not found.
findfont: Font family 'Times New Roman' not found.
findfont: Font family 'Times New Roman' not found.
findfont: Font family 'Times New Roman' not found.
findfont: Font family 'Times New Roman' not found.
findfont: Font family 'Times New Roman' not found.
findfont: Font family 'Times New Roman' not found.
findfont: Font family 'Times New Roman' not found.
findfont: Font family 'Times New Roman' not found.
findfont: Font family 'Times New Roman' not found.
findfont: Font family 'Times New Roman' not found.
findfont: Font family 'Times New Roman' not found.
findfont: Font family 'Times New Roman' not found.
findfont: Font family 'Times New Roman' not found.
findfont: Font family 'Times New Roman' not found.
findfont: Font family 'Times New Roman' not found.
findfont: Font family 'Times New Roman' not found.
findfont: Font family 'Times New Roman' not found.
findfont: Font family 'Times New Roman' not found.
findfont: Font family 'Times New Roman' not found.
findfont: Font family 'Times New Roman' not found.
findfont: Font family 'Times New Roman' not found.
findfont: Font family 'Times New Roman' not found.
findfont: Font family 'Times New Roman' not found.
findfont: Font family 'Times New Roman' not found.
findfont: Font family 'Times New Roman' not found.
findfont: Font family 'Times New Roman' not found.
findfont: Font family 'Times New Roman' not found.
findfont: Font family 'Times New Roman' not found.
findfont: Font family 'Times New Roman' not found.
findfont: Font family 'Times New Roman' not found.
findfont: Font family 'Times New Roman' not found.
findfont: Font family 'Times New Roman' not found.
findfont: Font family 'Times New Roman' not found.
findfont: Font family 'Times New Roman' not found.
findfont: Font family 'Times New Roman' not found.
findfont: Font family 'Times New Roman' not found.
findfont: Font family 'Times New Roman' not found.
findfont: Font family 'Times New Roman' not found.
findfont: Font family 'Times New Roman' not found.
findfont: Font family 'Times New Roman' not found.
findfont: Font family 'Times New Roman' not found.
findfont: Font family 'Times New Roman' not found.
findfont: Font family 'Times New Roman' not found.
findfont: Font family 'Times New Roman' not found.
findfont: Font family 'Times New Roman' not found.
findfont: Font family 'Times New Roman' not found.
findfont: Font family 'Times New Roman' not found.
findfont: Font family 'Times New Roman' not found.
findfont: Font family 'Times New Roman' not found.
findfont: Font family 'Times New Roman' not found.
findfont: Font family 'Times New Roman' not found.
findfont: Font family 'Times New Roman' not found.
findfont: Font family 'Times New Roman' not found.
findfont: Font family 'Times New Roman' not found.
findfont: Font family 'Times New Roman' not found.
findfont: Font family 'Times New Roman' not found.
findfont: Font family 'Times New Roman' not found.
findfont: Font family 'Times New Roman' not found.
findfont: Font family 'Times New Roman' not found.
findfont: Font family 'Times New Roman' not found.
findfont: Font family 'Times New Roman' not found.
findfont: Font family 'Times New Roman' not found.
findfont: Font family 'Times New Roman' not found.
findfont: Font family 'Times New Roman' not found.
findfont: Font family 'Times New Roman' not found.
findfont: Font family 'Times New Roman' not found.
findfont: Font family 'Times New Roman' not found.
findfont: Font family 'Times New Roman' not found.
findfont: Font family 'Times New Roman' not found.
findfont: Font family 'Times New Roman' not found.
findfont: Font family 'Times New Roman' not found.
findfont: Font family 'Times New Roman' not found.
findfont: Font family 'Times New Roman' not found.
findfont: Font family 'Times New Roman' not found.
findfont: Font family 'Times New Roman' not found.
findfont: Font family 'Times New Roman' not found.
findfont: Font family 'Times New Roman' not found.
findfont: Font family 'Times New Roman' not found.
findfont: Font family 'Times New Roman' not found.
findfont: Font family 'Times New Roman' not found.
findfont: Font family 'Times New Roman' not found.
findfont: Font family 'Times New Roman' not found.
findfont: Font family 'Times New Roman' not found.
findfont: Font family 'Times New Roman' not found.
findfont: Font family 'Times New Roman' not found.
findfont: Font family 'Times New Roman' not found.
findfont: Font family 'Times New Roman' not found.
findfont: Font family 'Times New Roman' not found.
findfont: Font family 'Times New Roman' not found.
findfont: Font family 'Times New Roman' not found.
findfont: Font family 'Times New Roman' not found.
findfont: Font family 'Times New Roman' not found.
findfont: Font family 'Times New Roman' not found.
findfont: Font family 'Times New Roman' not found.
findfont: Font family 'Times New Roman' not found.
findfont: Font family 'Times New Roman' not found.
findfont: Font family 'Times New Roman' not found.
findfont: Font family 'Times New Roman' not found.
findfont: Font family 'Times New Roman' not found.
findfont: Font family 'Times New Roman' not found.
findfont: Font family 'Times New Roman' not found.
findfont: Font family 'Times New Roman' not found.
findfont: Font family 'Times New Roman' not found.
findfont: Font family 'Times New Roman' not found.
findfont: Font family 'Times New Roman' not found.
findfont: Font family 'Times New Roman' not found.
findfont: Font family 'Times New Roman' not found.
findfont: Font family 'Times New Roman' not found.
findfont: Font family 'Times New Roman' not found.
findfont: Font family 'Times New Roman' not found.
findfont: Font family 'Times New Roman' not found.
findfont: Font family 'Times New Roman' not found.
findfont: Font family 'Times New Roman' not found.
findfont: Font family 'Times New Roman' not found.
findfont: Font family 'Times New Roman' not found.
findfont: Font family 'Times New Roman' not found.
findfont: Font family 'Times New Roman' not found.
findfont: Font family 'Times New Roman' not found.
findfont: Font family 'Times New Roman' not found.
findfont: Font family 'Times New Roman' not found.
findfont: Font family 'Times New Roman' not found.
findfont: Font family 'Times New Roman' not found.
findfont: Font family 'Times New Roman' not found.
findfont: Font family 'Times New Roman' not found.
findfont: Font family 'Times New Roman' not found.
findfont: Font family 'Times New Roman' not found.
findfont: Font family 'Times New Roman' not found.
findfont: Font family 'Times New Roman' not found.
findfont: Font family 'Times New Roman' not found.
findfont: Font family 'Times New Roman' not found.
findfont: Font family 'Times New Roman' not found.
findfont: Font family 'Times New Roman' not found.
findfont: Font family 'Times New Roman' not found.
findfont: Font family 'Times New Roman' not found.
findfont: Font family 'Times New Roman' not found.
findfont: Font family 'Times New Roman' not found.
findfont: Font family 'Times New Roman' not found.
findfont: Font family 'Times New Roman' not found.
findfont: Font family 'Times New Roman' not found.
findfont: Font family 'Times New Roman' not found.
findfont: Font family 'Times New Roman' not found.
findfont: Font family 'Times New Roman' not found.
findfont: Font family 'Times New Roman' not found.
findfont: Font family 'Times New Roman' not found.
findfont: Font family 'Times New Roman' not found.
findfont: Font family 'Times New Roman' not found.
findfont: Font family 'Times New Roman' not found.
findfont: Font family 'Times New Roman' not found.
findfont: Font family 'Times New Roman' not found.
findfont: Font family 'Times New Roman' not found.
findfont: Font family 'Times New Roman' not found.
findfont: Font family 'Times New Roman' not found.
findfont: Font family 'Times New Roman' not found.
findfont: Font family 'Times New Roman' not found.
findfont: Font family 'Times New Roman' not found.
findfont: Font family 'Times New Roman' not found.
findfont: Font family 'Times New Roman' not found.
findfont: Font family 'Times New Roman' not found.
findfont: Font family 'Times New Roman' not found.
findfont: Font family 'Times New Roman' not found.
findfont: Font family 'Times New Roman' not found.
findfont: Font family 'Times New Roman' not found.
findfont: Font family 'Times New Roman' not found.
findfont: Font family 'Times New Roman' not found.
findfont: Font family 'Times New Roman' not found.
findfont: Font family 'Times New Roman' not found.
findfont: Font family 'Times New Roman' not found.
findfont: Font family 'Times New Roman' not found.
findfont: Font family 'Times New Roman' not found.
findfont: Font family 'Times New Roman' not found.
findfont: Font family 'Times New Roman' not found.
findfont: Font family 'Times New Roman' not found.
findfont: Font family 'Times New Roman' not found.
findfont: Font family 'Times New Roman' not found.
findfont: Font family 'Times New Roman' not found.
findfont: Font family 'Times New Roman' not found.
findfont: Font family 'Times New Roman' not found.
findfont: Font family 'Times New Roman' not found.
findfont: Font family 'Times New Roman' not found.
findfont: Font family 'Times New Roman' not found.
findfont: Font family 'Times New Roman' not found.
findfont: Font family 'Times New Roman' not found.
findfont: Font family 'Times New Roman' not found.
findfont: Font family 'Times New Roman' not found.
findfont: Font family 'Times New Roman' not found.
findfont: Font family 'Times New Roman' not found.
findfont: Font family 'Times New Roman' not found.
findfont: Font family 'Times New Roman' not found.
findfont: Font family 'Times New Roman' not found.
findfont: Font family 'Times New Roman' not found.
findfont: Font family 'Times New Roman' not found.
findfont: Font family 'Times New Roman' not found.
findfont: Font family 'Times New Roman' not found.
findfont: Font family 'Times New Roman' not found.
findfont: Font family 'Times New Roman' not found.
findfont: Font family 'Times New Roman' not found.
findfont: Font family 'Times New Roman' not found.
findfont: Font family 'Times New Roman' not found.
findfont: Font family 'Times New Roman' not found.
findfont: Font family 'Times New Roman' not found.
findfont: Font family 'Times New Roman' not found.
findfont: Font family 'Times New Roman' not found.
findfont: Font family 'Times New Roman' not found.
findfont: Font family 'Times New Roman' not found.
findfont: Font family 'Times New Roman' not found.
findfont: Font family 'Times New Roman' not found.
findfont: Font family 'Times New Roman' not found.
findfont: Font family 'Times New Roman' not found.
findfont: Font family 'Times New Roman' not found.
findfont: Font family 'Times New Roman' not found.
findfont: Font family 'Times New Roman' not found.
findfont: Font family 'Times New Roman' not found.
findfont: Font family 'Times New Roman' not found.
findfont: Font family 'Times New Roman' not found.
findfont: Font family 'Times New Roman' not found.
findfont: Font family 'Times New Roman' not found.
findfont: Font family 'Times New Roman' not found.
findfont: Font family 'Times New Roman' not found.
findfont: Font family 'Times New Roman' not found.
findfont: Font family 'Times New Roman' not found.
findfont: Font family 'Times New Roman' not found.
findfont: Font family 'Times New Roman' not found.
findfont: Font family 'Times New Roman' not found.
findfont: Font family 'Times New Roman' not found.
findfont: Font family 'Times New Roman' not found.
findfont: Font family 'Times New Roman' not found.
findfont: Font family 'Times New Roman' not found.
findfont: Font family 'Times New Roman' not found.
findfont: Font family 'Times New Roman' not found.
findfont: Font family 'Times New Roman' not found.
findfont: Font family 'Times New Roman' not found.
findfont: Font family 'Times New Roman' not found.
findfont: Font family 'Times New Roman' not found.
findfont: Font family 'Times New Roman' not found.
findfont: Font family 'Times New Roman' not found.
findfont: Font family 'Times New Roman' not found.
findfont: Font family 'Times New Roman' not found.
findfont: Font family 'Times New Roman' not found.
findfont: Font family 'Times New Roman' not found.
findfont: Font family 'Times New Roman' not found.
findfont: Font family 'Times New Roman' not found.
findfont: Font family 'Times New Roman' not found.
findfont: Font family 'Times New Roman' not found.
findfont: Font family 'Times New Roman' not found.
findfont: Font family 'Times New Roman' not found.
findfont: Font family 'Times New Roman' not found.
findfont: Font family 'Times New Roman' not found.
findfont: Font family 'Times New Roman' not found.
findfont: Font family 'Times New Roman' not found.
findfont: Font family 'Times New Roman' not found.
findfont: Font family 'Times New Roman' not found.
findfont: Font family 'Times New Roman' not found.
findfont: Font family 'Times New Roman' not found.
findfont: Font family 'Times New Roman' not found.
findfont: Font family 'Times New Roman' not found.
findfont: Font family 'Times New Roman' not found.
findfont: Font family 'Times New Roman' not found.
findfont: Font family 'Times New Roman' not found.
findfont: Font family 'Times New Roman' not found.
findfont: Font family 'Times New Roman' not found.
findfont: Font family 'Times New Roman' not found.
findfont: Font family 'Times New Roman' not found.
findfont: Font family 'Times New Roman' not found.
findfont: Font family 'Times New Roman' not found.
findfont: Font family 'Times New Roman' not found.
findfont: Font family 'Times New Roman' not found.
findfont: Font family 'Times New Roman' not found.
findfont: Font family 'Times New Roman' not found.
findfont: Font family 'Times New Roman' not found.
findfont: Font family 'Times New Roman' not found.
findfont: Font family 'Times New Roman' not found.
findfont: Font family 'Times New Roman' not found.
findfont: Font family 'Times New Roman' not found.
findfont: Font family 'Times New Roman' not found.
findfont: Font family 'Times New Roman' not found.
findfont: Font family 'Times New Roman' not found.
findfont: Font family 'Times New Roman' not found.
findfont: Font family 'Times New Roman' not found.
findfont: Font family 'Times New Roman' not found.
findfont: Font family 'Times New Roman' not found.
findfont: Font family 'Times New Roman' not found.
findfont: Font family 'Times New Roman' not found.
findfont: Font family 'Times New Roman' not found.
findfont: Font family 'Times New Roman' not found.
findfont: Font family 'Times New Roman' not found.
findfont: Font family 'Times New Roman' not found.
findfont: Font family 'Times New Roman' not found.
findfont: Font family 'Times New Roman' not found.
findfont: Font family 'Times New Roman' not found.
findfont: Font family 'Times New Roman' not found.
findfont: Font family 'Times New Roman' not found.
findfont: Font family 'Times New Roman' not found.
findfont: Font family 'Times New Roman' not found.
findfont: Font family 'Times New Roman' not found.
findfont: Font family 'Times New Roman' not found.
findfont: Font family 'Times New Roman' not found.
findfont: Font family 'Times New Roman' not found.
findfont: Font family 'Times New Roman' not found.
findfont: Font family 'Times New Roman' not found.
findfont: Font family 'Times New Roman' not found.
findfont: Font family 'Times New Roman' not found.
findfont: Font family 'Times New Roman' not found.
findfont: Font family 'Times New Roman' not found.
findfont: Font family 'Times New Roman' not found.
findfont: Font family 'Times New Roman' not found.
findfont: Font family 'Times New Roman' not found.
findfont: Font family 'Times New Roman' not found.
findfont: Font family 'Times New Roman' not found.
findfont: Font family 'Times New Roman' not found.
findfont: Font family 'Times New Roman' not found.
findfont: Font family 'Times New Roman' not found.
findfont: Font family 'Times New Roman' not found.
findfont: Font family 'Times New Roman' not found.
findfont: Font family 'Times New Roman' not found.
findfont: Font family 'Times New Roman' not found.
findfont: Font family 'Times New Roman' not found.
findfont: Font family 'Times New Roman' not found.
findfont: Font family 'Times New Roman' not found.
findfont: Font family 'Times New Roman' not found.
findfont: Font family 'Times New Roman' not found.
findfont: Font family 'Times New Roman' not found.
findfont: Font family 'Times New Roman' not found.
findfont: Font family 'Times New Roman' not found.
findfont: Font family 'Times New Roman' not found.
findfont: Font family 'Times New Roman' not found.
findfont: Font family 'Times New Roman' not found.
findfont: Font family 'Times New Roman' not found.
findfont: Font family 'Times New Roman' not found.
findfont: Font family 'Times New Roman' not found.
findfont: Font family 'Times New Roman' not found.
findfont: Font family 'Times New Roman' not found.
findfont: Font family 'Times New Roman' not found.
findfont: Font family 'Times New Roman' not found.
findfont: Font family 'Times New Roman' not found.
findfont: Font family 'Times New Roman' not found.
findfont: Font family 'Times New Roman' not found.
findfont: Font family 'Times New Roman' not found.
findfont: Font family 'Times New Roman' not found.
findfont: Font family 'Times New Roman' not found.
findfont: Font family 'Times New Roman' not found.
findfont: Font family 'Times New Roman' not found.
findfont: Font family 'Times New Roman' not found.
findfont: Font family 'Times New Roman' not found.
findfont: Font family 'Times New Roman' not found.
findfont: Font family 'Times New Roman' not found.
findfont: Font family 'Times New Roman' not found.
findfont: Font family 'Times New Roman' not found.
findfont: Font family 'Times New Roman' not found.
findfont: Font family 'Times New Roman' not found.
findfont: Font family 'Times New Roman' not found.
findfont: Font family 'Times New Roman' not found.
findfont: Font family 'Times New Roman' not found.
findfont: Font family 'Times New Roman' not found.
findfont: Font family 'Times New Roman' not found.
findfont: Font family 'Times New Roman' not found.
findfont: Font family 'Times New Roman' not found.
findfont: Font family 'Times New Roman' not found.
findfont: Font family 'Times New Roman' not found.
findfont: Font family 'Times New Roman' not found.
findfont: Font family 'Times New Roman' not found.
findfont: Font family 'Times New Roman' not found.
findfont: Font family 'Times New Roman' not found.
findfont: Font family 'Times New Roman' not found.
findfont: Font family 'Times New Roman' not found.
findfont: Font family 'Times New Roman' not found.
findfont: Font family 'Times New Roman' not found.
findfont: Font family 'Times New Roman' not found.
findfont: Font family 'Times New Roman' not found.
findfont: Font family 'Times New Roman' not found.
findfont: Font family 'Times New Roman' not found.
findfont: Font family 'Times New Roman' not found.
findfont: Font family 'Times New Roman' not found.
findfont: Font family 'Times New Roman' not found.
findfont: Font family 'Times New Roman' not found.
findfont: Font family 'Times New Roman' not found.
findfont: Font family 'Times New Roman' not found.
findfont: Font family 'Times New Roman' not found.
findfont: Font family 'Times New Roman' not found.
findfont: Font family 'Times New Roman' not found.
findfont: Font family 'Times New Roman' not found.
findfont: Font family 'Times New Roman' not found.
findfont: Font family 'Times New Roman' not found.
findfont: Font family 'Times New Roman' not found.
findfont: Font family 'Times New Roman' not found.
findfont: Font family 'Times New Roman' not found.
findfont: Font family 'Times New Roman' not found.
findfont: Font family 'Times New Roman' not found.
findfont: Font family 'Times New Roman' not found.
findfont: Font family 'Times New Roman' not found.
findfont: Font family 'Times New Roman' not found.
findfont: Font family 'Times New Roman' not found.
findfont: Font family 'Times New Roman' not found.
findfont: Font family 'Times New Roman' not found.
findfont: Font family 'Times New Roman' not found.
findfont: Font family 'Times New Roman' not found.
findfont: Font family 'Times New Roman' not found.
findfont: Font family 'Times New Roman' not found.
findfont: Font family 'Times New Roman' not found.
findfont: Font family 'Times New Roman' not found.
findfont: Font family 'Times New Roman' not found.
findfont: Font family 'Times New Roman' not found.
findfont: Font family 'Times New Roman' not found.
findfont: Font family 'Times New Roman' not found.
findfont: Font family 'Times New Roman' not found.
findfont: Font family 'Times New Roman' not found.
findfont: Font family 'Times New Roman' not found.
findfont: Font family 'Times New Roman' not found.
findfont: Font family 'Times New Roman' not found.
findfont: Font family 'Times New Roman' not found.
findfont: Font family 'Times New Roman' not found.
findfont: Font family 'Times New Roman' not found.
findfont: Font family 'Times New Roman' not found.
findfont: Font family 'Times New Roman' not found.
findfont: Font family 'Times New Roman' not found.
findfont: Font family 'Times New Roman' not found.
findfont: Font family 'Times New Roman' not found.
findfont: Font family 'Times New Roman' not found.
findfont: Font family 'Times New Roman' not found.
findfont: Font family 'Times New Roman' not found.
findfont: Font family 'Times New Roman' not found.
findfont: Font family 'Times New Roman' not found.
findfont: Font family 'Times New Roman' not found.
findfont: Font family 'Times New Roman' not found.
findfont: Font family 'Times New Roman' not found.
findfont: Font family 'Times New Roman' not found.
findfont: Font family 'Times New Roman' not found.
findfont: Font family 'Times New Roman' not found.
findfont: Font family 'Times New Roman' not found.
findfont: Font family 'Times New Roman' not found.
findfont: Font family 'Times New Roman' not found.
findfont: Font family 'Times New Roman' not found.
findfont: Font family 'Times New Roman' not found.
findfont: Font family 'Times New Roman' not found.
findfont: Font family 'Times New Roman' not found.
findfont: Font family 'Times New Roman' not found.
findfont: Font family 'Times New Roman' not found.
findfont: Font family 'Times New Roman' not found.
findfont: Font family 'Times New Roman' not found.
findfont: Font family 'Times New Roman' not found.
findfont: Font family 'Times New Roman' not found.
findfont: Font family 'Times New Roman' not found.
findfont: Font family 'Times New Roman' not found.
findfont: Font family 'Times New Roman' not found.
findfont: Font family 'Times New Roman' not found.
findfont: Font family 'Times New Roman' not found.
findfont: Font family 'Times New Roman' not found.
findfont: Font family 'Times New Roman' not found.
findfont: Font family 'Times New Roman' not found.
findfont: Font family 'Times New Roman' not found.
findfont: Font family 'Times New Roman' not found.
findfont: Font family 'Times New Roman' not found.
findfont: Font family 'Times New Roman' not found.
findfont: Font family 'Times New Roman' not found.
findfont: Font family 'Times New Roman' not found.
findfont: Font family 'Times New Roman' not found.
findfont: Font family 'Times New Roman' not found.
findfont: Font family 'Times New Roman' not found.
findfont: Font family 'Times New Roman' not found.
findfont: Font family 'Times New Roman' not found.
findfont: Font family 'Times New Roman' not found.
findfont: Font family 'Times New Roman' not found.
findfont: Font family 'Times New Roman' not found.
findfont: Font family 'Times New Roman' not found.
findfont: Font family 'Times New Roman' not found.
findfont: Font family 'Times New Roman' not found.
findfont: Font family 'Times New Roman' not found.
findfont: Font family 'Times New Roman' not found.
findfont: Font family 'Times New Roman' not found.
findfont: Font family 'Times New Roman' not found.
findfont: Font family 'Times New Roman' not found.
findfont: Font family 'Times New Roman' not found.
findfont: Font family 'Times New Roman' not found.
findfont: Font family 'Times New Roman' not found.
findfont: Font family 'Times New Roman' not found.
findfont: Font family 'Times New Roman' not found.
findfont: Font family 'Times New Roman' not found.
findfont: Font family 'Times New Roman' not found.
findfont: Font family 'Times New Roman' not found.
findfont: Font family 'Times New Roman' not found.
findfont: Font family 'Times New Roman' not found.
findfont: Font family 'Times New Roman' not found.
findfont: Font family 'Times New Roman' not found.
findfont: Font family 'Times New Roman' not found.
findfont: Font family 'Times New Roman' not found.
findfont: Font family 'Times New Roman' not found.
findfont: Font family 'Times New Roman' not found.
findfont: Font family 'Times New Roman' not found.
findfont: Font family 'Times New Roman' not found.
findfont: Font family 'Times New Roman' not found.
findfont: Font family 'Times New Roman' not found.
findfont: Font family 'Times New Roman' not found.
findfont: Font family 'Times New Roman' not found.
findfont: Font family 'Times New Roman' not found.
findfont: Font family 'Times New Roman' not found.
findfont: Font family 'Times New Roman' not found.
findfont: Font family 'Times New Roman' not found.
findfont: Font family 'Times New Roman' not found.
findfont: Font family 'Times New Roman' not found.
findfont: Font family 'Times New Roman' not found.
findfont: Font family 'Times New Roman' not found.
findfont: Font family 'Times New Roman' not found.
findfont: Font family 'Times New Roman' not found.
findfont: Font family 'Times New Roman' not found.
findfont: Font family 'Times New Roman' not found.
findfont: Font family 'Times New Roman' not found.
findfont: Font family 'Times New Roman' not found.
findfont: Font family 'Times New Roman' not found.
findfont: Font family 'Times New Roman' not found.
findfont: Font family 'Times New Roman' not found.
findfont: Font family 'Times New Roman' not found.
findfont: Font family 'Times New Roman' not found.
findfont: Font family 'Times New Roman' not found.
findfont: Font family 'Times New Roman' not found.
findfont: Font family 'Times New Roman' not found.
findfont: Font family 'Times New Roman' not found.
findfont: Font family 'Times New Roman' not found.
findfont: Font family 'Times New Roman' not found.
findfont: Font family 'Times New Roman' not found.
findfont: Font family 'Times New Roman' not found.
findfont: Font family 'Times New Roman' not found.
findfont: Font family 'Times New Roman' not found.
findfont: Font family 'Times New Roman' not found.
findfont: Font family 'Times New Roman' not found.
findfont: Font family 'Times New Roman' not found.
findfont: Font family 'Times New Roman' not found.
findfont: Font family 'Times New Roman' not found.
findfont: Font family 'Times New Roman' not found.
findfont: Font family 'Times New Roman' not found.
findfont: Font family 'Times New Roman' not found.
findfont: Font family 'Times New Roman' not found.
findfont: Font family 'Times New Roman' not found.
findfont: Font family 'Times New Roman' not found.
findfont: Font family 'Times New Roman' not found.
findfont: Font family 'Times New Roman' not found.
findfont: Font family 'Times New Roman' not found.
findfont: Font family 'Times New Roman' not found.
findfont: Font family 'Times New Roman' not found.
findfont: Font family 'Times New Roman' not found.
findfont: Font family 'Times New Roman' not found.
findfont: Font family 'Times New Roman' not found.
findfont: Font family 'Times New Roman' not found.
findfont: Font family 'Times New Roman' not found.
findfont: Font family 'Times New Roman' not found.
findfont: Font family 'Times New Roman' not found.
findfont: Font family 'Times New Roman' not found.
findfont: Font family 'Times New Roman' not found.
findfont: Font family 'Times New Roman' not found.
findfont: Font family 'Times New Roman' not found.
findfont: Font family 'Times New Roman' not found.
findfont: Font family 'Times New Roman' not found.
findfont: Font family 'Times New Roman' not found.
findfont: Font family 'Times New Roman' not found.
findfont: Font family 'Times New Roman' not found.
findfont: Font family 'Times New Roman' not found.
findfont: Font family 'Times New Roman' not found.
findfont: Font family 'Times New Roman' not found.
findfont: Font family 'Times New Roman' not found.
findfont: Font family 'Times New Roman' not found.
findfont: Font family 'Times New Roman' not found.
findfont: Font family 'Times New Roman' not found.
findfont: Font family 'Times New Roman' not found.
findfont: Font family 'Times New Roman' not found.
findfont: Font family 'Times New Roman' not found.
findfont: Font family 'Times New Roman' not found.
findfont: Font family 'Times New Roman' not found.
findfont: Font family 'Times New Roman' not found.
findfont: Font family 'Times New Roman' not found.
findfont: Font family 'Times New Roman' not found.
findfont: Font family 'Times New Roman' not found.
findfont: Font family 'Times New Roman' not found.
findfont: Font family 'Times New Roman' not found.
findfont: Font family 'Times New Roman' not found.
findfont: Font family 'Times New Roman' not found.
findfont: Font family 'Times New Roman' not found.
findfont: Font family 'Times New Roman' not found.
findfont: Font family 'Times New Roman' not found.
findfont: Font family 'Times New Roman' not found.
findfont: Font family 'Times New Roman' not found.
findfont: Font family 'Times New Roman' not found.
findfont: Font family 'Times New Roman' not found.
findfont: Font family 'Times New Roman' not found.
findfont: Font family 'Times New Roman' not found.
findfont: Font family 'Times New Roman' not found.
findfont: Font family 'Times New Roman' not found.
findfont: Font family 'Times New Roman' not found.
findfont: Font family 'Times New Roman' not found.
findfont: Font family 'Times New Roman' not found.
findfont: Font family 'Times New Roman' not found.
findfont: Font family 'Times New Roman' not found.
findfont: Font family 'Times New Roman' not found.
findfont: Font family 'Times New Roman' not found.
findfont: Font family 'Times New Roman' not found.
findfont: Font family 'Times New Roman' not found.
findfont: Font family 'Times New Roman' not found.
findfont: Font family 'Times New Roman' not found.
findfont: Font family 'Times New Roman' not found.
findfont: Font family 'Times New Roman' not found.
findfont: Font family 'Times New Roman' not found.
findfont: Font family 'Times New Roman' not found.
findfont: Font family 'Times New Roman' not found.
findfont: Font family 'Times New Roman' not found.
findfont: Font family 'Times New Roman' not found.
findfont: Font family 'Times New Roman' not found.
findfont: Font family 'Times New Roman' not found.
findfont: Font family 'Times New Roman' not found.
findfont: Font family 'Times New Roman' not found.
findfont: Font family 'Times New Roman' not found.
findfont: Font family 'Times New Roman' not found.
findfont: Font family 'Times New Roman' not found.
findfont: Font family 'Times New Roman' not found.
findfont: Font family 'Times New Roman' not found.
findfont: Font family 'Times New Roman' not found.
findfont: Font family 'Times New Roman' not found.
findfont: Font family 'Times New Roman' not found.
findfont: Font family 'Times New Roman' not found.
findfont: Font family 'Times New Roman' not found.
findfont: Font family 'Times New Roman' not found.
findfont: Font family 'Times New Roman' not found.
findfont: Font family 'Times New Roman' not found.
findfont: Font family 'Times New Roman' not found.
findfont: Font family 'Times New Roman' not found.
findfont: Font family 'Times New Roman' not found.
findfont: Font family 'Times New Roman' not found.
findfont: Font family 'Times New Roman' not found.
findfont: Font family 'Times New Roman' not found.
findfont: Font family 'Times New Roman' not found.
findfont: Font family 'Times New Roman' not found.
findfont: Font family 'Times New Roman' not found.
findfont: Font family 'Times New Roman' not found.
findfont: Font family 'Times New Roman' not found.
findfont: Font family 'Times New Roman' not found.
findfont: Font family 'Times New Roman' not found.
findfont: Font family 'Times New Roman' not found.
findfont: Font family 'Times New Roman' not found.
findfont: Font family 'Times New Roman' not found.
findfont: Font family 'Times New Roman' not found.
findfont: Font family 'Times New Roman' not found.
findfont: Font family 'Times New Roman' not found.
findfont: Font family 'Times New Roman' not found.
findfont: Font family 'Times New Roman' not found.
findfont: Font family 'Times New Roman' not found.
findfont: Font family 'Times New Roman' not found.
findfont: Font family 'Times New Roman' not found.
findfont: Font family 'Times New Roman' not found.
findfont: Font family 'Times New Roman' not found.
findfont: Font family 'Times New Roman' not found.
findfont: Font family 'Times New Roman' not found.
findfont: Font family 'Times New Roman' not found.
findfont: Font family 'Times New Roman' not found.
findfont: Font family 'Times New Roman' not found.
findfont: Font family 'Times New Roman' not found.
findfont: Font family 'Times New Roman' not found.
findfont: Font family 'Times New Roman' not found.
findfont: Font family 'Times New Roman' not found.
findfont: Font family 'Times New Roman' not found.
findfont: Font family 'Times New Roman' not found.
findfont: Font family 'Times New Roman' not found.
findfont: Font family 'Times New Roman' not found.
findfont: Font family 'Times New Roman' not found.
findfont: Font family 'Times New Roman' not found.
findfont: Font family 'Times New Roman' not found.
findfont: Font family 'Times New Roman' not found.
findfont: Font family 'Times New Roman' not found.
findfont: Font family 'Times New Roman' not found.
findfont: Font family 'Times New Roman' not found.
findfont: Font family 'Times New Roman' not found.
findfont: Font family 'Times New Roman' not found.
findfont: Font family 'Times New Roman' not found.
findfont: Font family 'Times New Roman' not found.
findfont: Font family 'Times New Roman' not found.
findfont: Font family 'Times New Roman' not found.
findfont: Font family 'Times New Roman' not found.
findfont: Font family 'Times New Roman' not found.
findfont: Font family 'Times New Roman' not found.
findfont: Font family 'Times New Roman' not found.
findfont: Font family 'Times New Roman' not found.
findfont: Font family 'Times New Roman' not found.
findfont: Font family 'Times New Roman' not found.
findfont: Font family 'Times New Roman' not found.
findfont: Font family 'Times New Roman' not found.
findfont: Font family 'Times New Roman' not found.
findfont: Font family 'Times New Roman' not found.
findfont: Font family 'Times New Roman' not found.
findfont: Font family 'Times New Roman' not found.
findfont: Font family 'Times New Roman' not found.
findfont: Font family 'Times New Roman' not found.
findfont: Font family 'Times New Roman' not found.
findfont: Font family 'Times New Roman' not found.
findfont: Font family 'Times New Roman' not found.
findfont: Font family 'Times New Roman' not found.
findfont: Font family 'Times New Roman' not found.
findfont: Font family 'Times New Roman' not found.
findfont: Font family 'Times New Roman' not found.
findfont: Font family 'Times New Roman' not found.
findfont: Font family 'Times New Roman' not found.
findfont: Font family 'Times New Roman' not found.
findfont: Font family 'Times New Roman' not found.
findfont: Font family 'Times New Roman' not found.
findfont: Font family 'Times New Roman' not found.
findfont: Font family 'Times New Roman' not found.
findfont: Font family 'Times New Roman' not found.
findfont: Font family 'Times New Roman' not found.
findfont: Font family 'Times New Roman' not found.
findfont: Font family 'Times New Roman' not found.
findfont: Font family 'Times New Roman' not found.
findfont: Font family 'Times New Roman' not found.
findfont: Font family 'Times New Roman' not found.
findfont: Font family 'Times New Roman' not found.
findfont: Font family 'Times New Roman' not found.
findfont: Font family 'Times New Roman' not found.
findfont: Font family 'Times New Roman' not found.
findfont: Font family 'Times New Roman' not found.
findfont: Font family 'Times New Roman' not found.
findfont: Font family 'Times New Roman' not found.
findfont: Font family 'Times New Roman' not found.
findfont: Font family 'Times New Roman' not found.
findfont: Font family 'Times New Roman' not found.
findfont: Font family 'Times New Roman' not found.
findfont: Font family 'Times New Roman' not found.
findfont: Font family 'Times New Roman' not found.
findfont: Font family 'Times New Roman' not found.
findfont: Font family 'Times New Roman' not found.
findfont: Font family 'Times New Roman' not found.
findfont: Font family 'Times New Roman' not found.
findfont: Font family 'Times New Roman' not found.
findfont: Font family 'Times New Roman' not found.
findfont: Font family 'Times New Roman' not found.
findfont: Font family 'Times New Roman' not found.
findfont: Font family 'Times New Roman' not found.
findfont: Font family 'Times New Roman' not found.
findfont: Font family 'Times New Roman' not found.
findfont: Font family 'Times New Roman' not found.
findfont: Font family 'Times New Roman' not found.
findfont: Font family 'Times New Roman' not found.
findfont: Font family 'Times New Roman' not found.
findfont: Font family 'Times New Roman' not found.
findfont: Font family 'Times New Roman' not found.
findfont: Font family 'Times New Roman' not found.
findfont: Font family 'Times New Roman' not found.
findfont: Font family 'Times New Roman' not found.
findfont: Font family 'Times New Roman' not found.
findfont: Font family 'Times New Roman' not found.
findfont: Font family 'Times New Roman' not found.
findfont: Font family 'Times New Roman' not found.
findfont: Font family 'Times New Roman' not found.
findfont: Font family 'Times New Roman' not found.
findfont: Font family 'Times New Roman' not found.
findfont: Font family 'Times New Roman' not found.
findfont: Font family 'Times New Roman' not found.
findfont: Font family 'Times New Roman' not found.
findfont: Font family 'Times New Roman' not found.
findfont: Font family 'Times New Roman' not found.
findfont: Font family 'Times New Roman' not found.
findfont: Font family 'Times New Roman' not found.
findfont: Font family 'Times New Roman' not found.
findfont: Font family 'Times New Roman' not found.
findfont: Font family 'Times New Roman' not found.
findfont: Font family 'Times New Roman' not found.
findfont: Font family 'Times New Roman' not found.
findfont: Font family 'Times New Roman' not found.
findfont: Font family 'Times New Roman' not found.
findfont: Font family 'Times New Roman' not found.
findfont: Font family 'Times New Roman' not found.
findfont: Font family 'Times New Roman' not found.
findfont: Font family 'Times New Roman' not found.
findfont: Font family 'Times New Roman' not found.
findfont: Font family 'Times New Roman' not found.
findfont: Font family 'Times New Roman' not found.
findfont: Font family 'Times New Roman' not found.
findfont: Font family 'Times New Roman' not found.
findfont: Font family 'Times New Roman' not found.
findfont: Font family 'Times New Roman' not found.
findfont: Font family 'Times New Roman' not found.
findfont: Font family 'Times New Roman' not found.
findfont: Font family 'Times New Roman' not found.
findfont: Font family 'Times New Roman' not found.
findfont: Font family 'Times New Roman' not found.
findfont: Font family 'Times New Roman' not found.
findfont: Font family 'Times New Roman' not found.
findfont: Font family 'Times New Roman' not found.
findfont: Font family 'Times New Roman' not found.
findfont: Font family 'Times New Roman' not found.
findfont: Font family 'Times New Roman' not found.
findfont: Font family 'Times New Roman' not found.
findfont: Font family 'Times New Roman' not found.
findfont: Font family 'Times New Roman' not found.
findfont: Font family 'Times New Roman' not found.
findfont: Font family 'Times New Roman' not found.
findfont: Font family 'Times New Roman' not found.
findfont: Font family 'Times New Roman' not found.
findfont: Font family 'Times New Roman' not found.
findfont: Font family 'Times New Roman' not found.
findfont: Font family 'Times New Roman' not found.
findfont: Font family 'Times New Roman' not found.
findfont: Font family 'Times New Roman' not found.
findfont: Font family 'Times New Roman' not found.
findfont: Font family 'Times New Roman' not found.
findfont: Font family 'Times New Roman' not found.
findfont: Font family 'Times New Roman' not found.
findfont: Font family 'Times New Roman' not found.
findfont: Font family 'Times New Roman' not found.
findfont: Font family 'Times New Roman' not found.
findfont: Font family 'Times New Roman' not found.
findfont: Font family 'Times New Roman' not found.
findfont: Font family 'Times New Roman' not found.
findfont: Font family 'Times New Roman' not found.
findfont: Font family 'Times New Roman' not found.
findfont: Font family 'Times New Roman' not found.
findfont: Font family 'Times New Roman' not found.
findfont: Font family 'Times New Roman' not found.
findfont: Font family 'Times New Roman' not found.
findfont: Font family 'Times New Roman' not found.
findfont: Font family 'Times New Roman' not found.
findfont: Font family 'Times New Roman' not found.
findfont: Font family 'Times New Roman' not found.
findfont: Font family 'Times New Roman' not found.
findfont: Font family 'Times New Roman' not found.
findfont: Font family 'Times New Roman' not found.
findfont: Font family 'Times New Roman' not found.
findfont: Font family 'Times New Roman' not found.
findfont: Font family 'Times New Roman' not found.
findfont: Font family 'Times New Roman' not found.
findfont: Font family 'Times New Roman' not found.
findfont: Font family 'Times New Roman' not found.
findfont: Font family 'Times New Roman' not found.
findfont: Font family 'Times New Roman' not found.
findfont: Font family 'Times New Roman' not found.
findfont: Font family 'Times New Roman' not found.
findfont: Font family 'Times New Roman' not found.
findfont: Font family 'Times New Roman' not found.
findfont: Font family 'Times New Roman' not found.
findfont: Font family 'Times New Roman' not found.
findfont: Font family 'Times New Roman' not found.
findfont: Font family 'Times New Roman' not found.
findfont: Font family 'Times New Roman' not found.
findfont: Font family 'Times New Roman' not found.
findfont: Font family 'Times New Roman' not found.
findfont: Font family 'Times New Roman' not found.
findfont: Font family 'Times New Roman' not found.
findfont: Font family 'Times New Roman' not found.
findfont: Font family 'Times New Roman' not found.
findfont: Font family 'Times New Roman' not found.
findfont: Font family 'Times New Roman' not found.
findfont: Font family 'Times New Roman' not found.
findfont: Font family 'Times New Roman' not found.
findfont: Font family 'Times New Roman' not found.
findfont: Font family 'Times New Roman' not found.
findfont: Font family 'Times New Roman' not found.
findfont: Font family 'Times New Roman' not found.
findfont: Font family 'Times New Roman' not found.
findfont: Font family 'Times New Roman' not found.
findfont: Font family 'Times New Roman' not found.
findfont: Font family 'Times New Roman' not found.
findfont: Font family 'Times New Roman' not found.
findfont: Font family 'Times New Roman' not found.
findfont: Font family 'Times New Roman' not found.
findfont: Font family 'Times New Roman' not found.
findfont: Font family 'Times New Roman' not found.
findfont: Font family 'Times New Roman' not found.
findfont: Font family 'Times New Roman' not found.
findfont: Font family 'Times New Roman' not found.
findfont: Font family 'Times New Roman' not found.
findfont: Font family 'Times New Roman' not found.
findfont: Font family 'Times New Roman' not found.
findfont: Font family 'Times New Roman' not found.
findfont: Font family 'Times New Roman' not found.
findfont: Font family 'Times New Roman' not found.
findfont: Font family 'Times New Roman' not found.
findfont: Font family 'Times New Roman' not found.
findfont: Font family 'Times New Roman' not found.
findfont: Font family 'Times New Roman' not found.
findfont: Font family 'Times New Roman' not found.
findfont: Font family 'Times New Roman' not found.
findfont: Font family 'Times New Roman' not found.
findfont: Font family 'Times New Roman' not found.
findfont: Font family 'Times New Roman' not found.
findfont: Font family 'Times New Roman' not found.
findfont: Font family 'Times New Roman' not found.
findfont: Font family 'Times New Roman' not found.
findfont: Font family 'Times New Roman' not found.
findfont: Font family 'Times New Roman' not found.
findfont: Font family 'Times New Roman' not found.
findfont: Font family 'Times New Roman' not found.
findfont: Font family 'Times New Roman' not found.
findfont: Font family 'Times New Roman' not found.
findfont: Font family 'Times New Roman' not found.
findfont: Font family 'Times New Roman' not found.
findfont: Font family 'Times New Roman' not found.
findfont: Font family 'Times New Roman' not found.
findfont: Font family 'Times New Roman' not found.
findfont: Font family 'Times New Roman' not found.
findfont: Font family 'Times New Roman' not found.
findfont: Font family 'Times New Roman' not found.
findfont: Font family 'Times New Roman' not found.
findfont: Font family 'Times New Roman' not found.
findfont: Font family 'Times New Roman' not found.
findfont: Font family 'Times New Roman' not found.
findfont: Font family 'Times New Roman' not found.
findfont: Font family 'Times New Roman' not found.
findfont: Font family 'Times New Roman' not found.
findfont: Font family 'Times New Roman' not found.
findfont: Font family 'Times New Roman' not found.
findfont: Font family 'Times New Roman' not found.
findfont: Font family 'Times New Roman' not found.
findfont: Font family 'Times New Roman' not found.
findfont: Font family 'Times New Roman' not found.
findfont: Font family 'Times New Roman' not found.
findfont: Font family 'Times New Roman' not found.
findfont: Font family 'Times New Roman' not found.
findfont: Font family 'Times New Roman' not found.
findfont: Font family 'Times New Roman' not found.
findfont: Font family 'Times New Roman' not found.
findfont: Font family 'Times New Roman' not found.
findfont: Font family 'Times New Roman' not found.
findfont: Font family 'Times New Roman' not found.
findfont: Font family 'Times New Roman' not found.
findfont: Font family 'Times New Roman' not found.
findfont: Font family 'Times New Roman' not found.
findfont: Font family 'Times New Roman' not found.
findfont: Font family 'Times New Roman' not found.
findfont: Font family 'Times New Roman' not found.
findfont: Font family 'Times New Roman' not found.
findfont: Font family 'Times New Roman' not found.
findfont: Font family 'Times New Roman' not found.
findfont: Font family 'Times New Roman' not found.
findfont: Font family 'Times New Roman' not found.
findfont: Font family 'Times New Roman' not found.
findfont: Font family 'Times New Roman' not found.
findfont: Font family 'Times New Roman' not found.
findfont: Font family 'Times New Roman' not found.
findfont: Font family 'Times New Roman' not found.
findfont: Font family 'Times New Roman' not found.
findfont: Font family 'Times New Roman' not found.
findfont: Font family 'Times New Roman' not found.
findfont: Font family 'Times New Roman' not found.
findfont: Font family 'Times New Roman' not found.
findfont: Font family 'Times New Roman' not found.
findfont: Font family 'Times New Roman' not found.
findfont: Font family 'Times New Roman' not found.
findfont: Font family 'Times New Roman' not found.
findfont: Font family 'Times New Roman' not found.
findfont: Font family 'Times New Roman' not found.
findfont: Font family 'Times New Roman' not found.
findfont: Font family 'Times New Roman' not found.
findfont: Font family 'Times New Roman' not found.
findfont: Font family 'Times New Roman' not found.
findfont: Font family 'Times New Roman' not found.
findfont: Font family 'Times New Roman' not found.
findfont: Font family 'Times New Roman' not found.
findfont: Font family 'Times New Roman' not found.
findfont: Font family 'Times New Roman' not found.
findfont: Font family 'Times New Roman' not found.
findfont: Font family 'Times New Roman' not found.
findfont: Font family 'Times New Roman' not found.
findfont: Font family 'Times New Roman' not found.
findfont: Font family 'Times New Roman' not found.
findfont: Font family 'Times New Roman' not found.
findfont: Font family 'Times New Roman' not found.
findfont: Font family 'Times New Roman' not found.
findfont: Font family 'Times New Roman' not found.
findfont: Font family 'Times New Roman' not found.
findfont: Font family 'Times New Roman' not found.
findfont: Font family 'Times New Roman' not found.
findfont: Font family 'Times New Roman' not found.
findfont: Font family 'Times New Roman' not found.
findfont: Font family 'Times New Roman' not found.
findfont: Font family 'Times New Roman' not found.
findfont: Font family 'Times New Roman' not found.
findfont: Font family 'Times New Roman' not found.
findfont: Font family 'Times New Roman' not found.
findfont: Font family 'Times New Roman' not found.
findfont: Font family 'Times New Roman' not found.
findfont: Font family 'Times New Roman' not found.
findfont: Font family 'Times New Roman' not found.
findfont: Font family 'Times New Roman' not found.
findfont: Font family 'Times New Roman' not found.
findfont: Font family 'Times New Roman' not found.
findfont: Font family 'Times New Roman' not found.
findfont: Font family 'Times New Roman' not found.
findfont: Font family 'Times New Roman' not found.
findfont: Font family 'Times New Roman' not found.
findfont: Font family 'Times New Roman' not found.
findfont: Font family 'Times New Roman' not found.
findfont: Font family 'Times New Roman' not found.
findfont: Font family 'Times New Roman' not found.
findfont: Font family 'Times New Roman' not found.
findfont: Font family 'Times New Roman' not found.
findfont: Font family 'Times New Roman' not found.
findfont: Font family 'Times New Roman' not found.
findfont: Font family 'Times New Roman' not found.
findfont: Font family 'Times New Roman' not found.
findfont: Font family 'Times New Roman' not found.
findfont: Font family 'Times New Roman' not found.
findfont: Font family 'Times New Roman' not found.
findfont: Font family 'Times New Roman' not found.
findfont: Font family 'Times New Roman' not found.
findfont: Font family 'Times New Roman' not found.
findfont: Font family 'Times New Roman' not found.
findfont: Font family 'Times New Roman' not found.
findfont: Font family 'Times New Roman' not found.
findfont: Font family 'Times New Roman' not found.
findfont: Font family 'Times New Roman' not found.
findfont: Font family 'Times New Roman' not found.
findfont: Font family 'Times New Roman' not found.
findfont: Font family 'Times New Roman' not found.
findfont: Font family 'Times New Roman' not found.
findfont: Font family 'Times New Roman' not found.
findfont: Font family 'Times New Roman' not found.
findfont: Font family 'Times New Roman' not found.
findfont: Font family 'Times New Roman' not found.
findfont: Font family 'Times New Roman' not found.
findfont: Font family 'Times New Roman' not found.
findfont: Font family 'Times New Roman' not found.
findfont: Font family 'Times New Roman' not found.
findfont: Font family 'Times New Roman' not found.
findfont: Font family 'Times New Roman' not found.
findfont: Font family 'Times New Roman' not found.
findfont: Font family 'Times New Roman' not found.
findfont: Font family 'Times New Roman' not found.
findfont: Font family 'Times New Roman' not found.
findfont: Font family 'Times New Roman' not found.
findfont: Font family 'Times New Roman' not found.
findfont: Font family 'Times New Roman' not found.
findfont: Font family 'Times New Roman' not found.
findfont: Font family 'Times New Roman' not found.
findfont: Font family 'Times New Roman' not found.
findfont: Font family 'Times New Roman' not found.
findfont: Font family 'Times New Roman' not found.
findfont: Font family 'Times New Roman' not found.
findfont: Font family 'Times New Roman' not found.
findfont: Font family 'Times New Roman' not found.
findfont: Font family 'Times New Roman' not found.
findfont: Font family 'Times New Roman' not found.
findfont: Font family 'Times New Roman' not found.
findfont: Font family 'Times New Roman' not found.
findfont: Font family 'Times New Roman' not found.
findfont: Font family 'Times New Roman' not found.
findfont: Font family 'Times New Roman' not found.
findfont: Font family 'Times New Roman' not found.
findfont: Font family 'Times New Roman' not found.
findfont: Font family 'Times New Roman' not found.
findfont: Font family 'Times New Roman' not found.
findfont: Font family 'Times New Roman' not found.
findfont: Font family 'Times New Roman' not found.
findfont: Font family 'Times New Roman' not found.
findfont: Font family 'Times New Roman' not found.
findfont: Font family 'Times New Roman' not found.
findfont: Font family 'Times New Roman' not found.
findfont: Font family 'Times New Roman' not found.
findfont: Font family 'Times New Roman' not found.
findfont: Font family 'Times New Roman' not found.
findfont: Font family 'Times New Roman' not found.
findfont: Font family 'Times New Roman' not found.
findfont: Font family 'Times New Roman' not found.
findfont: Font family 'Times New Roman' not found.
findfont: Font family 'Times New Roman' not found.
findfont: Font family 'Times New Roman' not found.
findfont: Font family 'Times New Roman' not found.
findfont: Font family 'Times New Roman' not found.
findfont: Font family 'Times New Roman' not found.
findfont: Font family 'Times New Roman' not found.
findfont: Font family 'Times New Roman' not found.
findfont: Font family 'Times New Roman' not found.
findfont: Font family 'Times New Roman' not found.
findfont: Font family 'Times New Roman' not found.
findfont: Font family 'Times New Roman' not found.
findfont: Font family 'Times New Roman' not found.
findfont: Font family 'Times New Roman' not found.
findfont: Font family 'Times New Roman' not found.
findfont: Font family 'Times New Roman' not found.
findfont: Font family 'Times New Roman' not found.
findfont: Font family 'Times New Roman' not found.
findfont: Font family 'Times New Roman' not found.
findfont: Font family 'Times New Roman' not found.
findfont: Font family 'Times New Roman' not found.
findfont: Font family 'Times New Roman' not found.
findfont: Font family 'Times New Roman' not found.
findfont: Font family 'Times New Roman' not found.
findfont: Font family 'Times New Roman' not found.
findfont: Font family 'Times New Roman' not found.
findfont: Font family 'Times New Roman' not found.
findfont: Font family 'Times New Roman' not found.
findfont: Font family 'Times New Roman' not found.
findfont: Font family 'Times New Roman' not found.
findfont: Font family 'Times New Roman' not found.
findfont: Font family 'Times New Roman' not found.
findfont: Font family 'Times New Roman' not found.
findfont: Font family 'Times New Roman' not found.
findfont: Font family 'Times New Roman' not found.
findfont: Font family 'Times New Roman' not found.
findfont: Font family 'Times New Roman' not found.
findfont: Font family 'Times New Roman' not found.
findfont: Font family 'Times New Roman' not found.
findfont: Font family 'Times New Roman' not found.
findfont: Font family 'Times New Roman' not found.
findfont: Font family 'Times New Roman' not found.
findfont: Font family 'Times New Roman' not found.
findfont: Font family 'Times New Roman' not found.
findfont: Font family 'Times New Roman' not found.
findfont: Font family 'Times New Roman' not found.
findfont: Font family 'Times New Roman' not found.
findfont: Font family 'Times New Roman' not found.
findfont: Font family 'Times New Roman' not found.
findfont: Font family 'Times New Roman' not found.
findfont: Font family 'Times New Roman' not found.
findfont: Font family 'Times New Roman' not found.
findfont: Font family 'Times New Roman' not found.
findfont: Font family 'Times New Roman' not found.
findfont: Font family 'Times New Roman' not found.
findfont: Font family 'Times New Roman' not found.
findfont: Font family 'Times New Roman' not found.
findfont: Font family 'Times New Roman' not found.
findfont: Font family 'Times New Roman' not found.
findfont: Font family 'Times New Roman' not found.
findfont: Font family 'Times New Roman' not found.
findfont: Font family 'Times New Roman' not found.
findfont: Font family 'Times New Roman' not found.
findfont: Font family 'Times New Roman' not found.
findfont: Font family 'Times New Roman' not found.
findfont: Font family 'Times New Roman' not found.
findfont: Font family 'Times New Roman' not found.
findfont: Font family 'Times New Roman' not found.
findfont: Font family 'Times New Roman' not found.
findfont: Font family 'Times New Roman' not found.
findfont: Font family 'Times New Roman' not found.
findfont: Font family 'Times New Roman' not found.
findfont: Font family 'Times New Roman' not found.
findfont: Font family 'Times New Roman' not found.
findfont: Font family 'Times New Roman' not found.
findfont: Font family 'Times New Roman' not found.
findfont: Font family 'Times New Roman' not found.
findfont: Font family 'Times New Roman' not found.
findfont: Font family 'Times New Roman' not found.
findfont: Font family 'Times New Roman' not found.
findfont: Font family 'Times New Roman' not found.
findfont: Font family 'Times New Roman' not found.
findfont: Font family 'Times New Roman' not found.
findfont: Font family 'Times New Roman' not found.
findfont: Font family 'Times New Roman' not found.
findfont: Font family 'Times New Roman' not found.
findfont: Font family 'Times New Roman' not found.
findfont: Font family 'Times New Roman' not found.
findfont: Font family 'Times New Roman' not found.
findfont: Font family 'Times New Roman' not found.
findfont: Font family 'Times New Roman' not found.
findfont: Font family 'Times New Roman' not found.
findfont: Font family 'Times New Roman' not found.
findfont: Font family 'Times New Roman' not found.
findfont: Font family 'Times New Roman' not found.
findfont: Font family 'Times New Roman' not found.
findfont: Font family 'Times New Roman' not found.
findfont: Font family 'Times New Roman' not found.
findfont: Font family 'Times New Roman' not found.
findfont: Font family 'Times New Roman' not found.
findfont: Font family 'Times New Roman' not found.
findfont: Font family 'Times New Roman' not found.
findfont: Font family 'Times New Roman' not found.
findfont: Font family 'Times New Roman' not found.
findfont: Font family 'Times New Roman' not found.
findfont: Font family 'Times New Roman' not found.
findfont: Font family 'Times New Roman' not found.
findfont: Font family 'Times New Roman' not found.
findfont: Font family 'Times New Roman' not found.
findfont: Font family 'Times New Roman' not found.
findfont: Font family 'Times New Roman' not found.
findfont: Font family 'Times New Roman' not found.
findfont: Font family 'Times New Roman' not found.
findfont: Font family 'Times New Roman' not found.
findfont: Font family 'Times New Roman' not found.
findfont: Font family 'Times New Roman' not found.
findfont: Font family 'Times New Roman' not found.
findfont: Font family 'Times New Roman' not found.
findfont: Font family 'Times New Roman' not found.
findfont: Font family 'Times New Roman' not found.
findfont: Font family 'Times New Roman' not found.
findfont: Font family 'Times New Roman' not found.
findfont: Font family 'Times New Roman' not found.
findfont: Font family 'Times New Roman' not found.
findfont: Font family 'Times New Roman' not found.
findfont: Font family 'Times New Roman' not found.
findfont: Font family 'Times New Roman' not found.
findfont: Font family 'Times New Roman' not found.
findfont: Font family 'Times New Roman' not found.
findfont: Font family 'Times New Roman' not found.
findfont: Font family 'Times New Roman' not found.
findfont: Font family 'Times New Roman' not found.
findfont: Font family 'Times New Roman' not found.
findfont: Font family 'Times New Roman' not found.
findfont: Font family 'Times New Roman' not found.
findfont: Font family 'Times New Roman' not found.
findfont: Font family 'Times New Roman' not found.
findfont: Font family 'Times New Roman' not found.
findfont: Font family 'Times New Roman' not found.
findfont: Font family 'Times New Roman' not found.
findfont: Font family 'Times New Roman' not found.
findfont: Font family 'Times New Roman' not found.
findfont: Font family 'Times New Roman' not found.
findfont: Font family 'Times New Roman' not found.
findfont: Font family 'Times New Roman' not found.
findfont: Font family 'Times New Roman' not found.
findfont: Font family 'Times New Roman' not found.
findfont: Font family 'Times New Roman' not found.
findfont: Font family 'Times New Roman' not found.
findfont: Font family 'Times New Roman' not found.
findfont: Font family 'Times New Roman' not found.
findfont: Font family 'Times New Roman' not found.
findfont: Font family 'Times New Roman' not found.
findfont: Font family 'Times New Roman' not found.
findfont: Font family 'Times New Roman' not found.
findfont: Font family 'Times New Roman' not found.
findfont: Font family 'Times New Roman' not found.
findfont: Font family 'Times New Roman' not found.
findfont: Font family 'Times New Roman' not found.
findfont: Font family 'Times New Roman' not found.
findfont: Font family 'Times New Roman' not found.
findfont: Font family 'Times New Roman' not found.
findfont: Font family 'Times New Roman' not found.
findfont: Font family 'Times New Roman' not found.
findfont: Font family 'Times New Roman' not found.
findfont: Font family 'Times New Roman' not found.
findfont: Font family 'Times New Roman' not found.
findfont: Font family 'Times New Roman' not found.
findfont: Font family 'Times New Roman' not found.
findfont: Font family 'Times New Roman' not found.
findfont: Font family 'Times New Roman' not found.
findfont: Font family 'Times New Roman' not found.
findfont: Font family 'Times New Roman' not found.
findfont: Font family 'Times New Roman' not found.
findfont: Font family 'Times New Roman' not found.
findfont: Font family 'Times New Roman' not found.
findfont: Font family 'Times New Roman' not found.
findfont: Font family 'Times New Roman' not found.
findfont: Font family 'Times New Roman' not found.
findfont: Font family 'Times New Roman' not found.
findfont: Font family 'Times New Roman' not found.
findfont: Font family 'Times New Roman' not found.
findfont: Font family 'Times New Roman' not found.
findfont: Font family 'Times New Roman' not found.
findfont: Font family 'Times New Roman' not found.
findfont: Font family 'Times New Roman' not found.
findfont: Font family 'Times New Roman' not found.
findfont: Font family 'Times New Roman' not found.
findfont: Font family 'Times New Roman' not found.
findfont: Font family 'Times New Roman' not found.
findfont: Font family 'Times New Roman' not found.
findfont: Font family 'Times New Roman' not found.
findfont: Font family 'Times New Roman' not found.
findfont: Font family 'Times New Roman' not found.
findfont: Font family 'Times New Roman' not found.
findfont: Font family 'Times New Roman' not found.
findfont: Font family 'Times New Roman' not found.
findfont: Font family 'Times New Roman' not found.
findfont: Font family 'Times New Roman' not found.
findfont: Font family 'Times New Roman' not found.
findfont: Font family 'Times New Roman' not found.
findfont: Font family 'Times New Roman' not found.
findfont: Font family 'Times New Roman' not found.
findfont: Font family 'Times New Roman' not found.
findfont: Font family 'Times New Roman' not found.
findfont: Font family 'Times New Roman' not found.
findfont: Font family 'Times New Roman' not found.
findfont: Font family 'Times New Roman' not found.
findfont: Font family 'Times New Roman' not found.
findfont: Font family 'Times New Roman' not found.
findfont: Font family 'Times New Roman' not found.
findfont: Font family 'Times New Roman' not found.
findfont: Font family 'Times New Roman' not found.
findfont: Font family 'Times New Roman' not found.
findfont: Font family 'Times New Roman' not found.
findfont: Font family 'Times New Roman' not found.
findfont: Font family 'Times New Roman' not found.
findfont: Font family 'Times New Roman' not found.
findfont: Font family 'Times New Roman' not found.
findfont: Font family 'Times New Roman' not found.
findfont: Font family 'Times New Roman' not found.
findfont: Font family 'Times New Roman' not found.
findfont: Font family 'Times New Roman' not found.
findfont: Font family 'Times New Roman' not found.
findfont: Font family 'Times New Roman' not found.
findfont: Font family 'Times New Roman' not found.
findfont: Font family 'Times New Roman' not found.
findfont: Font family 'Times New Roman' not found.
findfont: Font family 'Times New Roman' not found.
findfont: Font family 'Times New Roman' not found.
findfont: Font family 'Times New Roman' not found.
findfont: Font family 'Times New Roman' not found.
findfont: Font family 'Times New Roman' not found.
findfont: Font family 'Times New Roman' not found.
findfont: Font family 'Times New Roman' not found.
findfont: Font family 'Times New Roman' not found.
findfont: Font family 'Times New Roman' not found.
findfont: Font family 'Times New Roman' not found.
findfont: Font family 'Times New Roman' not found.
findfont: Font family 'Times New Roman' not found.
findfont: Font family 'Times New Roman' not found.
findfont: Font family 'Times New Roman' not found.
findfont: Font family 'Times New Roman' not found.
findfont: Font family 'Times New Roman' not found.
findfont: Font family 'Times New Roman' not found.
findfont: Font family 'Times New Roman' not found.
findfont: Font family 'Times New Roman' not found.
findfont: Font family 'Times New Roman' not found.
findfont: Font family 'Times New Roman' not found.
findfont: Font family 'Times New Roman' not found.
findfont: Font family 'Times New Roman' not found.
findfont: Font family 'Times New Roman' not found.
findfont: Font family 'Times New Roman' not found.
findfont: Font family 'Times New Roman' not found.
findfont: Font family 'Times New Roman' not found.
findfont: Font family 'Times New Roman' not found.
findfont: Font family 'Times New Roman' not found.
findfont: Font family 'Times New Roman' not found.
findfont: Font family 'Times New Roman' not found.
findfont: Font family 'Times New Roman' not found.
findfont: Font family 'Times New Roman' not found.
findfont: Font family 'Times New Roman' not found.
findfont: Font family 'Times New Roman' not found.
findfont: Font family 'Times New Roman' not found.
findfont: Font family 'Times New Roman' not found.
findfont: Font family 'Times New Roman' not found.
findfont: Font family 'Times New Roman' not found.
findfont: Font family 'Times New Roman' not found.
findfont: Font family 'Times New Roman' not found.
findfont: Font family 'Times New Roman' not found.
findfont: Font family 'Times New Roman' not found.
findfont: Font family 'Times New Roman' not found.
findfont: Font family 'Times New Roman' not found.
findfont: Font family 'Times New Roman' not found.
findfont: Font family 'Times New Roman' not found.
findfont: Font family 'Times New Roman' not found.
findfont: Font family 'Times New Roman' not found.
findfont: Font family 'Times New Roman' not found.
findfont: Font family 'Times New Roman' not found.
findfont: Font family 'Times New Roman' not found.
findfont: Font family 'Times New Roman' not found.
findfont: Font family 'Times New Roman' not found.
findfont: Font family 'Times New Roman' not found.
findfont: Font family 'Times New Roman' not found.
findfont: Font family 'Times New Roman' not found.
findfont: Font family 'Times New Roman' not found.
findfont: Font family 'Times New Roman' not found.
findfont: Font family 'Times New Roman' not found.
findfont: Font family 'Times New Roman' not found.
findfont: Font family 'Times New Roman' not found.
findfont: Font family 'Times New Roman' not found.
findfont: Font family 'Times New Roman' not found.
findfont: Font family 'Times New Roman' not found.
findfont: Font family 'Times New Roman' not found.
findfont: Font family 'Times New Roman' not found.
findfont: Font family 'Times New Roman' not found.
findfont: Font family 'Times New Roman' not found.
findfont: Font family 'Times New Roman' not found.
findfont: Font family 'Times New Roman' not found.
findfont: Font family 'Times New Roman' not found.
findfont: Font family 'Times New Roman' not found.
findfont: Font family 'Times New Roman' not found.
findfont: Font family 'Times New Roman' not found.
findfont: Font family 'Times New Roman' not found.
findfont: Font family 'Times New Roman' not found.
findfont: Font family 'Times New Roman' not found.
findfont: Font family 'Times New Roman' not found.
findfont: Font family 'Times New Roman' not found.
findfont: Font family 'Times New Roman' not found.
findfont: Font family 'Times New Roman' not found.
findfont: Font family 'Times New Roman' not found.
findfont: Font family 'Times New Roman' not found.
findfont: Font family 'Times New Roman' not found.
findfont: Font family 'Times New Roman' not found.
findfont: Font family 'Times New Roman' not found.
findfont: Font family 'Times New Roman' not found.
findfont: Font family 'Times New Roman' not found.
findfont: Font family 'Times New Roman' not found.
findfont: Font family 'Times New Roman' not found.
findfont: Font family 'Times New Roman' not found.
findfont: Font family 'Times New Roman' not found.
findfont: Font family 'Times New Roman' not found.
findfont: Font family 'Times New Roman' not found.
findfont: Font family 'Times New Roman' not found.
findfont: Font family 'Times New Roman' not found.
findfont: Font family 'Times New Roman' not found.
findfont: Font family 'Times New Roman' not found.
findfont: Font family 'Times New Roman' not found.
findfont: Font family 'Times New Roman' not found.
findfont: Font family 'Times New Roman' not found.
findfont: Font family 'Times New Roman' not found.
findfont: Font family 'Times New Roman' not found.
findfont: Font family 'Times New Roman' not found.
findfont: Font family 'Times New Roman' not found.
findfont: Font family 'Times New Roman' not found.
findfont: Font family 'Times New Roman' not found.
findfont: Font family 'Times New Roman' not found.
findfont: Font family 'Times New Roman' not found.
findfont: Font family 'Times New Roman' not found.
findfont: Font family 'Times New Roman' not found.
findfont: Font family 'Times New Roman' not found.
findfont: Font family 'Times New Roman' not found.
findfont: Font family 'Times New Roman' not found.
findfont: Font family 'Times New Roman' not found.
findfont: Font family 'Times New Roman' not found.
findfont: Font family 'Times New Roman' not found.
findfont: Font family 'Times New Roman' not found.
findfont: Font family 'Times New Roman' not found.
findfont: Font family 'Times New Roman' not found.
findfont: Font family 'Times New Roman' not found.
findfont: Font family 'Times New Roman' not found.
findfont: Font family 'Times New Roman' not found.
findfont: Font family 'Times New Roman' not found.
findfont: Font family 'Times New Roman' not found.
findfont: Font family 'Times New Roman' not found.
findfont: Font family 'Times New Roman' not found.
findfont: Font family 'Times New Roman' not found.
findfont: Font family 'Times New Roman' not found.
findfont: Font family 'Times New Roman' not found.
findfont: Font family 'Times New Roman' not found.
findfont: Font family 'Times New Roman' not found.
findfont: Font family 'Times New Roman' not found.
findfont: Font family 'Times New Roman' not found.
findfont: Font family 'Times New Roman' not found.
findfont: Font family 'Times New Roman' not found.
findfont: Font family 'Times New Roman' not found.
findfont: Font family 'Times New Roman' not found.
findfont: Font family 'Times New Roman' not found.
findfont: Font family 'Times New Roman' not found.
findfont: Font family 'Times New Roman' not found.
findfont: Font family 'Times New Roman' not found.
findfont: Font family 'Times New Roman' not found.
findfont: Font family 'Times New Roman' not found.
findfont: Font family 'Times New Roman' not found.
findfont: Font family 'Times New Roman' not found.
findfont: Font family 'Times New Roman' not found.
findfont: Font family 'Times New Roman' not found.
findfont: Font family 'Times New Roman' not found.
findfont: Font family 'Times New Roman' not found.
findfont: Font family 'Times New Roman' not found.
findfont: Font family 'Times New Roman' not found.
findfont: Font family 'Times New Roman' not found.
findfont: Font family 'Times New Roman' not found.
findfont: Font family 'Times New Roman' not found.
findfont: Font family 'Times New Roman' not found.
findfont: Font family 'Times New Roman' not found.
findfont: Font family 'Times New Roman' not found.
findfont: Font family 'Times New Roman' not found.
findfont: Font family 'Times New Roman' not found.
findfont: Font family 'Times New Roman' not found.
findfont: Font family 'Times New Roman' not found.
findfont: Font family 'Times New Roman' not found.
findfont: Font family 'Times New Roman' not found.
findfont: Font family 'Times New Roman' not found.
findfont: Font family 'Times New Roman' not found.
findfont: Font family 'Times New Roman' not found.
findfont: Font family 'Times New Roman' not found.
findfont: Font family 'Times New Roman' not found.
findfont: Font family 'Times New Roman' not found.
findfont: Font family 'Times New Roman' not found.
findfont: Font family 'Times New Roman' not found.
findfont: Font family 'Times New Roman' not found.
findfont: Font family 'Times New Roman' not found.
findfont: Font family 'Times New Roman' not found.
findfont: Font family 'Times New Roman' not found.
findfont: Font family 'Times New Roman' not found.
findfont: Font family 'Times New Roman' not found.
findfont: Font family 'Times New Roman' not found.
findfont: Font family 'Times New Roman' not found.
findfont: Font family 'Times New Roman' not found.
findfont: Font family 'Times New Roman' not found.
findfont: Font family 'Times New Roman' not found.
findfont: Font family 'Times New Roman' not found.
findfont: Font family 'Times New Roman' not found.
findfont: Font family 'Times New Roman' not found.
findfont: Font family 'Times New Roman' not found.
findfont: Font family 'Times New Roman' not found.
findfont: Font family 'Times New Roman' not found.
findfont: Font family 'Times New Roman' not found.
findfont: Font family 'Times New Roman' not found.
findfont: Font family 'Times New Roman' not found.
findfont: Font family 'Times New Roman' not found.
findfont: Font family 'Times New Roman' not found.
findfont: Font family 'Times New Roman' not found.
findfont: Font family 'Times New Roman' not found.
findfont: Font family 'Times New Roman' not found.
findfont: Font family 'Times New Roman' not found.
findfont: Font family 'Times New Roman' not found.
findfont: Font family 'Times New Roman' not found.
findfont: Font family 'Times New Roman' not found.
findfont: Font family 'Times New Roman' not found.
findfont: Font family 'Times New Roman' not found.
findfont: Font family 'Times New Roman' not found.
findfont: Font family 'Times New Roman' not found.
findfont: Font family 'Times New Roman' not found.
findfont: Font family 'Times New Roman' not found.
findfont: Font family 'Times New Roman' not found.
findfont: Font family 'Times New Roman' not found.
findfont: Font family 'Times New Roman' not found.
findfont: Font family 'Times New Roman' not found.
findfont: Font family 'Times New Roman' not found.
findfont: Font family 'Times New Roman' not found.
findfont: Font family 'Times New Roman' not found.
findfont: Font family 'Times New Roman' not found.
findfont: Font family 'Times New Roman' not found.
findfont: Font family 'Times New Roman' not found.
findfont: Font family 'Times New Roman' not found.
findfont: Font family 'Times New Roman' not found.
findfont: Font family 'Times New Roman' not found.
findfont: Font family 'Times New Roman' not found.
findfont: Font family 'Times New Roman' not found.
findfont: Font family 'Times New Roman' not found.
findfont: Font family 'Times New Roman' not found.
findfont: Font family 'Times New Roman' not found.
findfont: Font family 'Times New Roman' not found.
findfont: Font family 'Times New Roman' not found.
findfont: Font family 'Times New Roman' not found.
findfont: Font family 'Times New Roman' not found.
findfont: Font family 'Times New Roman' not found.
findfont: Font family 'Times New Roman' not found.
findfont: Font family 'Times New Roman' not found.
findfont: Font family 'Times New Roman' not found.
findfont: Font family 'Times New Roman' not found.
findfont: Font family 'Times New Roman' not found.
findfont: Font family 'Times New Roman' not found.
findfont: Font family 'Times New Roman' not found.
findfont: Font family 'Times New Roman' not found.
findfont: Font family 'Times New Roman' not found.
findfont: Font family 'Times New Roman' not found.
findfont: Font family 'Times New Roman' not found.
findfont: Font family 'Times New Roman' not found.
findfont: Font family 'Times New Roman' not found.
findfont: Font family 'Times New Roman' not found.
findfont: Font family 'Times New Roman' not found.
findfont: Font family 'Times New Roman' not found.
findfont: Font family 'Times New Roman' not found.
findfont: Font family 'Times New Roman' not found.
findfont: Font family 'Times New Roman' not found.
findfont: Font family 'Times New Roman' not found.
findfont: Font family 'Times New Roman' not found.
findfont: Font family 'Times New Roman' not found.
findfont: Font family 'Times New Roman' not found.
findfont: Font family 'Times New Roman' not found.
findfont: Font family 'Times New Roman' not found.
findfont: Font family 'Times New Roman' not found.
findfont: Font family 'Times New Roman' not found.
findfont: Font family 'Times New Roman' not found.
findfont: Font family 'Times New Roman' not found.
findfont: Font family 'Times New Roman' not found.
findfont: Font family 'Times New Roman' not found.
findfont: Font family 'Times New Roman' not found.
findfont: Font family 'Times New Roman' not found.
findfont: Font family 'Times New Roman' not found.
findfont: Font family 'Times New Roman' not found.
findfont: Font family 'Times New Roman' not found.
findfont: Font family 'Times New Roman' not found.
findfont: Font family 'Times New Roman' not found.
findfont: Font family 'Times New Roman' not found.
findfont: Font family 'Times New Roman' not found.
findfont: Font family 'Times New Roman' not found.
findfont: Font family 'Times New Roman' not found.
findfont: Font family 'Times New Roman' not found.
findfont: Font family 'Times New Roman' not found.
findfont: Font family 'Times New Roman' not found.
findfont: Font family 'Times New Roman' not found.
findfont: Font family 'Times New Roman' not found.
findfont: Font family 'Times New Roman' not found.
findfont: Font family 'Times New Roman' not found.
findfont: Font family 'Times New Roman' not found.
findfont: Font family 'Times New Roman' not found.
findfont: Font family 'Times New Roman' not found.
findfont: Font family 'Times New Roman' not found.
findfont: Font family 'Times New Roman' not found.
findfont: Font family 'Times New Roman' not found.
findfont: Font family 'Times New Roman' not found.
findfont: Font family 'Times New Roman' not found.
findfont: Font family 'Times New Roman' not found.
findfont: Font family 'Times New Roman' not found.
findfont: Font family 'Times New Roman' not found.
findfont: Font family 'Times New Roman' not found.
findfont: Font family 'Times New Roman' not found.
findfont: Font family 'Times New Roman' not found.
findfont: Font family 'Times New Roman' not found.
findfont: Font family 'Times New Roman' not found.
findfont: Font family 'Times New Roman' not found.
findfont: Font family 'Times New Roman' not found.
findfont: Font family 'Times New Roman' not found.
findfont: Font family 'Times New Roman' not found.
findfont: Font family 'Times New Roman' not found.
findfont: Font family 'Times New Roman' not found.
findfont: Font family 'Times New Roman' not found.
findfont: Font family 'Times New Roman' not found.
findfont: Font family 'Times New Roman' not found.
findfont: Font family 'Times New Roman' not found.
findfont: Font family 'Times New Roman' not found.
findfont: Font family 'Times New Roman' not found.
findfont: Font family 'Times New Roman' not found.
findfont: Font family 'Times New Roman' not found.
findfont: Font family 'Times New Roman' not found.
findfont: Font family 'Times New Roman' not found.
findfont: Font family 'Times New Roman' not found.
findfont: Font family 'Times New Roman' not found.
findfont: Font family 'Times New Roman' not found.
findfont: Font family 'Times New Roman' not found.
findfont: Font family 'Times New Roman' not found.
findfont: Font family 'Times New Roman' not found.
findfont: Font family 'Times New Roman' not found.
findfont: Font family 'Times New Roman' not found.
findfont: Font family 'Times New Roman' not found.
findfont: Font family 'Times New Roman' not found.
findfont: Font family 'Times New Roman' not found.
findfont: Font family 'Times New Roman' not found.
findfont: Font family 'Times New Roman' not found.
findfont: Font family 'Times New Roman' not found.
findfont: Font family 'Times New Roman' not found.
findfont: Font family 'Times New Roman' not found.
findfont: Font family 'Times New Roman' not found.
findfont: Font family 'Times New Roman' not found.
findfont: Font family 'Times New Roman' not found.
findfont: Font family 'Times New Roman' not found.
findfont: Font family 'Times New Roman' not found.
findfont: Font family 'Times New Roman' not found.
findfont: Font family 'Times New Roman' not found.
findfont: Font family 'Times New Roman' not found.
findfont: Font family 'Times New Roman' not found.
findfont: Font family 'Times New Roman' not found.
findfont: Font family 'Times New Roman' not found.
findfont: Font family 'Times New Roman' not found.
findfont: Font family 'Times New Roman' not found.
findfont: Font family 'Times New Roman' not found.
findfont: Font family 'Times New Roman' not found.
findfont: Font family 'Times New Roman' not found.
findfont: Font family 'Times New Roman' not found.
findfont: Font family 'Times New Roman' not found.
findfont: Font family 'Times New Roman' not found.
findfont: Font family 'Times New Roman' not found.
findfont: Font family 'Times New Roman' not found.
findfont: Font family 'Times New Roman' not found.
findfont: Font family 'Times New Roman' not found.
findfont: Font family 'Times New Roman' not found.
findfont: Font family 'Times New Roman' not found.
findfont: Font family 'Times New Roman' not found.
findfont: Font family 'Times New Roman' not found.
findfont: Font family 'Times New Roman' not found.
findfont: Font family 'Times New Roman' not found.
findfont: Font family 'Times New Roman' not found.
findfont: Font family 'Times New Roman' not found.
findfont: Font family 'Times New Roman' not found.
findfont: Font family 'Times New Roman' not found.
findfont: Font family 'Times New Roman' not found.
findfont: Font family 'Times New Roman' not found.
findfont: Font family 'Times New Roman' not found.
findfont: Font family 'Times New Roman' not found.
findfont: Font family 'Times New Roman' not found.
findfont: Font family 'Times New Roman' not found.
findfont: Font family 'Times New Roman' not found.
findfont: Font family 'Times New Roman' not found.
findfont: Font family 'Times New Roman' not found.
findfont: Font family 'Times New Roman' not found.
findfont: Font family 'Times New Roman' not found.
findfont: Font family 'Times New Roman' not found.
findfont: Font family 'Times New Roman' not found.
findfont: Font family 'Times New Roman' not found.
findfont: Font family 'Times New Roman' not found.
findfont: Font family 'Times New Roman' not found.
findfont: Font family 'Times New Roman' not found.
findfont: Font family 'Times New Roman' not found.
findfont: Font family 'Times New Roman' not found.
findfont: Font family 'Times New Roman' not found.
findfont: Font family 'Times New Roman' not found.
findfont: Font family 'Times New Roman' not found.
findfont: Font family 'Times New Roman' not found.
findfont: Font family 'Times New Roman' not found.
findfont: Font family 'Times New Roman' not found.
findfont: Font family 'Times New Roman' not found.
findfont: Font family 'Times New Roman' not found.
findfont: Font family 'Times New Roman' not found.
findfont: Font family 'Times New Roman' not found.
findfont: Font family 'Times New Roman' not found.
findfont: Font family 'Times New Roman' not found.
findfont: Font family 'Times New Roman' not found.
findfont: Font family 'Times New Roman' not found.
findfont: Font family 'Times New Roman' not found.
findfont: Font family 'Times New Roman' not found.
findfont: Font family 'Times New Roman' not found.
findfont: Font family 'Times New Roman' not found.
findfont: Font family 'Times New Roman' not found.
findfont: Font family 'Times New Roman' not found.
findfont: Font family 'Times New Roman' not found.
findfont: Font family 'Times New Roman' not found.
findfont: Font family 'Times New Roman' not found.
findfont: Font family 'Times New Roman' not found.
findfont: Font family 'Times New Roman' not found.
findfont: Font family 'Times New Roman' not found.
findfont: Font family 'Times New Roman' not found.
findfont: Font family 'Times New Roman' not found.
findfont: Font family 'Times New Roman' not found.
findfont: Font family 'Times New Roman' not found.
findfont: Font family 'Times New Roman' not found.
findfont: Font family 'Times New Roman' not found.
findfont: Font family 'Times New Roman' not found.
findfont: Font family 'Times New Roman' not found.
findfont: Font family 'Times New Roman' not found.
findfont: Font family 'Times New Roman' not found.
findfont: Font family 'Times New Roman' not found.
findfont: Font family 'Times New Roman' not found.
findfont: Font family 'Times New Roman' not found.
findfont: Font family 'Times New Roman' not found.
findfont: Font family 'Times New Roman' not found.
findfont: Font family 'Times New Roman' not found.
findfont: Font family 'Times New Roman' not found.
findfont: Font family 'Times New Roman' not found.
findfont: Font family 'Times New Roman' not found.
findfont: Font family 'Times New Roman' not found.
findfont: Font family 'Times New Roman' not found.
findfont: Font family 'Times New Roman' not found.
findfont: Font family 'Times New Roman' not found.
findfont: Font family 'Times New Roman' not found.
findfont: Font family 'Times New Roman' not found.
findfont: Font family 'Times New Roman' not found.
findfont: Font family 'Times New Roman' not found.
findfont: Font family 'Times New Roman' not found.
findfont: Font family 'Times New Roman' not found.
findfont: Font family 'Times New Roman' not found.
findfont: Font family 'Times New Roman' not found.
findfont: Font family 'Times New Roman' not found.
findfont: Font family 'Times New Roman' not found.
findfont: Font family 'Times New Roman' not found.
findfont: Font family 'Times New Roman' not found.
findfont: Font family 'Times New Roman' not found.
findfont: Font family 'Times New Roman' not found.
findfont: Font family 'Times New Roman' not found.
findfont: Font family 'Times New Roman' not found.
findfont: Font family 'Times New Roman' not found.
findfont: Font family 'Times New Roman' not found.
findfont: Font family 'Times New Roman' not found.
findfont: Font family 'Times New Roman' not found.
findfont: Font family 'Times New Roman' not found.
findfont: Font family 'Times New Roman' not found.
findfont: Font family 'Times New Roman' not found.
findfont: Font family 'Times New Roman' not found.
findfont: Font family 'Times New Roman' not found.
findfont: Font family 'Times New Roman' not found.
findfont: Font family 'Times New Roman' not found.
findfont: Font family 'Times New Roman' not found.
findfont: Font family 'Times New Roman' not found.
findfont: Font family 'Times New Roman' not found.
findfont: Font family 'Times New Roman' not found.
findfont: Font family 'Times New Roman' not found.
findfont: Font family 'Times New Roman' not found.
findfont: Font family 'Times New Roman' not found.
findfont: Font family 'Times New Roman' not found.
findfont: Font family 'Times New Roman' not found.
findfont: Font family 'Times New Roman' not found.
findfont: Font family 'Times New Roman' not found.
findfont: Font family 'Times New Roman' not found.
findfont: Font family 'Times New Roman' not found.
findfont: Font family 'Times New Roman' not found.
findfont: Font family 'Times New Roman' not found.
findfont: Font family 'Times New Roman' not found.
findfont: Font family 'Times New Roman' not found.
findfont: Font family 'Times New Roman' not found.
findfont: Font family 'Times New Roman' not found.
findfont: Font family 'Times New Roman' not found.
findfont: Font family 'Times New Roman' not found.
findfont: Font family 'Times New Roman' not found.
findfont: Font family 'Times New Roman' not found.
findfont: Font family 'Times New Roman' not found.
findfont: Font family 'Times New Roman' not found.
findfont: Font family 'Times New Roman' not found.
findfont: Font family 'Times New Roman' not found.
findfont: Font family 'Times New Roman' not found.
findfont: Font family 'Times New Roman' not found.
findfont: Font family 'Times New Roman' not found.
findfont: Font family 'Times New Roman' not found.
findfont: Font family 'Times New Roman' not found.
findfont: Font family 'Times New Roman' not found.
findfont: Font family 'Times New Roman' not found.
findfont: Font family 'Times New Roman' not found.
findfont: Font family 'Times New Roman' not found.
findfont: Font family 'Times New Roman' not found.
findfont: Font family 'Times New Roman' not found.
findfont: Font family 'Times New Roman' not found.
findfont: Font family 'Times New Roman' not found.
findfont: Font family 'Times New Roman' not found.
findfont: Font family 'Times New Roman' not found.
findfont: Font family 'Times New Roman' not found.
findfont: Font family 'Times New Roman' not found.
findfont: Font family 'Times New Roman' not found.
findfont: Font family 'Times New Roman' not found.
findfont: Font family 'Times New Roman' not found.
findfont: Font family 'Times New Roman' not found.
findfont: Font family 'Times New Roman' not found.
findfont: Font family 'Times New Roman' not found.
findfont: Font family 'Times New Roman' not found.
findfont: Font family 'Times New Roman' not found.
findfont: Font family 'Times New Roman' not found.
findfont: Font family 'Times New Roman' not found.
findfont: Font family 'Times New Roman' not found.
findfont: Font family 'Times New Roman' not found.
findfont: Font family 'Times New Roman' not found.
findfont: Font family 'Times New Roman' not found.
findfont: Font family 'Times New Roman' not found.
findfont: Font family 'Times New Roman' not found.
findfont: Font family 'Times New Roman' not found.
findfont: Font family 'Times New Roman' not found.
findfont: Font family 'Times New Roman' not found.
findfont: Font family 'Times New Roman' not found.
findfont: Font family 'Times New Roman' not found.
findfont: Font family 'Times New Roman' not found.
findfont: Font family 'Times New Roman' not found.
findfont: Font family 'Times New Roman' not found.
findfont: Font family 'Times New Roman' not found.
findfont: Font family 'Times New Roman' not found.
findfont: Font family 'Times New Roman' not found.
findfont: Font family 'Times New Roman' not found.
findfont: Font family 'Times New Roman' not found.
findfont: Font family 'Times New Roman' not found.
findfont: Font family 'Times New Roman' not found.
findfont: Font family 'Times New Roman' not found.
findfont: Font family 'Times New Roman' not found.
findfont: Font family 'Times New Roman' not found.
findfont: Font family 'Times New Roman' not found.
findfont: Font family 'Times New Roman' not found.
findfont: Font family 'Times New Roman' not found.
findfont: Font family 'Times New Roman' not found.
findfont: Font family 'Times New Roman' not found.
findfont: Font family 'Times New Roman' not found.
findfont: Font family 'Times New Roman' not found.
findfont: Font family 'Times New Roman' not found.
findfont: Font family 'Times New Roman' not found.
findfont: Font family 'Times New Roman' not found.
findfont: Font family 'Times New Roman' not found.
findfont: Font family 'Times New Roman' not found.
findfont: Font family 'Times New Roman' not found.
findfont: Font family 'Times New Roman' not found.
findfont: Font family 'Times New Roman' not found.
findfont: Font family 'Times New Roman' not found.
findfont: Font family 'Times New Roman' not found.
findfont: Font family 'Times New Roman' not found.
findfont: Font family 'Times New Roman' not found.
findfont: Font family 'Times New Roman' not found.
findfont: Font family 'Times New Roman' not found.
findfont: Font family 'Times New Roman' not found.
findfont: Font family 'Times New Roman' not found.
findfont: Font family 'Times New Roman' not found.
findfont: Font family 'Times New Roman' not found.
findfont: Font family 'Times New Roman' not found.
findfont: Font family 'Times New Roman' not found.
findfont: Font family 'Times New Roman' not found.
findfont: Font family 'Times New Roman' not found.
findfont: Font family 'Times New Roman' not found.
findfont: Font family 'Times New Roman' not found.
findfont: Font family 'Times New Roman' not found.
findfont: Font family 'Times New Roman' not found.
findfont: Font family 'Times New Roman' not found.
findfont: Font family 'Times New Roman' not found.
findfont: Font family 'Times New Roman' not found.
findfont: Font family 'Times New Roman' not found.
findfont: Font family 'Times New Roman' not found.
findfont: Font family 'Times New Roman' not found.
findfont: Font family 'Times New Roman' not found.
findfont: Font family 'Times New Roman' not found.
findfont: Font family 'Times New Roman' not found.
findfont: Font family 'Times New Roman' not found.
findfont: Font family 'Times New Roman' not found.
findfont: Font family 'Times New Roman' not found.
findfont: Font family 'Times New Roman' not found.
findfont: Font family 'Times New Roman' not found.
findfont: Font family 'Times New Roman' not found.
findfont: Font family 'Times New Roman' not found.
findfont: Font family 'Times New Roman' not found.
findfont: Font family 'Times New Roman' not found.
findfont: Font family 'Times New Roman' not found.
findfont: Font family 'Times New Roman' not found.
findfont: Font family 'Times New Roman' not found.
findfont: Font family 'Times New Roman' not found.
findfont: Font family 'Times New Roman' not found.
findfont: Font family 'Times New Roman' not found.
findfont: Font family 'Times New Roman' not found.
findfont: Font family 'Times New Roman' not found.
findfont: Font family 'Times New Roman' not found.
findfont: Font family 'Times New Roman' not found.
findfont: Font family 'Times New Roman' not found.
findfont: Font family 'Times New Roman' not found.
findfont: Font family 'Times New Roman' not found.
findfont: Font family 'Times New Roman' not found.
findfont: Font family 'Times New Roman' not found.
findfont: Font family 'Times New Roman' not found.
findfont: Font family 'Times New Roman' not found.
findfont: Font family 'Times New Roman' not found.
findfont: Font family 'Times New Roman' not found.
findfont: Font family 'Times New Roman' not found.
findfont: Font family 'Times New Roman' not found.
findfont: Font family 'Times New Roman' not found.
findfont: Font family 'Times New Roman' not found.
findfont: Font family 'Times New Roman' not found.
findfont: Font family 'Times New Roman' not found.
findfont: Font family 'Times New Roman' not found.
findfont: Font family 'Times New Roman' not found.
findfont: Font family 'Times New Roman' not found.
findfont: Font family 'Times New Roman' not found.
findfont: Font family 'Times New Roman' not found.
findfont: Font family 'Times New Roman' not found.
findfont: Font family 'Times New Roman' not found.
findfont: Font family 'Times New Roman' not found.
findfont: Font family 'Times New Roman' not found.
findfont: Font family 'Times New Roman' not found.
findfont: Font family 'Times New Roman' not found.
findfont: Font family 'Times New Roman' not found.
findfont: Font family 'Times New Roman' not found.
findfont: Font family 'Times New Roman' not found.
findfont: Font family 'Times New Roman' not found.
findfont: Font family 'Times New Roman' not found.
findfont: Font family 'Times New Roman' not found.
findfont: Font family 'Times New Roman' not found.
findfont: Font family 'Times New Roman' not found.
findfont: Font family 'Times New Roman' not found.
findfont: Font family 'Times New Roman' not found.
findfont: Font family 'Times New Roman' not found.
findfont: Font family 'Times New Roman' not found.
findfont: Font family 'Times New Roman' not found.
findfont: Font family 'Times New Roman' not found.
findfont: Font family 'Times New Roman' not found.
findfont: Font family 'Times New Roman' not found.
findfont: Font family 'Times New Roman' not found.
findfont: Font family 'Times New Roman' not found.
findfont: Font family 'Times New Roman' not found.
findfont: Font family 'Times New Roman' not found.
findfont: Font family 'Times New Roman' not found.
findfont: Font family 'Times New Roman' not found.
findfont: Font family 'Times New Roman' not found.
findfont: Font family 'Times New Roman' not found.
findfont: Font family 'Times New Roman' not found.
findfont: Font family 'Times New Roman' not found.
findfont: Font family 'Times New Roman' not found.
findfont: Font family 'Times New Roman' not found.
findfont: Font family 'Times New Roman' not found.
findfont: Font family 'Times New Roman' not found.
findfont: Font family 'Times New Roman' not found.
findfont: Font family 'Times New Roman' not found.
findfont: Font family 'Times New Roman' not found.
findfont: Font family 'Times New Roman' not found.
findfont: Font family 'Times New Roman' not found.
findfont: Font family 'Times New Roman' not found.
findfont: Font family 'Times New Roman' not found.
findfont: Font family 'Times New Roman' not found.
findfont: Font family 'Times New Roman' not found.
findfont: Font family 'Times New Roman' not found.
findfont: Font family 'Times New Roman' not found.
findfont: Font family 'Times New Roman' not found.
findfont: Font family 'Times New Roman' not found.
findfont: Font family 'Times New Roman' not found.
findfont: Font family 'Times New Roman' not found.
findfont: Font family 'Times New Roman' not found.
findfont: Font family 'Times New Roman' not found.
findfont: Font family 'Times New Roman' not found.
findfont: Font family 'Times New Roman' not found.
findfont: Font family 'Times New Roman' not found.
findfont: Font family 'Times New Roman' not found.
findfont: Font family 'Times New Roman' not found.
findfont: Font family 'Times New Roman' not found.
findfont: Font family 'Times New Roman' not found.
findfont: Font family 'Times New Roman' not found.
findfont: Font family 'Times New Roman' not found.
findfont: Font family 'Times New Roman' not found.
findfont: Font family 'Times New Roman' not found.
findfont: Font family 'Times New Roman' not found.
findfont: Font family 'Times New Roman' not found.
findfont: Font family 'Times New Roman' not found.
findfont: Font family 'Times New Roman' not found.
findfont: Font family 'Times New Roman' not found.
findfont: Font family 'Times New Roman' not found.
findfont: Font family 'Times New Roman' not found.
findfont: Font family 'Times New Roman' not found.
findfont: Font family 'Times New Roman' not found.
findfont: Font family 'Times New Roman' not found.
findfont: Font family 'Times New Roman' not found.
findfont: Font family 'Times New Roman' not found.
findfont: Font family 'Times New Roman' not found.
findfont: Font family 'Times New Roman' not found.
findfont: Font family 'Times New Roman' not found.
findfont: Font family 'Times New Roman' not found.
findfont: Font family 'Times New Roman' not found.
findfont: Font family 'Times New Roman' not found.
findfont: Font family 'Times New Roman' not found.
findfont: Font family 'Times New Roman' not found.
findfont: Font family 'Times New Roman' not found.
findfont: Font family 'Times New Roman' not found.
findfont: Font family 'Times New Roman' not found.
findfont: Font family 'Times New Roman' not found.
findfont: Font family 'Times New Roman' not found.
findfont: Font family 'Times New Roman' not found.
findfont: Font family 'Times New Roman' not found.
findfont: Font family 'Times New Roman' not found.
findfont: Font family 'Times New Roman' not found.
findfont: Font family 'Times New Roman' not found.
findfont: Font family 'Times New Roman' not found.
findfont: Font family 'Times New Roman' not found.
findfont: Font family 'Times New Roman' not found.
findfont: Font family 'Times New Roman' not found.
findfont: Font family 'Times New Roman' not found.
findfont: Font family 'Times New Roman' not found.
findfont: Font family 'Times New Roman' not found.
findfont: Font family 'Times New Roman' not found.
findfont: Font family 'Times New Roman' not found.
findfont: Font family 'Times New Roman' not found.
findfont: Font family 'Times New Roman' not found.
findfont: Font family 'Times New Roman' not found.
findfont: Font family 'Times New Roman' not found.
findfont: Font family 'Times New Roman' not found.
findfont: Font family 'Times New Roman' not found.
findfont: Font family 'Times New Roman' not found.
findfont: Font family 'Times New Roman' not found.
findfont: Font family 'Times New Roman' not found.
findfont: Font family 'Times New Roman' not found.
findfont: Font family 'Times New Roman' not found.
findfont: Font family 'Times New Roman' not found.
findfont: Font family 'Times New Roman' not found.
findfont: Font family 'Times New Roman' not found.
findfont: Font family 'Times New Roman' not found.
findfont: Font family 'Times New Roman' not found.
findfont: Font family 'Times New Roman' not found.
findfont: Font family 'Times New Roman' not found.
findfont: Font family 'Times New Roman' not found.
findfont: Font family 'Times New Roman' not found.
findfont: Font family 'Times New Roman' not found.
findfont: Font family 'Times New Roman' not found.
findfont: Font family 'Times New Roman' not found.
findfont: Font family 'Times New Roman' not found.
findfont: Font family 'Times New Roman' not found.
findfont: Font family 'Times New Roman' not found.
findfont: Font family 'Times New Roman' not found.
findfont: Font family 'Times New Roman' not found.
findfont: Font family 'Times New Roman' not found.
findfont: Font family 'Times New Roman' not found.
findfont: Font family 'Times New Roman' not found.
findfont: Font family 'Times New Roman' not found.
findfont: Font family 'Times New Roman' not found.
findfont: Font family 'Times New Roman' not found.
findfont: Font family 'Times New Roman' not found.
findfont: Font family 'Times New Roman' not found.
findfont: Font family 'Times New Roman' not found.
findfont: Font family 'Times New Roman' not found.
findfont: Font family 'Times New Roman' not found.
findfont: Font family 'Times New Roman' not found.
findfont: Font family 'Times New Roman' not found.
findfont: Font family 'Times New Roman' not found.
findfont: Font family 'Times New Roman' not found.
findfont: Font family 'Times New Roman' not found.
findfont: Font family 'Times New Roman' not found.
findfont: Font family 'Times New Roman' not found.
findfont: Font family 'Times New Roman' not found.
findfont: Font family 'Times New Roman' not found.
findfont: Font family 'Times New Roman' not found.
findfont: Font family 'Times New Roman' not found.
findfont: Font family 'Times New Roman' not found.
findfont: Font family 'Times New Roman' not found.
findfont: Font family 'Times New Roman' not found.
findfont: Font family 'Times New Roman' not found.
findfont: Font family 'Times New Roman' not found.
findfont: Font family 'Times New Roman' not found.
findfont: Font family 'Times New Roman' not found.
findfont: Font family 'Times New Roman' not found.
findfont: Font family 'Times New Roman' not found.
findfont: Font family 'Times New Roman' not found.
findfont: Font family 'Times New Roman' not found.
findfont: Font family 'Times New Roman' not found.
findfont: Font family 'Times New Roman' not found.
findfont: Font family 'Times New Roman' not found.
findfont: Font family 'Times New Roman' not found.
findfont: Font family 'Times New Roman' not found.
findfont: Font family 'Times New Roman' not found.
findfont: Font family 'Times New Roman' not found.
findfont: Font family 'Times New Roman' not found.
findfont: Font family 'Times New Roman' not found.
findfont: Font family 'Times New Roman' not found.
findfont: Font family 'Times New Roman' not found.
findfont: Font family 'Times New Roman' not found.
findfont: Font family 'Times New Roman' not found.
findfont: Font family 'Times New Roman' not found.
findfont: Font family 'Times New Roman' not found.
findfont: Font family 'Times New Roman' not found.
findfont: Font family 'Times New Roman' not found.
findfont: Font family 'Times New Roman' not found.
findfont: Font family 'Times New Roman' not found.
findfont: Font family 'Times New Roman' not found.
findfont: Font family 'Times New Roman' not found.
findfont: Font family 'Times New Roman' not found.
findfont: Font family 'Times New Roman' not found.
findfont: Font family 'Times New Roman' not found.
findfont: Font family 'Times New Roman' not found.
findfont: Font family 'Times New Roman' not found.
findfont: Font family 'Times New Roman' not found.
findfont: Font family 'Times New Roman' not found.
findfont: Font family 'Times New Roman' not found.
findfont: Font family 'Times New Roman' not found.
findfont: Font family 'Times New Roman' not found.
findfont: Font family 'Times New Roman' not found.
findfont: Font family 'Times New Roman' not found.
findfont: Font family 'Times New Roman' not found.
findfont: Font family 'Times New Roman' not found.
findfont: Font family 'Times New Roman' not found.
findfont: Font family 'Times New Roman' not found.
findfont: Font family 'Times New Roman' not found.
findfont: Font family 'Times New Roman' not found.
findfont: Font family 'Times New Roman' not found.
findfont: Font family 'Times New Roman' not found.
findfont: Font family 'Times New Roman' not found.
findfont: Font family 'Times New Roman' not found.
findfont: Font family 'Times New Roman' not found.
findfont: Font family 'Times New Roman' not found.
findfont: Font family 'Times New Roman' not found.
findfont: Font family 'Times New Roman' not found.
findfont: Font family 'Times New Roman' not found.
findfont: Font family 'Times New Roman' not found.
findfont: Font family 'Times New Roman' not found.
findfont: Font family 'Times New Roman' not found.
findfont: Font family 'Times New Roman' not found.
findfont: Font family 'Times New Roman' not found.
findfont: Font family 'Times New Roman' not found.
findfont: Font family 'Times New Roman' not found.
findfont: Font family 'Times New Roman' not found.
findfont: Font family 'Times New Roman' not found.
findfont: Font family 'Times New Roman' not found.
findfont: Font family 'Times New Roman' not found.
findfont: Font family 'Times New Roman' not found.
findfont: Font family 'Times New Roman' not found.
findfont: Font family 'Times New Roman' not found.
findfont: Font family 'Times New Roman' not found.
findfont: Font family 'Times New Roman' not found.
findfont: Font family 'Times New Roman' not found.
findfont: Font family 'Times New Roman' not found.
findfont: Font family 'Times New Roman' not found.
findfont: Font family 'Times New Roman' not found.
findfont: Font family 'Times New Roman' not found.
findfont: Font family 'Times New Roman' not found.
findfont: Font family 'Times New Roman' not found.
findfont: Font family 'Times New Roman' not found.
findfont: Font family 'Times New Roman' not found.
findfont: Font family 'Times New Roman' not found.
findfont: Font family 'Times New Roman' not found.
findfont: Font family 'Times New Roman' not found.
findfont: Font family 'Times New Roman' not found.
findfont: Font family 'Times New Roman' not found.
findfont: Font family 'Times New Roman' not found.
findfont: Font family 'Times New Roman' not found.
findfont: Font family 'Times New Roman' not found.
findfont: Font family 'Times New Roman' not found.
findfont: Font family 'Times New Roman' not found.
findfont: Font family 'Times New Roman' not found.
findfont: Font family 'Times New Roman' not found.
findfont: Font family 'Times New Roman' not found.
findfont: Font family 'Times New Roman' not found.
findfont: Font family 'Times New Roman' not found.
findfont: Font family 'Times New Roman' not found.
findfont: Font family 'Times New Roman' not found.
findfont: Font family 'Times New Roman' not found.
findfont: Font family 'Times New Roman' not found.
findfont: Font family 'Times New Roman' not found.
findfont: Font family 'Times New Roman' not found.
findfont: Font family 'Times New Roman' not found.
findfont: Font family 'Times New Roman' not found.
findfont: Font family 'Times New Roman' not found.
findfont: Font family 'Times New Roman' not found.
findfont: Font family 'Times New Roman' not found.
findfont: Font family 'Times New Roman' not found.
findfont: Font family 'Times New Roman' not found.
findfont: Font family 'Times New Roman' not found.
findfont: Font family 'Times New Roman' not found.
findfont: Font family 'Times New Roman' not found.
findfont: Font family 'Times New Roman' not found.
findfont: Font family 'Times New Roman' not found.
findfont: Font family 'Times New Roman' not found.
findfont: Font family 'Times New Roman' not found.
findfont: Font family 'Times New Roman' not found.
findfont: Font family 'Times New Roman' not found.
findfont: Font family 'Times New Roman' not found.
findfont: Font family 'Times New Roman' not found.
findfont: Font family 'Times New Roman' not found.
findfont: Font family 'Times New Roman' not found.
findfont: Font family 'Times New Roman' not found.
findfont: Font family 'Times New Roman' not found.
findfont: Font family 'Times New Roman' not found.
findfont: Font family 'Times New Roman' not found.
findfont: Font family 'Times New Roman' not found.
findfont: Font family 'Times New Roman' not found.
findfont: Font family 'Times New Roman' not found.
findfont: Font family 'Times New Roman' not found.
findfont: Font family 'Times New Roman' not found.
findfont: Font family 'Times New Roman' not found.
findfont: Font family 'Times New Roman' not found.
findfont: Font family 'Times New Roman' not found.
findfont: Font family 'Times New Roman' not found.
findfont: Font family 'Times New Roman' not found.
findfont: Font family 'Times New Roman' not found.
findfont: Font family 'Times New Roman' not found.
findfont: Font family 'Times New Roman' not found.
findfont: Font family 'Times New Roman' not found.
findfont: Font family 'Times New Roman' not found.
findfont: Font family 'Times New Roman' not found.
findfont: Font family 'Times New Roman' not found.
findfont: Font family 'Times New Roman' not found.
findfont: Font family 'Times New Roman' not found.
findfont: Font family 'Times New Roman' not found.
findfont: Font family 'Times New Roman' not found.
findfont: Font family 'Times New Roman' not found.
findfont: Font family 'Times New Roman' not found.
findfont: Font family 'Times New Roman' not found.
findfont: Font family 'Times New Roman' not found.
findfont: Font family 'Times New Roman' not found.
findfont: Font family 'Times New Roman' not found.
findfont: Font family 'Times New Roman' not found.
findfont: Font family 'Times New Roman' not found.
findfont: Font family 'Times New Roman' not found.
findfont: Font family 'Times New Roman' not found.
findfont: Font family 'Times New Roman' not found.
findfont: Font family 'Times New Roman' not found.
findfont: Font family 'Times New Roman' not found.
findfont: Font family 'Times New Roman' not found.
findfont: Font family 'Times New Roman' not found.
findfont: Font family 'Times New Roman' not found.
findfont: Font family 'Times New Roman' not found.
findfont: Font family 'Times New Roman' not found.
findfont: Font family 'Times New Roman' not found.
findfont: Font family 'Times New Roman' not found.
findfont: Font family 'Times New Roman' not found.
findfont: Font family 'Times New Roman' not found.
findfont: Font family 'Times New Roman' not found.
findfont: Font family 'Times New Roman' not found.
findfont: Font family 'Times New Roman' not found.
findfont: Font family 'Times New Roman' not found.
findfont: Font family 'Times New Roman' not found.
findfont: Font family 'Times New Roman' not found.
findfont: Font family 'Times New Roman' not found.
findfont: Font family 'Times New Roman' not found.
findfont: Font family 'Times New Roman' not found.
findfont: Font family 'Times New Roman' not found.
findfont: Font family 'Times New Roman' not found.
findfont: Font family 'Times New Roman' not found.
findfont: Font family 'Times New Roman' not found.
findfont: Font family 'Times New Roman' not found.
findfont: Font family 'Times New Roman' not found.
findfont: Font family 'Times New Roman' not found.
findfont: Font family 'Times New Roman' not found.
findfont: Font family 'Times New Roman' not found.
findfont: Font family 'Times New Roman' not found.
findfont: Font family 'Times New Roman' not found.
findfont: Font family 'Times New Roman' not found.
findfont: Font family 'Times New Roman' not found.
findfont: Font family 'Times New Roman' not found.
findfont: Font family 'Times New Roman' not found.
findfont: Font family 'Times New Roman' not found.
findfont: Font family 'Times New Roman' not found.
findfont: Font family 'Times New Roman' not found.
findfont: Font family 'Times New Roman' not found.
findfont: Font family 'Times New Roman' not found.
findfont: Font family 'Times New Roman' not found.
findfont: Font family 'Times New Roman' not found.
findfont: Font family 'Times New Roman' not found.
findfont: Font family 'Times New Roman' not found.
findfont: Font family 'Times New Roman' not found.
findfont: Font family 'Times New Roman' not found.
findfont: Font family 'Times New Roman' not found.
findfont: Font family 'Times New Roman' not found.
findfont: Font family 'Times New Roman' not found.
findfont: Font family 'Times New Roman' not found.
findfont: Font family 'Times New Roman' not found.
findfont: Font family 'Times New Roman' not found.
findfont: Font family 'Times New Roman' not found.
findfont: Font family 'Times New Roman' not found.
findfont: Font family 'Times New Roman' not found.
findfont: Font family 'Times New Roman' not found.
findfont: Font family 'Times New Roman' not found.
findfont: Font family 'Times New Roman' not found.
findfont: Font family 'Times New Roman' not found.
findfont: Font family 'Times New Roman' not found.
findfont: Font family 'Times New Roman' not found.
findfont: Font family 'Times New Roman' not found.
findfont: Font family 'Times New Roman' not found.
findfont: Font family 'Times New Roman' not found.
findfont: Font family 'Times New Roman' not found.
findfont: Font family 'Times New Roman' not found.
findfont: Font family 'Times New Roman' not found.
findfont: Font family 'Times New Roman' not found.
findfont: Font family 'Times New Roman' not found.
findfont: Font family 'Times New Roman' not found.
findfont: Font family 'Times New Roman' not found.
findfont: Font family 'Times New Roman' not found.
findfont: Font family 'Times New Roman' not found.
findfont: Font family 'Times New Roman' not found.
findfont: Font family 'Times New Roman' not found.
findfont: Font family 'Times New Roman' not found.
findfont: Font family 'Times New Roman' not found.
findfont: Font family 'Times New Roman' not found.
findfont: Font family 'Times New Roman' not found.
findfont: Font family 'Times New Roman' not found.
findfont: Font family 'Times New Roman' not found.
findfont: Font family 'Times New Roman' not found.
findfont: Font family 'Times New Roman' not found.
findfont: Font family 'Times New Roman' not found.
findfont: Font family 'Times New Roman' not found.
findfont: Font family 'Times New Roman' not found.
findfont: Font family 'Times New Roman' not found.
findfont: Font family 'Times New Roman' not found.
findfont: Font family 'Times New Roman' not found.
findfont: Font family 'Times New Roman' not found.
findfont: Font family 'Times New Roman' not found.
findfont: Font family 'Times New Roman' not found.
findfont: Font family 'Times New Roman' not found.
findfont: Font family 'Times New Roman' not found.
findfont: Font family 'Times New Roman' not found.
findfont: Font family 'Times New Roman' not found.
findfont: Font family 'Times New Roman' not found.
findfont: Font family 'Times New Roman' not found.
findfont: Font family 'Times New Roman' not found.
findfont: Font family 'Times New Roman' not found.
findfont: Font family 'Times New Roman' not found.
findfont: Font family 'Times New Roman' not found.
findfont: Font family 'Times New Roman' not found.
findfont: Font family 'Times New Roman' not found.
findfont: Font family 'Times New Roman' not found.
findfont: Font family 'Times New Roman' not found.
findfont: Font family 'Times New Roman' not found.
findfont: Font family 'Times New Roman' not found.
findfont: Font family 'Times New Roman' not found.
findfont: Font family 'Times New Roman' not found.
findfont: Font family 'Times New Roman' not found.
findfont: Font family 'Times New Roman' not found.
findfont: Font family 'Times New Roman' not found.
findfont: Font family 'Times New Roman' not found.
findfont: Font family 'Times New Roman' not found.
findfont: Font family 'Times New Roman' not found.
findfont: Font family 'Times New Roman' not found.
findfont: Font family 'Times New Roman' not found.
findfont: Font family 'Times New Roman' not found.
findfont: Font family 'Times New Roman' not found.
findfont: Font family 'Times New Roman' not found.
findfont: Font family 'Times New Roman' not found.
findfont: Font family 'Times New Roman' not found.
findfont: Font family 'Times New Roman' not found.
findfont: Font family 'Times New Roman' not found.
findfont: Font family 'Times New Roman' not found.
findfont: Font family 'Times New Roman' not found.
findfont: Font family 'Times New Roman' not found.
findfont: Font family 'Times New Roman' not found.
findfont: Font family 'Times New Roman' not found.
findfont: Font family 'Times New Roman' not found.
findfont: Font family 'Times New Roman' not found.
findfont: Font family 'Times New Roman' not found.
findfont: Font family 'Times New Roman' not found.
findfont: Font family 'Times New Roman' not found.
findfont: Font family 'Times New Roman' not found.
findfont: Font family 'Times New Roman' not found.
findfont: Font family 'Times New Roman' not found.
findfont: Font family 'Times New Roman' not found.
findfont: Font family 'Times New Roman' not found.
findfont: Font family 'Times New Roman' not found.
findfont: Font family 'Times New Roman' not found.
findfont: Font family 'Times New Roman' not found.
findfont: Font family 'Times New Roman' not found.
findfont: Font family 'Times New Roman' not found.
findfont: Font family 'Times New Roman' not found.
findfont: Font family 'Times New Roman' not found.
findfont: Font family 'Times New Roman' not found.
findfont: Font family 'Times New Roman' not found.
findfont: Font family 'Times New Roman' not found.
findfont: Font family 'Times New Roman' not found.
findfont: Font family 'Times New Roman' not found.
findfont: Font family 'Times New Roman' not found.
findfont: Font family 'Times New Roman' not found.
findfont: Font family 'Times New Roman' not found.
findfont: Font family 'Times New Roman' not found.
findfont: Font family 'Times New Roman' not found.
findfont: Font family 'Times New Roman' not found.
findfont: Font family 'Times New Roman' not found.
findfont: Font family 'Times New Roman' not found.
findfont: Font family 'Times New Roman' not found.
findfont: Font family 'Times New Roman' not found.
findfont: Font family 'Times New Roman' not found.
findfont: Font family 'Times New Roman' not found.
findfont: Font family 'Times New Roman' not found.
findfont: Font family 'Times New Roman' not found.
findfont: Font family 'Times New Roman' not found.
findfont: Font family 'Times New Roman' not found.
findfont: Font family 'Times New Roman' not found.
findfont: Font family 'Times New Roman' not found.
findfont: Font family 'Times New Roman' not found.
findfont: Font family 'Times New Roman' not found.
findfont: Font family 'Times New Roman' not found.
findfont: Font family 'Times New Roman' not found.
findfont: Font family 'Times New Roman' not found.
findfont: Font family 'Times New Roman' not found.
findfont: Font family 'Times New Roman' not found.
findfont: Font family 'Times New Roman' not found.
findfont: Font family 'Times New Roman' not found.
findfont: Font family 'Times New Roman' not found.
findfont: Font family 'Times New Roman' not found.
findfont: Font family 'Times New Roman' not found.
findfont: Font family 'Times New Roman' not found.
findfont: Font family 'Times New Roman' not found.
findfont: Font family 'Times New Roman' not found.
findfont: Font family 'Times New Roman' not found.
findfont: Font family 'Times New Roman' not found.
findfont: Font family 'Times New Roman' not found.
findfont: Font family 'Times New Roman' not found.
findfont: Font family 'Times New Roman' not found.
findfont: Font family 'Times New Roman' not found.
findfont: Font family 'Times New Roman' not found.
findfont: Font family 'Times New Roman' not found.
findfont: Font family 'Times New Roman' not found.
findfont: Font family 'Times New Roman' not found.
findfont: Font family 'Times New Roman' not found.
findfont: Font family 'Times New Roman' not found.
findfont: Font family 'Times New Roman' not found.
findfont: Font family 'Times New Roman' not found.
findfont: Font family 'Times New Roman' not found.
findfont: Font family 'Times New Roman' not found.
findfont: Font family 'Times New Roman' not found.
findfont: Font family 'Times New Roman' not found.
findfont: Font family 'Times New Roman' not found.
findfont: Font family 'Times New Roman' not found.
findfont: Font family 'Times New Roman' not found.
findfont: Font family 'Times New Roman' not found.
findfont: Font family 'Times New Roman' not found.
findfont: Font family 'Times New Roman' not found.
findfont: Font family 'Times New Roman' not found.
findfont: Font family 'Times New Roman' not found.
findfont: Font family 'Times New Roman' not found.
findfont: Font family 'Times New Roman' not found.
findfont: Font family 'Times New Roman' not found.
findfont: Font family 'Times New Roman' not found.
findfont: Font family 'Times New Roman' not found.
findfont: Font family 'Times New Roman' not found.
findfont: Font family 'Times New Roman' not found.
findfont: Font family 'Times New Roman' not found.
findfont: Font family 'Times New Roman' not found.
findfont: Font family 'Times New Roman' not found.
findfont: Font family 'Times New Roman' not found.
findfont: Font family 'Times New Roman' not found.
findfont: Font family 'Times New Roman' not found.
findfont: Font family 'Times New Roman' not found.
findfont: Font family 'Times New Roman' not found.
findfont: Font family 'Times New Roman' not found.
findfont: Font family 'Times New Roman' not found.
findfont: Font family 'Times New Roman' not found.
findfont: Font family 'Times New Roman' not found.
findfont: Font family 'Times New Roman' not found.
findfont: Font family 'Times New Roman' not found.
findfont: Font family 'Times New Roman' not found.
findfont: Font family 'Times New Roman' not found.
findfont: Font family 'Times New Roman' not found.
findfont: Font family 'Times New Roman' not found.
findfont: Font family 'Times New Roman' not found.
findfont: Font family 'Times New Roman' not found.
findfont: Font family 'Times New Roman' not found.
findfont: Font family 'Times New Roman' not found.
findfont: Font family 'Times New Roman' not found.
findfont: Font family 'Times New Roman' not found.
findfont: Font family 'Times New Roman' not found.
findfont: Font family 'Times New Roman' not found.
findfont: Font family 'Times New Roman' not found.
findfont: Font family 'Times New Roman' not found.
findfont: Font family 'Times New Roman' not found.
findfont: Font family 'Times New Roman' not found.
findfont: Font family 'Times New Roman' not found.
findfont: Font family 'Times New Roman' not found.
findfont: Font family 'Times New Roman' not found.
findfont: Font family 'Times New Roman' not found.
findfont: Font family 'Times New Roman' not found.
findfont: Font family 'Times New Roman' not found.
findfont: Font family 'Times New Roman' not found.
findfont: Font family 'Times New Roman' not found.
findfont: Font family 'Times New Roman' not found.
findfont: Font family 'Times New Roman' not found.
findfont: Font family 'Times New Roman' not found.
findfont: Font family 'Times New Roman' not found.
findfont: Font family 'Times New Roman' not found.
findfont: Font family 'Times New Roman' not found.
findfont: Font family 'Times New Roman' not found.
findfont: Font family 'Times New Roman' not found.
findfont: Font family 'Times New Roman' not found.
findfont: Font family 'Times New Roman' not found.
findfont: Font family 'Times New Roman' not found.
findfont: Font family 'Times New Roman' not found.
findfont: Font family 'Times New Roman' not found.
findfont: Font family 'Times New Roman' not found.
findfont: Font family 'Times New Roman' not found.
findfont: Font family 'Times New Roman' not found.
findfont: Font family 'Times New Roman' not found.
findfont: Font family 'Times New Roman' not found.
findfont: Font family 'Times New Roman' not found.
findfont: Font family 'Times New Roman' not found.
findfont: Font family 'Times New Roman' not found.
findfont: Font family 'Times New Roman' not found.
findfont: Font family 'Times New Roman' not found.
findfont: Font family 'Times New Roman' not found.
findfont: Font family 'Times New Roman' not found.
findfont: Font family 'Times New Roman' not found.
findfont: Font family 'Times New Roman' not found.
findfont: Font family 'Times New Roman' not found.
findfont: Font family 'Times New Roman' not found.
findfont: Font family 'Times New Roman' not found.
findfont: Font family 'Times New Roman' not found.
findfont: Font family 'Times New Roman' not found.
findfont: Font family 'Times New Roman' not found.
findfont: Font family 'Times New Roman' not found.
findfont: Font family 'Times New Roman' not found.
findfont: Font family 'Times New Roman' not found.
findfont: Font family 'Times New Roman' not found.
findfont: Font family 'Times New Roman' not found.
findfont: Font family 'Times New Roman' not found.
findfont: Font family 'Times New Roman' not found.
findfont: Font family 'Times New Roman' not found.
findfont: Font family 'Times New Roman' not found.
findfont: Font family 'Times New Roman' not found.
findfont: Font family 'Times New Roman' not found.
findfont: Font family 'Times New Roman' not found.
findfont: Font family 'Times New Roman' not found.
findfont: Font family 'Times New Roman' not found.
findfont: Font family 'Times New Roman' not found.
findfont: Font family 'Times New Roman' not found.
findfont: Font family 'Times New Roman' not found.
findfont: Font family 'Times New Roman' not found.
findfont: Font family 'Times New Roman' not found.
findfont: Font family 'Times New Roman' not found.
findfont: Font family 'Times New Roman' not found.
findfont: Font family 'Times New Roman' not found.
findfont: Font family 'Times New Roman' not found.
findfont: Font family 'Times New Roman' not found.
findfont: Font family 'Times New Roman' not found.
findfont: Font family 'Times New Roman' not found.
findfont: Font family 'Times New Roman' not found.
findfont: Font family 'Times New Roman' not found.
findfont: Font family 'Times New Roman' not found.
findfont: Font family 'Times New Roman' not found.
findfont: Font family 'Times New Roman' not found.
findfont: Font family 'Times New Roman' not found.
findfont: Font family 'Times New Roman' not found.
findfont: Font family 'Times New Roman' not found.
findfont: Font family 'Times New Roman' not found.
findfont: Font family 'Times New Roman' not found.
findfont: Font family 'Times New Roman' not found.
findfont: Font family 'Times New Roman' not found.
findfont: Font family 'Times New Roman' not found.
findfont: Font family 'Times New Roman' not found.
findfont: Font family 'Times New Roman' not found.
findfont: Font family 'Times New Roman' not found.
findfont: Font family 'Times New Roman' not found.
findfont: Font family 'Times New Roman' not found.
findfont: Font family 'Times New Roman' not found.
findfont: Font family 'Times New Roman' not found.
findfont: Font family 'Times New Roman' not found.
findfont: Font family 'Times New Roman' not found.
findfont: Font family 'Times New Roman' not found.
findfont: Font family 'Times New Roman' not found.
findfont: Font family 'Times New Roman' not found.
findfont: Font family 'Times New Roman' not found.
findfont: Font family 'Times New Roman' not found.
findfont: Font family 'Times New Roman' not found.
findfont: Font family 'Times New Roman' not found.
findfont: Font family 'Times New Roman' not found.
findfont: Font family 'Times New Roman' not found.
findfont: Font family 'Times New Roman' not found.
findfont: Font family 'Times New Roman' not found.
findfont: Font family 'Times New Roman' not found.
findfont: Font family 'Times New Roman' not found.
findfont: Font family 'Times New Roman' not found.
findfont: Font family 'Times New Roman' not found.
findfont: Font family 'Times New Roman' not found.
findfont: Font family 'Times New Roman' not found.
findfont: Font family 'Times New Roman' not found.
findfont: Font family 'Times New Roman' not found.
findfont: Font family 'Times New Roman' not found.
findfont: Font family 'Times New Roman' not found.
findfont: Font family 'Times New Roman' not found.
findfont: Font family 'Times New Roman' not found.
findfont: Font family 'Times New Roman' not found.
findfont: Font family 'Times New Roman' not found.
findfont: Font family 'Times New Roman' not found.
findfont: Font family 'Times New Roman' not found.
findfont: Font family 'Times New Roman' not found.
findfont: Font family 'Times New Roman' not found.
findfont: Font family 'Times New Roman' not found.
findfont: Font family 'Times New Roman' not found.
findfont: Font family 'Times New Roman' not found.
findfont: Font family 'Times New Roman' not found.
findfont: Font family 'Times New Roman' not found.
findfont: Font family 'Times New Roman' not found.
findfont: Font family 'Times New Roman' not found.
findfont: Font family 'Times New Roman' not found.
findfont: Font family 'Times New Roman' not found.
findfont: Font family 'Times New Roman' not found.
findfont: Font family 'Times New Roman' not found.
findfont: Font family 'Times New Roman' not found.
findfont: Font family 'Times New Roman' not found.
findfont: Font family 'Times New Roman' not found.
findfont: Font family 'Times New Roman' not found.
findfont: Font family 'Times New Roman' not found.
findfont: Font family 'Times New Roman' not found.
findfont: Font family 'Times New Roman' not found.
findfont: Font family 'Times New Roman' not found.
findfont: Font family 'Times New Roman' not found.
findfont: Font family 'Times New Roman' not found.
findfont: Font family 'Times New Roman' not found.
findfont: Font family 'Times New Roman' not found.
findfont: Font family 'Times New Roman' not found.
findfont: Font family 'Times New Roman' not found.
findfont: Font family 'Times New Roman' not found.
findfont: Font family 'Times New Roman' not found.
findfont: Font family 'Times New Roman' not found.
findfont: Font family 'Times New Roman' not found.
findfont: Font family 'Times New Roman' not found.
findfont: Font family 'Times New Roman' not found.
findfont: Font family 'Times New Roman' not found.
findfont: Font family 'Times New Roman' not found.
findfont: Font family 'Times New Roman' not found.
findfont: Font family 'Times New Roman' not found.
findfont: Font family 'Times New Roman' not found.
findfont: Font family 'Times New Roman' not found.
findfont: Font family 'Times New Roman' not found.
findfont: Font family 'Times New Roman' not found.
findfont: Font family 'Times New Roman' not found.
findfont: Font family 'Times New Roman' not found.
findfont: Font family 'Times New Roman' not found.
findfont: Font family 'Times New Roman' not found.
findfont: Font family 'Times New Roman' not found.
findfont: Font family 'Times New Roman' not found.
findfont: Font family 'Times New Roman' not found.
findfont: Font family 'Times New Roman' not found.
findfont: Font family 'Times New Roman' not found.
findfont: Font family 'Times New Roman' not found.
findfont: Font family 'Times New Roman' not found.
findfont: Font family 'Times New Roman' not found.
findfont: Font family 'Times New Roman' not found.
findfont: Font family 'Times New Roman' not found.
findfont: Font family 'Times New Roman' not found.
findfont: Font family 'Times New Roman' not found.
findfont: Font family 'Times New Roman' not found.
findfont: Font family 'Times New Roman' not found.
findfont: Font family 'Times New Roman' not found.
findfont: Font family 'Times New Roman' not found.
findfont: Font family 'Times New Roman' not found.
findfont: Font family 'Times New Roman' not found.
findfont: Font family 'Times New Roman' not found.
findfont: Font family 'Times New Roman' not found.
findfont: Font family 'Times New Roman' not found.
findfont: Font family 'Times New Roman' not found.
findfont: Font family 'Times New Roman' not found.
findfont: Font family 'Times New Roman' not found.
findfont: Font family 'Times New Roman' not found.
findfont: Font family 'Times New Roman' not found.
findfont: Font family 'Times New Roman' not found.
findfont: Font family 'Times New Roman' not found.
findfont: Font family 'Times New Roman' not found.
findfont: Font family 'Times New Roman' not found.
findfont: Font family 'Times New Roman' not found.
findfont: Font family 'Times New Roman' not found.
findfont: Font family 'Times New Roman' not found.
findfont: Font family 'Times New Roman' not found.
findfont: Font family 'Times New Roman' not found.
findfont: Font family 'Times New Roman' not found.
findfont: Font family 'Times New Roman' not found.
findfont: Font family 'Times New Roman' not found.
findfont: Font family 'Times New Roman' not found.
findfont: Font family 'Times New Roman' not found.
findfont: Font family 'Times New Roman' not found.
findfont: Font family 'Times New Roman' not found.
findfont: Font family 'Times New Roman' not found.
findfont: Font family 'Times New Roman' not found.
findfont: Font family 'Times New Roman' not found.
findfont: Font family 'Times New Roman' not found.
findfont: Font family 'Times New Roman' not found.
findfont: Font family 'Times New Roman' not found.
findfont: Font family 'Times New Roman' not found.
findfont: Font family 'Times New Roman' not found.
findfont: Font family 'Times New Roman' not found.
findfont: Font family 'Times New Roman' not found.
findfont: Font family 'Times New Roman' not found.
findfont: Font family 'Times New Roman' not found.
findfont: Font family 'Times New Roman' not found.
findfont: Font family 'Times New Roman' not found.
findfont: Font family 'Times New Roman' not found.
findfont: Font family 'Times New Roman' not found.
findfont: Font family 'Times New Roman' not found.
findfont: Font family 'Times New Roman' not found.
findfont: Font family 'Times New Roman' not found.
findfont: Font family 'Times New Roman' not found.
findfont: Font family 'Times New Roman' not found.
findfont: Font family 'Times New Roman' not found.
findfont: Font family 'Times New Roman' not found.
findfont: Font family 'Times New Roman' not found.
findfont: Font family 'Times New Roman' not found.
findfont: Font family 'Times New Roman' not found.
findfont: Font family 'Times New Roman' not found.
findfont: Font family 'Times New Roman' not found.
findfont: Font family 'Times New Roman' not found.
findfont: Font family 'Times New Roman' not found.
findfont: Font family 'Times New Roman' not found.
findfont: Font family 'Times New Roman' not found.
findfont: Font family 'Times New Roman' not found.
findfont: Font family 'Times New Roman' not found.
findfont: Font family 'Times New Roman' not found.
findfont: Font family 'Times New Roman' not found.
findfont: Font family 'Times New Roman' not found.
findfont: Font family 'Times New Roman' not found.
findfont: Font family 'Times New Roman' not found.
findfont: Font family 'Times New Roman' not found.
findfont: Font family 'Times New Roman' not found.
findfont: Font family 'Times New Roman' not found.
findfont: Font family 'Times New Roman' not found.
findfont: Font family 'Times New Roman' not found.
findfont: Font family 'Times New Roman' not found.
findfont: Font family 'Times New Roman' not found.
findfont: Font family 'Times New Roman' not found.
findfont: Font family 'Times New Roman' not found.
findfont: Font family 'Times New Roman' not found.
findfont: Font family 'Times New Roman' not found.
findfont: Font family 'Times New Roman' not found.
findfont: Font family 'Times New Roman' not found.
findfont: Font family 'Times New Roman' not found.
findfont: Font family 'Times New Roman' not found.
findfont: Font family 'Times New Roman' not found.
findfont: Font family 'Times New Roman' not found.
findfont: Font family 'Times New Roman' not found.
findfont: Font family 'Times New Roman' not found.
findfont: Font family 'Times New Roman' not found.
findfont: Font family 'Times New Roman' not found.
findfont: Font family 'Times New Roman' not found.
findfont: Font family 'Times New Roman' not found.
findfont: Font family 'Times New Roman' not found.
findfont: Font family 'Times New Roman' not found.
findfont: Font family 'Times New Roman' not found.
findfont: Font family 'Times New Roman' not found.
findfont: Font family 'Times New Roman' not found.
findfont: Font family 'Times New Roman' not found.
findfont: Font family 'Times New Roman' not found.
findfont: Font family 'Times New Roman' not found.
findfont: Font family 'Times New Roman' not found.
findfont: Font family 'Times New Roman' not found.
findfont: Font family 'Times New Roman' not found.
findfont: Font family 'Times New Roman' not found.
findfont: Font family 'Times New Roman' not found.
findfont: Font family 'Times New Roman' not found.
findfont: Font family 'Times New Roman' not found.
findfont: Font family 'Times New Roman' not found.
findfont: Font family 'Times New Roman' not found.
findfont: Font family 'Times New Roman' not found.
findfont: Font family 'Times New Roman' not found.
findfont: Font family 'Times New Roman' not found.
findfont: Font family 'Times New Roman' not found.
findfont: Font family 'Times New Roman' not found.
findfont: Font family 'Times New Roman' not found.
findfont: Font family 'Times New Roman' not found.
findfont: Font family 'Times New Roman' not found.
findfont: Font family 'Times New Roman' not found.
findfont: Font family 'Times New Roman' not found.
findfont: Font family 'Times New Roman' not found.
findfont: Font family 'Times New Roman' not found.
findfont: Font family 'Times New Roman' not found.
findfont: Font family 'Times New Roman' not found.
findfont: Font family 'Times New Roman' not found.
findfont: Font family 'Times New Roman' not found.
findfont: Font family 'Times New Roman' not found.
findfont: Font family 'Times New Roman' not found.
findfont: Font family 'Times New Roman' not found.
findfont: Font family 'Times New Roman' not found.
findfont: Font family 'Times New Roman' not found.
findfont: Font family 'Times New Roman' not found.
findfont: Font family 'Times New Roman' not found.
findfont: Font family 'Times New Roman' not found.
findfont: Font family 'Times New Roman' not found.
findfont: Font family 'Times New Roman' not found.
findfont: Font family 'Times New Roman' not found.
findfont: Font family 'Times New Roman' not found.
findfont: Font family 'Times New Roman' not found.
findfont: Font family 'Times New Roman' not found.
findfont: Font family 'Times New Roman' not found.
findfont: Font family 'Times New Roman' not found.
findfont: Font family 'Times New Roman' not found.
findfont: Font family 'Times New Roman' not found.
findfont: Font family 'Times New Roman' not found.
findfont: Font family 'Times New Roman' not found.
findfont: Font family 'Times New Roman' not found.
findfont: Font family 'Times New Roman' not found.
findfont: Font family 'Times New Roman' not found.
findfont: Font family 'Times New Roman' not found.
findfont: Font family 'Times New Roman' not found.
findfont: Font family 'Times New Roman' not found.
findfont: Font family 'Times New Roman' not found.
findfont: Font family 'Times New Roman' not found.
findfont: Font family 'Times New Roman' not found.
findfont: Font family 'Times New Roman' not found.
findfont: Font family 'Times New Roman' not found.
findfont: Font family 'Times New Roman' not found.
findfont: Font family 'Times New Roman' not found.
findfont: Font family 'Times New Roman' not found.
findfont: Font family 'Times New Roman' not found.
findfont: Font family 'Times New Roman' not found.
findfont: Font family 'Times New Roman' not found.
findfont: Font family 'Times New Roman' not found.
findfont: Font family 'Times New Roman' not found.
findfont: Font family 'Times New Roman' not found.
findfont: Font family 'Times New Roman' not found.
findfont: Font family 'Times New Roman' not found.
findfont: Font family 'Times New Roman' not found.
findfont: Font family 'Times New Roman' not found.
findfont: Font family 'Times New Roman' not found.
findfont: Font family 'Times New Roman' not found.
findfont: Font family 'Times New Roman' not found.
findfont: Font family 'Times New Roman' not found.
findfont: Font family 'Times New Roman' not found.
findfont: Font family 'Times New Roman' not found.
findfont: Font family 'Times New Roman' not found.
findfont: Font family 'Times New Roman' not found.
findfont: Font family 'Times New Roman' not found.
findfont: Font family 'Times New Roman' not found.
findfont: Font family 'Times New Roman' not found.
findfont: Font family 'Times New Roman' not found.
findfont: Font family 'Times New Roman' not found.
findfont: Font family 'Times New Roman' not found.
findfont: Font family 'Times New Roman' not found.
findfont: Font family 'Times New Roman' not found.
findfont: Font family 'Times New Roman' not found.
findfont: Font family 'Times New Roman' not found.
findfont: Font family 'Times New Roman' not found.
findfont: Font family 'Times New Roman' not found.
findfont: Font family 'Times New Roman' not found.
findfont: Font family 'Times New Roman' not found.
findfont: Font family 'Times New Roman' not found.
findfont: Font family 'Times New Roman' not found.
findfont: Font family 'Times New Roman' not found.
findfont: Font family 'Times New Roman' not found.
findfont: Font family 'Times New Roman' not found.
findfont: Font family 'Times New Roman' not found.
findfont: Font family 'Times New Roman' not found.
findfont: Font family 'Times New Roman' not found.
findfont: Font family 'Times New Roman' not found.
findfont: Font family 'Times New Roman' not found.
findfont: Font family 'Times New Roman' not found.
findfont: Font family 'Times New Roman' not found.
findfont: Font family 'Times New Roman' not found.
findfont: Font family 'Times New Roman' not found.
findfont: Font family 'Times New Roman' not found.
findfont: Font family 'Times New Roman' not found.
findfont: Font family 'Times New Roman' not found.
findfont: Font family 'Times New Roman' not found.
findfont: Font family 'Times New Roman' not found.
findfont: Font family 'Times New Roman' not found.
findfont: Font family 'Times New Roman' not found.
findfont: Font family 'Times New Roman' not found.
findfont: Font family 'Times New Roman' not found.
findfont: Font family 'Times New Roman' not found.
findfont: Font family 'Times New Roman' not found.
findfont: Font family 'Times New Roman' not found.
findfont: Font family 'Times New Roman' not found.
findfont: Font family 'Times New Roman' not found.
findfont: Font family 'Times New Roman' not found.
findfont: Font family 'Times New Roman' not found.
findfont: Font family 'Times New Roman' not found.
findfont: Font family 'Times New Roman' not found.
findfont: Font family 'Times New Roman' not found.
findfont: Font family 'Times New Roman' not found.
findfont: Font family 'Times New Roman' not found.
findfont: Font family 'Times New Roman' not found.
findfont: Font family 'Times New Roman' not found.
findfont: Font family 'Times New Roman' not found.
findfont: Font family 'Times New Roman' not found.
findfont: Font family 'Times New Roman' not found.
findfont: Font family 'Times New Roman' not found.
findfont: Font family 'Times New Roman' not found.
findfont: Font family 'Times New Roman' not found.
findfont: Font family 'Times New Roman' not found.
findfont: Font family 'Times New Roman' not found.
findfont: Font family 'Times New Roman' not found.
findfont: Font family 'Times New Roman' not found.
findfont: Font family 'Times New Roman' not found.
findfont: Font family 'Times New Roman' not found.
findfont: Font family 'Times New Roman' not found.
findfont: Font family 'Times New Roman' not found.
findfont: Font family 'Times New Roman' not found.
findfont: Font family 'Times New Roman' not found.
findfont: Font family 'Times New Roman' not found.
findfont: Font family 'Times New Roman' not found.
findfont: Font family 'Times New Roman' not found.
findfont: Font family 'Times New Roman' not found.
findfont: Font family 'Times New Roman' not found.
findfont: Font family 'Times New Roman' not found.
findfont: Font family 'Times New Roman' not found.
findfont: Font family 'Times New Roman' not found.
findfont: Font family 'Times New Roman' not found.
findfont: Font family 'Times New Roman' not found.
findfont: Font family 'Times New Roman' not found.
findfont: Font family 'Times New Roman' not found.
findfont: Font family 'Times New Roman' not found.
findfont: Font family 'Times New Roman' not found.
findfont: Font family 'Times New Roman' not found.
findfont: Font family 'Times New Roman' not found.
findfont: Font family 'Times New Roman' not found.
findfont: Font family 'Times New Roman' not found.
findfont: Font family 'Times New Roman' not found.
findfont: Font family 'Times New Roman' not found.
findfont: Font family 'Times New Roman' not found.
findfont: Font family 'Times New Roman' not found.
findfont: Font family 'Times New Roman' not found.
findfont: Font family 'Times New Roman' not found.
findfont: Font family 'Times New Roman' not found.
findfont: Font family 'Times New Roman' not found.
findfont: Font family 'Times New Roman' not found.
findfont: Font family 'Times New Roman' not found.
findfont: Font family 'Times New Roman' not found.
findfont: Font family 'Times New Roman' not found.
findfont: Font family 'Times New Roman' not found.
findfont: Font family 'Times New Roman' not found.
findfont: Font family 'Times New Roman' not found.
findfont: Font family 'Times New Roman' not found.
findfont: Font family 'Times New Roman' not found.
findfont: Font family 'Times New Roman' not found.
findfont: Font family 'Times New Roman' not found.
findfont: Font family 'Times New Roman' not found.
findfont: Font family 'Times New Roman' not found.
findfont: Font family 'Times New Roman' not found.
findfont: Font family 'Times New Roman' not found.
findfont: Font family 'Times New Roman' not found.
findfont: Font family 'Times New Roman' not found.
findfont: Font family 'Times New Roman' not found.
findfont: Font family 'Times New Roman' not found.
findfont: Font family 'Times New Roman' not found.
findfont: Font family 'Times New Roman' not found.
findfont: Font family 'Times New Roman' not found.
findfont: Font family 'Times New Roman' not found.
findfont: Font family 'Times New Roman' not found.
findfont: Font family 'Times New Roman' not found.
findfont: Font family 'Times New Roman' not found.
findfont: Font family 'Times New Roman' not found.
findfont: Font family 'Times New Roman' not found.
findfont: Font family 'Times New Roman' not found.
findfont: Font family 'Times New Roman' not found.
findfont: Font family 'Times New Roman' not found.
findfont: Font family 'Times New Roman' not found.
findfont: Font family 'Times New Roman' not found.
findfont: Font family 'Times New Roman' not found.
findfont: Font family 'Times New Roman' not found.
findfont: Font family 'Times New Roman' not found.
findfont: Font family 'Times New Roman' not found.
findfont: Font family 'Times New Roman' not found.
findfont: Font family 'Times New Roman' not found.
findfont: Font family 'Times New Roman' not found.
findfont: Font family 'Times New Roman' not found.
findfont: Font family 'Times New Roman' not found.
findfont: Font family 'Times New Roman' not found.
findfont: Font family 'Times New Roman' not found.
findfont: Font family 'Times New Roman' not found.
findfont: Font family 'Times New Roman' not found.
findfont: Font family 'Times New Roman' not found.
findfont: Font family 'Times New Roman' not found.
findfont: Font family 'Times New Roman' not found.
findfont: Font family 'Times New Roman' not found.
findfont: Font family 'Times New Roman' not found.
findfont: Font family 'Times New Roman' not found.
findfont: Font family 'Times New Roman' not found.
findfont: Font family 'Times New Roman' not found.
findfont: Font family 'Times New Roman' not found.
findfont: Font family 'Times New Roman' not found.
findfont: Font family 'Times New Roman' not found.
findfont: Font family 'Times New Roman' not found.
findfont: Font family 'Times New Roman' not found.
findfont: Font family 'Times New Roman' not found.
findfont: Font family 'Times New Roman' not found.
findfont: Font family 'Times New Roman' not found.
findfont: Font family 'Times New Roman' not found.
findfont: Font family 'Times New Roman' not found.
findfont: Font family 'Times New Roman' not found.
findfont: Font family 'Times New Roman' not found.
findfont: Font family 'Times New Roman' not found.
findfont: Font family 'Times New Roman' not found.
findfont: Font family 'Times New Roman' not found.
findfont: Font family 'Times New Roman' not found.
findfont: Font family 'Times New Roman' not found.
findfont: Font family 'Times New Roman' not found.
findfont: Font family 'Times New Roman' not found.
findfont: Font family 'Times New Roman' not found.
findfont: Font family 'Times New Roman' not found.
findfont: Font family 'Times New Roman' not found.
findfont: Font family 'Times New Roman' not found.
findfont: Font family 'Times New Roman' not found.
findfont: Font family 'Times New Roman' not found.
findfont: Font family 'Times New Roman' not found.
findfont: Font family 'Times New Roman' not found.
findfont: Font family 'Times New Roman' not found.
findfont: Font family 'Times New Roman' not found.
findfont: Font family 'Times New Roman' not found.
findfont: Font family 'Times New Roman' not found.
findfont: Font family 'Times New Roman' not found.
findfont: Font family 'Times New Roman' not found.
findfont: Font family 'Times New Roman' not found.
findfont: Font family 'Times New Roman' not found.
findfont: Font family 'Times New Roman' not found.
findfont: Font family 'Times New Roman' not found.
findfont: Font family 'Times New Roman' not found.
findfont: Font family 'Times New Roman' not found.
findfont: Font family 'Times New Roman' not found.
findfont: Font family 'Times New Roman' not found.
findfont: Font family 'Times New Roman' not found.
findfont: Font family 'Times New Roman' not found.
findfont: Font family 'Times New Roman' not found.
findfont: Font family 'Times New Roman' not found.
findfont: Font family 'Times New Roman' not found.
findfont: Font family 'Times New Roman' not found.
findfont: Font family 'Times New Roman' not found.
findfont: Font family 'Times New Roman' not found.
findfont: Font family 'Times New Roman' not found.
findfont: Font family 'Times New Roman' not found.
findfont: Font family 'Times New Roman' not found.
findfont: Font family 'Times New Roman' not found.
findfont: Font family 'Times New Roman' not found.
findfont: Font family 'Times New Roman' not found.
findfont: Font family 'Times New Roman' not found.
findfont: Font family 'Times New Roman' not found.
findfont: Font family 'Times New Roman' not found.
findfont: Font family 'Times New Roman' not found.
findfont: Font family 'Times New Roman' not found.
findfont: Font family 'Times New Roman' not found.
findfont: Font family 'Times New Roman' not found.
findfont: Font family 'Times New Roman' not found.
findfont: Font family 'Times New Roman' not found.
findfont: Font family 'Times New Roman' not found.
findfont: Font family 'Times New Roman' not found.
findfont: Font family 'Times New Roman' not found.
findfont: Font family 'Times New Roman' not found.
findfont: Font family 'Times New Roman' not found.
findfont: Font family 'Times New Roman' not found.
findfont: Font family 'Times New Roman' not found.
findfont: Font family 'Times New Roman' not found.
findfont: Font family 'Times New Roman' not found.
findfont: Font family 'Times New Roman' not found.
findfont: Font family 'Times New Roman' not found.
findfont: Font family 'Times New Roman' not found.
findfont: Font family 'Times New Roman' not found.
findfont: Font family 'Times New Roman' not found.
findfont: Font family 'Times New Roman' not found.
findfont: Font family 'Times New Roman' not found.
findfont: Font family 'Times New Roman' not found.
findfont: Font family 'Times New Roman' not found.
findfont: Font family 'Times New Roman' not found.
findfont: Font family 'Times New Roman' not found.
findfont: Font family 'Times New Roman' not found.
findfont: Font family 'Times New Roman' not found.
findfont: Font family 'Times New Roman' not found.
findfont: Font family 'Times New Roman' not found.
findfont: Font family 'Times New Roman' not found.
findfont: Font family 'Times New Roman' not found.
findfont: Font family 'Times New Roman' not found.
findfont: Font family 'Times New Roman' not found.
findfont: Font family 'Times New Roman' not found.
findfont: Font family 'Times New Roman' not found.
findfont: Font family 'Times New Roman' not found.
findfont: Font family 'Times New Roman' not found.
findfont: Font family 'Times New Roman' not found.
findfont: Font family 'Times New Roman' not found.
findfont: Font family 'Times New Roman' not found.
findfont: Font family 'Times New Roman' not found.
findfont: Font family 'Times New Roman' not found.
findfont: Font family 'Times New Roman' not found.
findfont: Font family 'Times New Roman' not found.
findfont: Font family 'Times New Roman' not found.
findfont: Font family 'Times New Roman' not found.
findfont: Font family 'Times New Roman' not found.
findfont: Font family 'Times New Roman' not found.
findfont: Font family 'Times New Roman' not found.
findfont: Font family 'Times New Roman' not found.
findfont: Font family 'Times New Roman' not found.
findfont: Font family 'Times New Roman' not found.
findfont: Font family 'Times New Roman' not found.
findfont: Font family 'Times New Roman' not found.
findfont: Font family 'Times New Roman' not found.
findfont: Font family 'Times New Roman' not found.
findfont: Font family 'Times New Roman' not found.
findfont: Font family 'Times New Roman' not found.
findfont: Font family 'Times New Roman' not found.
findfont: Font family 'Times New Roman' not found.
findfont: Font family 'Times New Roman' not found.
findfont: Font family 'Times New Roman' not found.
findfont: Font family 'Times New Roman' not found.
findfont: Font family 'Times New Roman' not found.
findfont: Font family 'Times New Roman' not found.
findfont: Font family 'Times New Roman' not found.
findfont: Font family 'Times New Roman' not found.
findfont: Font family 'Times New Roman' not found.
findfont: Font family 'Times New Roman' not found.
findfont: Font family 'Times New Roman' not found.
findfont: Font family 'Times New Roman' not found.
findfont: Font family 'Times New Roman' not found.
findfont: Font family 'Times New Roman' not found.
findfont: Font family 'Times New Roman' not found.
findfont: Font family 'Times New Roman' not found.
findfont: Font family 'Times New Roman' not found.
findfont: Font family 'Times New Roman' not found.
findfont: Font family 'Times New Roman' not found.
findfont: Font family 'Times New Roman' not found.
findfont: Font family 'Times New Roman' not found.
findfont: Font family 'Times New Roman' not found.
findfont: Font family 'Times New Roman' not found.
findfont: Font family 'Times New Roman' not found.
findfont: Font family 'Times New Roman' not found.
findfont: Font family 'Times New Roman' not found.
findfont: Font family 'Times New Roman' not found.
findfont: Font family 'Times New Roman' not found.
findfont: Font family 'Times New Roman' not found.
findfont: Font family 'Times New Roman' not found.
findfont: Font family 'Times New Roman' not found.
findfont: Font family 'Times New Roman' not found.
findfont: Font family 'Times New Roman' not found.
findfont: Font family 'Times New Roman' not found.
findfont: Font family 'Times New Roman' not found.
findfont: Font family 'Times New Roman' not found.
findfont: Font family 'Times New Roman' not found.
findfont: Font family 'Times New Roman' not found.
findfont: Font family 'Times New Roman' not found.
findfont: Font family 'Times New Roman' not found.
findfont: Font family 'Times New Roman' not found.
findfont: Font family 'Times New Roman' not found.
findfont: Font family 'Times New Roman' not found.
findfont: Font family 'Times New Roman' not found.
findfont: Font family 'Times New Roman' not found.
findfont: Font family 'Times New Roman' not found.
findfont: Font family 'Times New Roman' not found.
findfont: Font family 'Times New Roman' not found.
findfont: Font family 'Times New Roman' not found.
findfont: Font family 'Times New Roman' not found.
findfont: Font family 'Times New Roman' not found.
findfont: Font family 'Times New Roman' not found.
findfont: Font family 'Times New Roman' not found.
findfont: Font family 'Times New Roman' not found.
findfont: Font family 'Times New Roman' not found.
findfont: Font family 'Times New Roman' not found.
findfont: Font family 'Times New Roman' not found.
findfont: Font family 'Times New Roman' not found.
findfont: Font family 'Times New Roman' not found.
findfont: Font family 'Times New Roman' not found.
findfont: Font family 'Times New Roman' not found.
findfont: Font family 'Times New Roman' not found.
findfont: Font family 'Times New Roman' not found.
findfont: Font family 'Times New Roman' not found.
findfont: Font family 'Times New Roman' not found.
findfont: Font family 'Times New Roman' not found.
findfont: Font family 'Times New Roman' not found.
findfont: Font family 'Times New Roman' not found.
findfont: Font family 'Times New Roman' not found.
findfont: Font family 'Times New Roman' not found.
findfont: Font family 'Times New Roman' not found.
findfont: Font family 'Times New Roman' not found.
findfont: Font family 'Times New Roman' not found.
findfont: Font family 'Times New Roman' not found.
findfont: Font family 'Times New Roman' not found.
findfont: Font family 'Times New Roman' not found.
findfont: Font family 'Times New Roman' not found.
findfont: Font family 'Times New Roman' not found.
findfont: Font family 'Times New Roman' not found.
findfont: Font family 'Times New Roman' not found.
findfont: Font family 'Times New Roman' not found.
findfont: Font family 'Times New Roman' not found.
findfont: Font family 'Times New Roman' not found.
findfont: Font family 'Times New Roman' not found.
findfont: Font family 'Times New Roman' not found.
findfont: Font family 'Times New Roman' not found.
findfont: Font family 'Times New Roman' not found.
findfont: Font family 'Times New Roman' not found.
findfont: Font family 'Times New Roman' not found.
findfont: Font family 'Times New Roman' not found.
findfont: Font family 'Times New Roman' not found.
findfont: Font family 'Times New Roman' not found.
findfont: Font family 'Times New Roman' not found.
findfont: Font family 'Times New Roman' not found.
findfont: Font family 'Times New Roman' not found.
findfont: Font family 'Times New Roman' not found.
findfont: Font family 'Times New Roman' not found.
findfont: Font family 'Times New Roman' not found.
findfont: Font family 'Times New Roman' not found.
findfont: Font family 'Times New Roman' not found.
findfont: Font family 'Times New Roman' not found.
findfont: Font family 'Times New Roman' not found.
findfont: Font family 'Times New Roman' not found.
findfont: Font family 'Times New Roman' not found.
findfont: Font family 'Times New Roman' not found.
findfont: Font family 'Times New Roman' not found.
findfont: Font family 'Times New Roman' not found.
findfont: Font family 'Times New Roman' not found.
findfont: Font family 'Times New Roman' not found.
findfont: Font family 'Times New Roman' not found.
findfont: Font family 'Times New Roman' not found.
findfont: Font family 'Times New Roman' not found.
findfont: Font family 'Times New Roman' not found.
findfont: Font family 'Times New Roman' not found.
findfont: Font family 'Times New Roman' not found.
findfont: Font family 'Times New Roman' not found.
findfont: Font family 'Times New Roman' not found.
findfont: Font family 'Times New Roman' not found.
findfont: Font family 'Times New Roman' not found.
findfont: Font family 'Times New Roman' not found.
findfont: Font family 'Times New Roman' not found.
findfont: Font family 'Times New Roman' not found.
findfont: Font family 'Times New Roman' not found.
findfont: Font family 'Times New Roman' not found.
findfont: Font family 'Times New Roman' not found.
findfont: Font family 'Times New Roman' not found.
findfont: Font family 'Times New Roman' not found.
findfont: Font family 'Times New Roman' not found.
findfont: Font family 'Times New Roman' not found.
findfont: Font family 'Times New Roman' not found.
findfont: Font family 'Times New Roman' not found.
findfont: Font family 'Times New Roman' not found.
findfont: Font family 'Times New Roman' not found.
findfont: Font family 'Times New Roman' not found.
findfont: Font family 'Times New Roman' not found.
findfont: Font family 'Times New Roman' not found.
findfont: Font family 'Times New Roman' not found.
findfont: Font family 'Times New Roman' not found.
findfont: Font family 'Times New Roman' not found.
findfont: Font family 'Times New Roman' not found.
findfont: Font family 'Times New Roman' not found.
findfont: Font family 'Times New Roman' not found.
findfont: Font family 'Times New Roman' not found.
findfont: Font family 'Times New Roman' not found.
findfont: Font family 'Times New Roman' not found.
findfont: Font family 'Times New Roman' not found.
findfont: Font family 'Times New Roman' not found.
findfont: Font family 'Times New Roman' not found.
findfont: Font family 'Times New Roman' not found.
findfont: Font family 'Times New Roman' not found.
findfont: Font family 'Times New Roman' not found.
findfont: Font family 'Times New Roman' not found.
findfont: Font family 'Times New Roman' not found.
findfont: Font family 'Times New Roman' not found.
findfont: Font family 'Times New Roman' not found.
findfont: Font family 'Times New Roman' not found.
findfont: Font family 'Times New Roman' not found.
findfont: Font family 'Times New Roman' not found.
findfont: Font family 'Times New Roman' not found.
findfont: Font family 'Times New Roman' not found.
findfont: Font family 'Times New Roman' not found.
findfont: Font family 'Times New Roman' not found.
findfont: Font family 'Times New Roman' not found.
findfont: Font family 'Times New Roman' not found.
findfont: Font family 'Times New Roman' not found.
findfont: Font family 'Times New Roman' not found.
findfont: Font family 'Times New Roman' not found.
findfont: Font family 'Times New Roman' not found.
findfont: Font family 'Times New Roman' not found.
findfont: Font family 'Times New Roman' not found.
findfont: Font family 'Times New Roman' not found.
findfont: Font family 'Times New Roman' not found.
findfont: Font family 'Times New Roman' not found.
findfont: Font family 'Times New Roman' not found.
findfont: Font family 'Times New Roman' not found.
findfont: Font family 'Times New Roman' not found.
findfont: Font family 'Times New Roman' not found.
findfont: Font family 'Times New Roman' not found.
findfont: Font family 'Times New Roman' not found.
findfont: Font family 'Times New Roman' not found.
findfont: Font family 'Times New Roman' not found.
findfont: Font family 'Times New Roman' not found.
findfont: Font family 'Times New Roman' not found.
findfont: Font family 'Times New Roman' not found.
findfont: Font family 'Times New Roman' not found.
findfont: Font family 'Times New Roman' not found.
findfont: Font family 'Times New Roman' not found.
findfont: Font family 'Times New Roman' not found.
findfont: Font family 'Times New Roman' not found.
findfont: Font family 'Times New Roman' not found.
findfont: Font family 'Times New Roman' not found.
findfont: Font family 'Times New Roman' not found.
findfont: Font family 'Times New Roman' not found.
findfont: Font family 'Times New Roman' not found.
findfont: Font family 'Times New Roman' not found.
findfont: Font family 'Times New Roman' not found.
findfont: Font family 'Times New Roman' not found.
findfont: Font family 'Times New Roman' not found.
findfont: Font family 'Times New Roman' not found.
findfont: Font family 'Times New Roman' not found.
findfont: Font family 'Times New Roman' not found.
findfont: Font family 'Times New Roman' not found.
findfont: Font family 'Times New Roman' not found.
findfont: Font family 'Times New Roman' not found.
findfont: Font family 'Times New Roman' not found.
findfont: Font family 'Times New Roman' not found.
findfont: Font family 'Times New Roman' not found.
findfont: Font family 'Times New Roman' not found.
findfont: Font family 'Times New Roman' not found.
findfont: Font family 'Times New Roman' not found.
findfont: Font family 'Times New Roman' not found.
findfont: Font family 'Times New Roman' not found.
findfont: Font family 'Times New Roman' not found.
findfont: Font family 'Times New Roman' not found.
findfont: Font family 'Times New Roman' not found.
findfont: Font family 'Times New Roman' not found.
findfont: Font family 'Times New Roman' not found.
findfont: Font family 'Times New Roman' not found.
findfont: Font family 'Times New Roman' not found.
findfont: Font family 'Times New Roman' not found.
findfont: Font family 'Times New Roman' not found.
findfont: Font family 'Times New Roman' not found.
findfont: Font family 'Times New Roman' not found.
findfont: Font family 'Times New Roman' not found.
findfont: Font family 'Times New Roman' not found.
findfont: Font family 'Times New Roman' not found.
findfont: Font family 'Times New Roman' not found.
findfont: Font family 'Times New Roman' not found.
findfont: Font family 'Times New Roman' not found.
findfont: Font family 'Times New Roman' not found.
findfont: Font family 'Times New Roman' not found.
findfont: Font family 'Times New Roman' not found.
findfont: Font family 'Times New Roman' not found.
findfont: Font family 'Times New Roman' not found.
findfont: Font family 'Times New Roman' not found.
findfont: Font family 'Times New Roman' not found.
findfont: Font family 'Times New Roman' not found.
findfont: Font family 'Times New Roman' not found.
findfont: Font family 'Times New Roman' not found.
findfont: Font family 'Times New Roman' not found.
findfont: Font family 'Times New Roman' not found.
findfont: Font family 'Times New Roman' not found.
findfont: Font family 'Times New Roman' not found.
findfont: Font family 'Times New Roman' not found.
findfont: Font family 'Times New Roman' not found.
findfont: Font family 'Times New Roman' not found.
findfont: Font family 'Times New Roman' not found.
findfont: Font family 'Times New Roman' not found.
findfont: Font family 'Times New Roman' not found.
findfont: Font family 'Times New Roman' not found.
findfont: Font family 'Times New Roman' not found.
findfont: Font family 'Times New Roman' not found.
findfont: Font family 'Times New Roman' not found.
findfont: Font family 'Times New Roman' not found.
findfont: Font family 'Times New Roman' not found.
findfont: Font family 'Times New Roman' not found.
findfont: Font family 'Times New Roman' not found.
findfont: Font family 'Times New Roman' not found.
findfont: Font family 'Times New Roman' not found.
findfont: Font family 'Times New Roman' not found.
findfont: Font family 'Times New Roman' not found.
findfont: Font family 'Times New Roman' not found.
findfont: Font family 'Times New Roman' not found.
findfont: Font family 'Times New Roman' not found.
findfont: Font family 'Times New Roman' not found.
findfont: Font family 'Times New Roman' not found.
findfont: Font family 'Times New Roman' not found.
findfont: Font family 'Times New Roman' not found.
findfont: Font family 'Times New Roman' not found.
findfont: Font family 'Times New Roman' not found.
findfont: Font family 'Times New Roman' not found.
findfont: Font family 'Times New Roman' not found.
findfont: Font family 'Times New Roman' not found.
findfont: Font family 'Times New Roman' not found.
findfont: Font family 'Times New Roman' not found.
findfont: Font family 'Times New Roman' not found.
findfont: Font family 'Times New Roman' not found.
findfont: Font family 'Times New Roman' not found.
findfont: Font family 'Times New Roman' not found.
findfont: Font family 'Times New Roman' not found.
findfont: Font family 'Times New Roman' not found.
findfont: Font family 'Times New Roman' not found.
findfont: Font family 'Times New Roman' not found.
findfont: Font family 'Times New Roman' not found.
findfont: Font family 'Times New Roman' not found.
findfont: Font family 'Times New Roman' not found.
findfont: Font family 'Times New Roman' not found.
findfont: Font family 'Times New Roman' not found.
findfont: Font family 'Times New Roman' not found.
findfont: Font family 'Times New Roman' not found.
findfont: Font family 'Times New Roman' not found.
findfont: Font family 'Times New Roman' not found.
findfont: Font family 'Times New Roman' not found.
findfont: Font family 'Times New Roman' not found.
findfont: Font family 'Times New Roman' not found.
findfont: Font family 'Times New Roman' not found.
findfont: Font family 'Times New Roman' not found.
findfont: Font family 'Times New Roman' not found.
findfont: Font family 'Times New Roman' not found.
findfont: Font family 'Times New Roman' not found.
findfont: Font family 'Times New Roman' not found.
findfont: Font family 'Times New Roman' not found.
findfont: Font family 'Times New Roman' not found.
findfont: Font family 'Times New Roman' not found.
findfont: Font family 'Times New Roman' not found.
findfont: Font family 'Times New Roman' not found.
findfont: Font family 'Times New Roman' not found.
findfont: Font family 'Times New Roman' not found.
findfont: Font family 'Times New Roman' not found.
findfont: Font family 'Times New Roman' not found.
findfont: Font family 'Times New Roman' not found.
findfont: Font family 'Times New Roman' not found.
findfont: Font family 'Times New Roman' not found.
findfont: Font family 'Times New Roman' not found.
findfont: Font family 'Times New Roman' not found.
findfont: Font family 'Times New Roman' not found.
findfont: Font family 'Times New Roman' not found.
findfont: Font family 'Times New Roman' not found.
findfont: Font family 'Times New Roman' not found.
findfont: Font family 'Times New Roman' not found.
findfont: Font family 'Times New Roman' not found.
findfont: Font family 'Times New Roman' not found.
findfont: Font family 'Times New Roman' not found.
findfont: Font family 'Times New Roman' not found.
findfont: Font family 'Times New Roman' not found.
findfont: Font family 'Times New Roman' not found.
findfont: Font family 'Times New Roman' not found.
findfont: Font family 'Times New Roman' not found.
findfont: Font family 'Times New Roman' not found.
findfont: Font family 'Times New Roman' not found.
findfont: Font family 'Times New Roman' not found.
findfont: Font family 'Times New Roman' not found.
findfont: Font family 'Times New Roman' not found.
findfont: Font family 'Times New Roman' not found.
findfont: Font family 'Times New Roman' not found.
findfont: Font family 'Times New Roman' not found.
findfont: Font family 'Times New Roman' not found.
findfont: Font family 'Times New Roman' not found.
findfont: Font family 'Times New Roman' not found.
findfont: Font family 'Times New Roman' not found.
findfont: Font family 'Times New Roman' not found.
findfont: Font family 'Times New Roman' not found.
findfont: Font family 'Times New Roman' not found.
findfont: Font family 'Times New Roman' not found.
findfont: Font family 'Times New Roman' not found.
findfont: Font family 'Times New Roman' not found.
findfont: Font family 'Times New Roman' not found.
findfont: Font family 'Times New Roman' not found.
findfont: Font family 'Times New Roman' not found.
findfont: Font family 'Times New Roman' not found.
findfont: Font family 'Times New Roman' not found.
findfont: Font family 'Times New Roman' not found.
findfont: Font family 'Times New Roman' not found.
findfont: Font family 'Times New Roman' not found.
findfont: Font family 'Times New Roman' not found.
findfont: Font family 'Times New Roman' not found.
findfont: Font family 'Times New Roman' not found.
findfont: Font family 'Times New Roman' not found.
findfont: Font family 'Times New Roman' not found.
findfont: Font family 'Times New Roman' not found.
findfont: Font family 'Times New Roman' not found.
findfont: Font family 'Times New Roman' not found.
findfont: Font family 'Times New Roman' not found.
findfont: Font family 'Times New Roman' not found.
findfont: Font family 'Times New Roman' not found.
findfont: Font family 'Times New Roman' not found.
findfont: Font family 'Times New Roman' not found.
findfont: Font family 'Times New Roman' not found.
findfont: Font family 'Times New Roman' not found.
findfont: Font family 'Times New Roman' not found.
findfont: Font family 'Times New Roman' not found.
findfont: Font family 'Times New Roman' not found.
findfont: Font family 'Times New Roman' not found.
findfont: Font family 'Times New Roman' not found.
findfont: Font family 'Times New Roman' not found.
findfont: Font family 'Times New Roman' not found.
findfont: Font family 'Times New Roman' not found.
findfont: Font family 'Times New Roman' not found.
findfont: Font family 'Times New Roman' not found.
findfont: Font family 'Times New Roman' not found.
findfont: Font family 'Times New Roman' not found.
findfont: Font family 'Times New Roman' not found.
findfont: Font family 'Times New Roman' not found.
findfont: Font family 'Times New Roman' not found.
findfont: Font family 'Times New Roman' not found.
findfont: Font family 'Times New Roman' not found.
findfont: Font family 'Times New Roman' not found.
findfont: Font family 'Times New Roman' not found.
findfont: Font family 'Times New Roman' not found.
findfont: Font family 'Times New Roman' not found.
findfont: Font family 'Times New Roman' not found.
findfont: Font family 'Times New Roman' not found.
findfont: Font family 'Times New Roman' not found.
findfont: Font family 'Times New Roman' not found.
findfont: Font family 'Times New Roman' not found.
findfont: Font family 'Times New Roman' not found.
findfont: Font family 'Times New Roman' not found.
findfont: Font family 'Times New Roman' not found.
findfont: Font family 'Times New Roman' not found.
findfont: Font family 'Times New Roman' not found.
findfont: Font family 'Times New Roman' not found.
findfont: Font family 'Times New Roman' not found.
findfont: Font family 'Times New Roman' not found.
findfont: Font family 'Times New Roman' not found.
findfont: Font family 'Times New Roman' not found.
findfont: Font family 'Times New Roman' not found.
findfont: Font family 'Times New Roman' not found.
findfont: Font family 'Times New Roman' not found.
findfont: Font family 'Times New Roman' not found.
findfont: Font family 'Times New Roman' not found.
findfont: Font family 'Times New Roman' not found.
findfont: Font family 'Times New Roman' not found.
findfont: Font family 'Times New Roman' not found.
findfont: Font family 'Times New Roman' not found.
findfont: Font family 'Times New Roman' not found.
findfont: Font family 'Times New Roman' not found.
findfont: Font family 'Times New Roman' not found.
findfont: Font family 'Times New Roman' not found.
findfont: Font family 'Times New Roman' not found.
findfont: Font family 'Times New Roman' not found.
findfont: Font family 'Times New Roman' not found.
findfont: Font family 'Times New Roman' not found.
findfont: Font family 'Times New Roman' not found.
findfont: Font family 'Times New Roman' not found.
findfont: Font family 'Times New Roman' not found.
findfont: Font family 'Times New Roman' not found.
findfont: Font family 'Times New Roman' not found.
findfont: Font family 'Times New Roman' not found.
findfont: Font family 'Times New Roman' not found.
findfont: Font family 'Times New Roman' not found.
findfont: Font family 'Times New Roman' not found.
findfont: Font family 'Times New Roman' not found.
findfont: Font family 'Times New Roman' not found.
findfont: Font family 'Times New Roman' not found.
findfont: Font family 'Times New Roman' not found.
findfont: Font family 'Times New Roman' not found.
findfont: Font family 'Times New Roman' not found.
findfont: Font family 'Times New Roman' not found.
findfont: Font family 'Times New Roman' not found.
findfont: Font family 'Times New Roman' not found.
findfont: Font family 'Times New Roman' not found.
findfont: Font family 'Times New Roman' not found.
findfont: Font family 'Times New Roman' not found.
findfont: Font family 'Times New Roman' not found.
findfont: Font family 'Times New Roman' not found.
findfont: Font family 'Times New Roman' not found.
findfont: Font family 'Times New Roman' not found.
findfont: Font family 'Times New Roman' not found.
findfont: Font family 'Times New Roman' not found.
findfont: Font family 'Times New Roman' not found.
findfont: Font family 'Times New Roman' not found.
findfont: Font family 'Times New Roman' not found.
findfont: Font family 'Times New Roman' not found.
findfont: Font family 'Times New Roman' not found.
findfont: Font family 'Times New Roman' not found.
findfont: Font family 'Times New Roman' not found.
findfont: Font family 'Times New Roman' not found.
findfont: Font family 'Times New Roman' not found.
findfont: Font family 'Times New Roman' not found.
findfont: Font family 'Times New Roman' not found.
findfont: Font family 'Times New Roman' not found.
findfont: Font family 'Times New Roman' not found.
findfont: Font family 'Times New Roman' not found.
findfont: Font family 'Times New Roman' not found.
findfont: Font family 'Times New Roman' not found.
findfont: Font family 'Times New Roman' not found.
findfont: Font family 'Times New Roman' not found.
findfont: Font family 'Times New Roman' not found.
findfont: Font family 'Times New Roman' not found.
findfont: Font family 'Times New Roman' not found.
findfont: Font family 'Times New Roman' not found.
findfont: Font family 'Times New Roman' not found.
findfont: Font family 'Times New Roman' not found.
findfont: Font family 'Times New Roman' not found.
findfont: Font family 'Times New Roman' not found.
findfont: Font family 'Times New Roman' not found.
findfont: Font family 'Times New Roman' not found.
findfont: Font family 'Times New Roman' not found.
findfont: Font family 'Times New Roman' not found.
findfont: Font family 'Times New Roman' not found.
findfont: Font family 'Times New Roman' not found.
findfont: Font family 'Times New Roman' not found.
findfont: Font family 'Times New Roman' not found.
findfont: Font family 'Times New Roman' not found.
findfont: Font family 'Times New Roman' not found.
findfont: Font family 'Times New Roman' not found.
findfont: Font family 'Times New Roman' not found.
findfont: Font family 'Times New Roman' not found.
findfont: Font family 'Times New Roman' not found.
findfont: Font family 'Times New Roman' not found.
findfont: Font family 'Times New Roman' not found.
findfont: Font family 'Times New Roman' not found.
findfont: Font family 'Times New Roman' not found.
findfont: Font family 'Times New Roman' not found.
findfont: Font family 'Times New Roman' not found.
findfont: Font family 'Times New Roman' not found.
findfont: Font family 'Times New Roman' not found.
findfont: Font family 'Times New Roman' not found.
findfont: Font family 'Times New Roman' not found.
findfont: Font family 'Times New Roman' not found.
findfont: Font family 'Times New Roman' not found.
findfont: Font family 'Times New Roman' not found.
findfont: Font family 'Times New Roman' not found.
findfont: Font family 'Times New Roman' not found.
findfont: Font family 'Times New Roman' not found.
findfont: Font family 'Times New Roman' not found.
findfont: Font family 'Times New Roman' not found.
findfont: Font family 'Times New Roman' not found.
findfont: Font family 'Times New Roman' not found.
findfont: Font family 'Times New Roman' not found.
findfont: Font family 'Times New Roman' not found.
findfont: Font family 'Times New Roman' not found.
findfont: Font family 'Times New Roman' not found.
findfont: Font family 'Times New Roman' not found.
findfont: Font family 'Times New Roman' not found.
findfont: Font family 'Times New Roman' not found.
findfont: Font family 'Times New Roman' not found.
findfont: Font family 'Times New Roman' not found.
findfont: Font family 'Times New Roman' not found.
findfont: Font family 'Times New Roman' not found.
findfont: Font family 'Times New Roman' not found.
findfont: Font family 'Times New Roman' not found.
findfont: Font family 'Times New Roman' not found.
findfont: Font family 'Times New Roman' not found.
findfont: Font family 'Times New Roman' not found.
findfont: Font family 'Times New Roman' not found.
findfont: Font family 'Times New Roman' not found.
findfont: Font family 'Times New Roman' not found.
findfont: Font family 'Times New Roman' not found.
findfont: Font family 'Times New Roman' not found.
findfont: Font family 'Times New Roman' not found.
findfont: Font family 'Times New Roman' not found.
findfont: Font family 'Times New Roman' not found.
findfont: Font family 'Times New Roman' not found.
findfont: Font family 'Times New Roman' not found.
findfont: Font family 'Times New Roman' not found.
findfont: Font family 'Times New Roman' not found.
findfont: Font family 'Times New Roman' not found.
findfont: Font family 'Times New Roman' not found.
findfont: Font family 'Times New Roman' not found.
findfont: Font family 'Times New Roman' not found.
findfont: Font family 'Times New Roman' not found.
findfont: Font family 'Times New Roman' not found.
findfont: Font family 'Times New Roman' not found.
findfont: Font family 'Times New Roman' not found.
findfont: Font family 'Times New Roman' not found.
findfont: Font family 'Times New Roman' not found.
findfont: Font family 'Times New Roman' not found.
findfont: Font family 'Times New Roman' not found.
findfont: Font family 'Times New Roman' not found.
findfont: Font family 'Times New Roman' not found.
findfont: Font family 'Times New Roman' not found.
findfont: Font family 'Times New Roman' not found.
findfont: Font family 'Times New Roman' not found.
findfont: Font family 'Times New Roman' not found.
findfont: Font family 'Times New Roman' not found.
findfont: Font family 'Times New Roman' not found.
findfont: Font family 'Times New Roman' not found.
findfont: Font family 'Times New Roman' not found.
findfont: Font family 'Times New Roman' not found.
findfont: Font family 'Times New Roman' not found.
findfont: Font family 'Times New Roman' not found.
findfont: Font family 'Times New Roman' not found.
findfont: Font family 'Times New Roman' not found.
findfont: Font family 'Times New Roman' not found.
findfont: Font family 'Times New Roman' not found.
findfont: Font family 'Times New Roman' not found.
findfont: Font family 'Times New Roman' not found.
findfont: Font family 'Times New Roman' not found.
findfont: Font family 'Times New Roman' not found.
findfont: Font family 'Times New Roman' not found.
findfont: Font family 'Times New Roman' not found.
findfont: Font family 'Times New Roman' not found.
findfont: Font family 'Times New Roman' not found.
findfont: Font family 'Times New Roman' not found.
findfont: Font family 'Times New Roman' not found.
findfont: Font family 'Times New Roman' not found.
findfont: Font family 'Times New Roman' not found.
findfont: Font family 'Times New Roman' not found.
findfont: Font family 'Times New Roman' not found.
findfont: Font family 'Times New Roman' not found.
findfont: Font family 'Times New Roman' not found.
findfont: Font family 'Times New Roman' not found.
findfont: Font family 'Times New Roman' not found.
findfont: Font family 'Times New Roman' not found.
findfont: Font family 'Times New Roman' not found.
findfont: Font family 'Times New Roman' not found.
findfont: Font family 'Times New Roman' not found.
findfont: Font family 'Times New Roman' not found.
findfont: Font family 'Times New Roman' not found.
findfont: Font family 'Times New Roman' not found.
findfont: Font family 'Times New Roman' not found.
findfont: Font family 'Times New Roman' not found.
findfont: Font family 'Times New Roman' not found.
findfont: Font family 'Times New Roman' not found.
findfont: Font family 'Times New Roman' not found.
findfont: Font family 'Times New Roman' not found.
findfont: Font family 'Times New Roman' not found.
findfont: Font family 'Times New Roman' not found.
findfont: Font family 'Times New Roman' not found.
findfont: Font family 'Times New Roman' not found.
findfont: Font family 'Times New Roman' not found.
findfont: Font family 'Times New Roman' not found.
findfont: Font family 'Times New Roman' not found.
findfont: Font family 'Times New Roman' not found.
findfont: Font family 'Times New Roman' not found.
findfont: Font family 'Times New Roman' not found.
findfont: Font family 'Times New Roman' not found.
findfont: Font family 'Times New Roman' not found.
findfont: Font family 'Times New Roman' not found.
findfont: Font family 'Times New Roman' not found.
findfont: Font family 'Times New Roman' not found.
findfont: Font family 'Times New Roman' not found.
findfont: Font family 'Times New Roman' not found.
findfont: Font family 'Times New Roman' not found.
findfont: Font family 'Times New Roman' not found.
findfont: Font family 'Times New Roman' not found.
findfont: Font family 'Times New Roman' not found.
findfont: Font family 'Times New Roman' not found.
findfont: Font family 'Times New Roman' not found.
findfont: Font family 'Times New Roman' not found.
findfont: Font family 'Times New Roman' not found.
findfont: Font family 'Times New Roman' not found.
findfont: Font family 'Times New Roman' not found.
findfont: Font family 'Times New Roman' not found.
findfont: Font family 'Times New Roman' not found.
findfont: Font family 'Times New Roman' not found.
findfont: Font family 'Times New Roman' not found.
findfont: Font family 'Times New Roman' not found.
findfont: Font family 'Times New Roman' not found.
findfont: Font family 'Times New Roman' not found.
findfont: Font family 'Times New Roman' not found.
findfont: Font family 'Times New Roman' not found.
findfont: Font family 'Times New Roman' not found.
findfont: Font family 'Times New Roman' not found.
findfont: Font family 'Times New Roman' not found.
findfont: Font family 'Times New Roman' not found.
findfont: Font family 'Times New Roman' not found.
findfont: Font family 'Times New Roman' not found.
findfont: Font family 'Times New Roman' not found.
findfont: Font family 'Times New Roman' not found.
findfont: Font family 'Times New Roman' not found.
findfont: Font family 'Times New Roman' not found.
findfont: Font family 'Times New Roman' not found.
findfont: Font family 'Times New Roman' not found.
findfont: Font family 'Times New Roman' not found.
findfont: Font family 'Times New Roman' not found.
findfont: Font family 'Times New Roman' not found.
findfont: Font family 'Times New Roman' not found.
findfont: Font family 'Times New Roman' not found.
findfont: Font family 'Times New Roman' not found.
findfont: Font family 'Times New Roman' not found.
findfont: Font family 'Times New Roman' not found.
findfont: Font family 'Times New Roman' not found.
findfont: Font family 'Times New Roman' not found.
findfont: Font family 'Times New Roman' not found.
findfont: Font family 'Times New Roman' not found.
findfont: Font family 'Times New Roman' not found.
findfont: Font family 'Times New Roman' not found.
findfont: Font family 'Times New Roman' not found.
findfont: Font family 'Times New Roman' not found.
findfont: Font family 'Times New Roman' not found.
findfont: Font family 'Times New Roman' not found.
findfont: Font family 'Times New Roman' not found.
findfont: Font family 'Times New Roman' not found.
findfont: Font family 'Times New Roman' not found.
findfont: Font family 'Times New Roman' not found.
findfont: Font family 'Times New Roman' not found.
findfont: Font family 'Times New Roman' not found.
findfont: Font family 'Times New Roman' not found.
findfont: Font family 'Times New Roman' not found.
findfont: Font family 'Times New Roman' not found.
findfont: Font family 'Times New Roman' not found.
findfont: Font family 'Times New Roman' not found.
findfont: Font family 'Times New Roman' not found.
findfont: Font family 'Times New Roman' not found.
findfont: Font family 'Times New Roman' not found.
findfont: Font family 'Times New Roman' not found.
findfont: Font family 'Times New Roman' not found.
findfont: Font family 'Times New Roman' not found.
findfont: Font family 'Times New Roman' not found.
findfont: Font family 'Times New Roman' not found.
findfont: Font family 'Times New Roman' not found.
findfont: Font family 'Times New Roman' not found.
findfont: Font family 'Times New Roman' not found.
findfont: Font family 'Times New Roman' not found.
findfont: Font family 'Times New Roman' not found.
findfont: Font family 'Times New Roman' not found.
findfont: Font family 'Times New Roman' not found.
findfont: Font family 'Times New Roman' not found.
findfont: Font family 'Times New Roman' not found.
findfont: Font family 'Times New Roman' not found.
findfont: Font family 'Times New Roman' not found.
findfont: Font family 'Times New Roman' not found.
findfont: Font family 'Times New Roman' not found.
findfont: Font family 'Times New Roman' not found.
findfont: Font family 'Times New Roman' not found.
findfont: Font family 'Times New Roman' not found.
findfont: Font family 'Times New Roman' not found.
findfont: Font family 'Times New Roman' not found.
findfont: Font family 'Times New Roman' not found.
findfont: Font family 'Times New Roman' not found.
findfont: Font family 'Times New Roman' not found.
findfont: Font family 'Times New Roman' not found.
findfont: Font family 'Times New Roman' not found.
findfont: Font family 'Times New Roman' not found.
findfont: Font family 'Times New Roman' not found.
findfont: Font family 'Times New Roman' not found.
findfont: Font family 'Times New Roman' not found.
findfont: Font family 'Times New Roman' not found.
findfont: Font family 'Times New Roman' not found.
findfont: Font family 'Times New Roman' not found.
findfont: Font family 'Times New Roman' not found.
findfont: Font family 'Times New Roman' not found.
findfont: Font family 'Times New Roman' not found.
findfont: Font family 'Times New Roman' not found.
findfont: Font family 'Times New Roman' not found.
findfont: Font family 'Times New Roman' not found.
findfont: Font family 'Times New Roman' not found.
findfont: Font family 'Times New Roman' not found.
findfont: Font family 'Times New Roman' not found.
findfont: Font family 'Times New Roman' not found.
findfont: Font family 'Times New Roman' not found.
findfont: Font family 'Times New Roman' not found.
findfont: Font family 'Times New Roman' not found.
findfont: Font family 'Times New Roman' not found.
findfont: Font family 'Times New Roman' not found.
findfont: Font family 'Times New Roman' not found.
findfont: Font family 'Times New Roman' not found.
findfont: Font family 'Times New Roman' not found.
findfont: Font family 'Times New Roman' not found.
findfont: Font family 'Times New Roman' not found.
findfont: Font family 'Times New Roman' not found.
findfont: Font family 'Times New Roman' not found.
findfont: Font family 'Times New Roman' not found.
findfont: Font family 'Times New Roman' not found.
findfont: Font family 'Times New Roman' not found.
findfont: Font family 'Times New Roman' not found.
findfont: Font family 'Times New Roman' not found.
findfont: Font family 'Times New Roman' not found.
findfont: Font family 'Times New Roman' not found.
findfont: Font family 'Times New Roman' not found.
findfont: Font family 'Times New Roman' not found.
findfont: Font family 'Times New Roman' not found.
findfont: Font family 'Times New Roman' not found.
findfont: Font family 'Times New Roman' not found.
findfont: Font family 'Times New Roman' not found.
findfont: Font family 'Times New Roman' not found.
findfont: Font family 'Times New Roman' not found.
findfont: Font family 'Times New Roman' not found.
findfont: Font family 'Times New Roman' not found.
findfont: Font family 'Times New Roman' not found.
findfont: Font family 'Times New Roman' not found.
findfont: Font family 'Times New Roman' not found.
findfont: Font family 'Times New Roman' not found.
findfont: Font family 'Times New Roman' not found.
findfont: Font family 'Times New Roman' not found.
findfont: Font family 'Times New Roman' not found.
findfont: Font family 'Times New Roman' not found.
findfont: Font family 'Times New Roman' not found.
findfont: Font family 'Times New Roman' not found.
findfont: Font family 'Times New Roman' not found.
findfont: Font family 'Times New Roman' not found.
findfont: Font family 'Times New Roman' not found.
findfont: Font family 'Times New Roman' not found.
findfont: Font family 'Times New Roman' not found.
findfont: Font family 'Times New Roman' not found.
findfont: Font family 'Times New Roman' not found.
findfont: Font family 'Times New Roman' not found.
findfont: Font family 'Times New Roman' not found.
findfont: Font family 'Times New Roman' not found.
findfont: Font family 'Times New Roman' not found.
findfont: Font family 'Times New Roman' not found.
findfont: Font family 'Times New Roman' not found.
findfont: Font family 'Times New Roman' not found.
findfont: Font family 'Times New Roman' not found.
findfont: Font family 'Times New Roman' not found.
findfont: Font family 'Times New Roman' not found.
findfont: Font family 'Times New Roman' not found.
findfont: Font family 'Times New Roman' not found.
findfont: Font family 'Times New Roman' not found.
findfont: Font family 'Times New Roman' not found.
findfont: Font family 'Times New Roman' not found.
findfont: Font family 'Times New Roman' not found.
findfont: Font family 'Times New Roman' not found.
findfont: Font family 'Times New Roman' not found.
findfont: Font family 'Times New Roman' not found.
findfont: Font family 'Times New Roman' not found.
findfont: Font family 'Times New Roman' not found.
findfont: Font family 'Times New Roman' not found.
findfont: Font family 'Times New Roman' not found.
findfont: Font family 'Times New Roman' not found.
findfont: Font family 'Times New Roman' not found.
findfont: Font family 'Times New Roman' not found.
findfont: Font family 'Times New Roman' not found.
findfont: Font family 'Times New Roman' not found.
findfont: Font family 'Times New Roman' not found.
findfont: Font family 'Times New Roman' not found.
findfont: Font family 'Times New Roman' not found.
findfont: Font family 'Times New Roman' not found.
findfont: Font family 'Times New Roman' not found.
findfont: Font family 'Times New Roman' not found.
findfont: Font family 'Times New Roman' not found.
findfont: Font family 'Times New Roman' not found.
findfont: Font family 'Times New Roman' not found.
findfont: Font family 'Times New Roman' not found.
findfont: Font family 'Times New Roman' not found.
findfont: Font family 'Times New Roman' not found.
findfont: Font family 'Times New Roman' not found.
findfont: Font family 'Times New Roman' not found.
findfont: Font family 'Times New Roman' not found.
findfont: Font family 'Times New Roman' not found.
findfont: Font family 'Times New Roman' not found.
findfont: Font family 'Times New Roman' not found.
findfont: Font family 'Times New Roman' not found.
findfont: Font family 'Times New Roman' not found.
findfont: Font family 'Times New Roman' not found.
findfont: Font family 'Times New Roman' not found.
findfont: Font family 'Times New Roman' not found.
findfont: Font family 'Times New Roman' not found.
findfont: Font family 'Times New Roman' not found.
findfont: Font family 'Times New Roman' not found.
findfont: Font family 'Times New Roman' not found.
findfont: Font family 'Times New Roman' not found.
findfont: Font family 'Times New Roman' not found.
findfont: Font family 'Times New Roman' not found.
findfont: Font family 'Times New Roman' not found.
findfont: Font family 'Times New Roman' not found.
findfont: Font family 'Times New Roman' not found.
findfont: Font family 'Times New Roman' not found.
findfont: Font family 'Times New Roman' not found.
findfont: Font family 'Times New Roman' not found.
findfont: Font family 'Times New Roman' not found.
findfont: Font family 'Times New Roman' not found.
findfont: Font family 'Times New Roman' not found.
findfont: Font family 'Times New Roman' not found.
findfont: Font family 'Times New Roman' not found.
findfont: Font family 'Times New Roman' not found.
findfont: Font family 'Times New Roman' not found.
findfont: Font family 'Times New Roman' not found.
findfont: Font family 'Times New Roman' not found.
findfont: Font family 'Times New Roman' not found.
findfont: Font family 'Times New Roman' not found.
findfont: Font family 'Times New Roman' not found.
findfont: Font family 'Times New Roman' not found.
findfont: Font family 'Times New Roman' not found.
findfont: Font family 'Times New Roman' not found.
findfont: Font family 'Times New Roman' not found.
findfont: Font family 'Times New Roman' not found.
findfont: Font family 'Times New Roman' not found.
findfont: Font family 'Times New Roman' not found.
findfont: Font family 'Times New Roman' not found.
findfont: Font family 'Times New Roman' not found.
findfont: Font family 'Times New Roman' not found.
findfont: Font family 'Times New Roman' not found.
findfont: Font family 'Times New Roman' not found.
findfont: Font family 'Times New Roman' not found.
findfont: Font family 'Times New Roman' not found.
findfont: Font family 'Times New Roman' not found.
findfont: Font family 'Times New Roman' not found.
findfont: Font family 'Times New Roman' not found.
findfont: Font family 'Times New Roman' not found.
findfont: Font family 'Times New Roman' not found.
findfont: Font family 'Times New Roman' not found.
findfont: Font family 'Times New Roman' not found.
findfont: Font family 'Times New Roman' not found.
findfont: Font family 'Times New Roman' not found.
findfont: Font family 'Times New Roman' not found.
findfont: Font family 'Times New Roman' not found.
findfont: Font family 'Times New Roman' not found.
findfont: Font family 'Times New Roman' not found.
findfont: Font family 'Times New Roman' not found.
findfont: Font family 'Times New Roman' not found.
findfont: Font family 'Times New Roman' not found.
findfont: Font family 'Times New Roman' not found.
findfont: Font family 'Times New Roman' not found.
findfont: Font family 'Times New Roman' not found.
findfont: Font family 'Times New Roman' not found.
findfont: Font family 'Times New Roman' not found.
findfont: Font family 'Times New Roman' not found.
findfont: Font family 'Times New Roman' not found.
findfont: Font family 'Times New Roman' not found.
findfont: Font family 'Times New Roman' not found.
findfont: Font family 'Times New Roman' not found.
findfont: Font family 'Times New Roman' not found.
findfont: Font family 'Times New Roman' not found.
findfont: Font family 'Times New Roman' not found.
findfont: Font family 'Times New Roman' not found.
findfont: Font family 'Times New Roman' not found.
findfont: Font family 'Times New Roman' not found.
findfont: Font family 'Times New Roman' not found.
findfont: Font family 'Times New Roman' not found.
findfont: Font family 'Times New Roman' not found.
findfont: Font family 'Times New Roman' not found.
findfont: Font family 'Times New Roman' not found.
findfont: Font family 'Times New Roman' not found.
findfont: Font family 'Times New Roman' not found.
findfont: Font family 'Times New Roman' not found.
findfont: Font family 'Times New Roman' not found.
findfont: Font family 'Times New Roman' not found.
findfont: Font family 'Times New Roman' not found.
findfont: Font family 'Times New Roman' not found.
findfont: Font family 'Times New Roman' not found.
findfont: Font family 'Times New Roman' not found.
findfont: Font family 'Times New Roman' not found.
findfont: Font family 'Times New Roman' not found.
findfont: Font family 'Times New Roman' not found.
findfont: Font family 'Times New Roman' not found.
findfont: Font family 'Times New Roman' not found.
findfont: Font family 'Times New Roman' not found.
findfont: Font family 'Times New Roman' not found.
findfont: Font family 'Times New Roman' not found.
findfont: Font family 'Times New Roman' not found.
findfont: Font family 'Times New Roman' not found.
findfont: Font family 'Times New Roman' not found.
findfont: Font family 'Times New Roman' not found.
findfont: Font family 'Times New Roman' not found.
findfont: Font family 'Times New Roman' not found.
findfont: Font family 'Times New Roman' not found.
findfont: Font family 'Times New Roman' not found.
findfont: Font family 'Times New Roman' not found.
findfont: Font family 'Times New Roman' not found.
findfont: Font family 'Times New Roman' not found.
findfont: Font family 'Times New Roman' not found.
findfont: Font family 'Times New Roman' not found.
findfont: Font family 'Times New Roman' not found.
findfont: Font family 'Times New Roman' not found.
findfont: Font family 'Times New Roman' not found.
findfont: Font family 'Times New Roman' not found.
findfont: Font family 'Times New Roman' not found.
findfont: Font family 'Times New Roman' not found.
findfont: Font family 'Times New Roman' not found.
findfont: Font family 'Times New Roman' not found.
findfont: Font family 'Times New Roman' not found.
findfont: Font family 'Times New Roman' not found.
findfont: Font family 'Times New Roman' not found.
findfont: Font family 'Times New Roman' not found.
findfont: Font family 'Times New Roman' not found.
findfont: Font family 'Times New Roman' not found.
findfont: Font family 'Times New Roman' not found.
findfont: Font family 'Times New Roman' not found.
findfont: Font family 'Times New Roman' not found.
findfont: Font family 'Times New Roman' not found.
findfont: Font family 'Times New Roman' not found.
findfont: Font family 'Times New Roman' not found.
findfont: Font family 'Times New Roman' not found.
findfont: Font family 'Times New Roman' not found.
findfont: Font family 'Times New Roman' not found.
findfont: Font family 'Times New Roman' not found.
findfont: Font family 'Times New Roman' not found.
findfont: Font family 'Times New Roman' not found.
findfont: Font family 'Times New Roman' not found.
findfont: Font family 'Times New Roman' not found.
findfont: Font family 'Times New Roman' not found.
findfont: Font family 'Times New Roman' not found.
findfont: Font family 'Times New Roman' not found.
findfont: Font family 'Times New Roman' not found.
findfont: Font family 'Times New Roman' not found.
findfont: Font family 'Times New Roman' not found.
findfont: Font family 'Times New Roman' not found.
findfont: Font family 'Times New Roman' not found.
findfont: Font family 'Times New Roman' not found.
findfont: Font family 'Times New Roman' not found.
findfont: Font family 'Times New Roman' not found.
findfont: Font family 'Times New Roman' not found.
findfont: Font family 'Times New Roman' not found.
findfont: Font family 'Times New Roman' not found.
findfont: Font family 'Times New Roman' not found.
findfont: Font family 'Times New Roman' not found.
findfont: Font family 'Times New Roman' not found.
findfont: Font family 'Times New Roman' not found.
findfont: Font family 'Times New Roman' not found.
findfont: Font family 'Times New Roman' not found.
findfont: Font family 'Times New Roman' not found.
findfont: Font family 'Times New Roman' not found.
findfont: Font family 'Times New Roman' not found.
findfont: Font family 'Times New Roman' not found.
findfont: Font family 'Times New Roman' not found.
findfont: Font family 'Times New Roman' not found.
findfont: Font family 'Times New Roman' not found.
findfont: Font family 'Times New Roman' not found.
findfont: Font family 'Times New Roman' not found.
findfont: Font family 'Times New Roman' not found.
findfont: Font family 'Times New Roman' not found.
findfont: Font family 'Times New Roman' not found.
findfont: Font family 'Times New Roman' not found.
findfont: Font family 'Times New Roman' not found.
findfont: Font family 'Times New Roman' not found.
findfont: Font family 'Times New Roman' not found.
findfont: Font family 'Times New Roman' not found.
findfont: Font family 'Times New Roman' not found.
findfont: Font family 'Times New Roman' not found.
findfont: Font family 'Times New Roman' not found.
findfont: Font family 'Times New Roman' not found.
findfont: Font family 'Times New Roman' not found.
findfont: Font family 'Times New Roman' not found.
findfont: Font family 'Times New Roman' not found.
findfont: Font family 'Times New Roman' not found.
findfont: Font family 'Times New Roman' not found.
findfont: Font family 'Times New Roman' not found.
findfont: Font family 'Times New Roman' not found.
findfont: Font family 'Times New Roman' not found.
findfont: Font family 'Times New Roman' not found.
findfont: Font family 'Times New Roman' not found.
findfont: Font family 'Times New Roman' not found.
findfont: Font family 'Times New Roman' not found.
findfont: Font family 'Times New Roman' not found.
findfont: Font family 'Times New Roman' not found.
findfont: Font family 'Times New Roman' not found.
findfont: Font family 'Times New Roman' not found.
findfont: Font family 'Times New Roman' not found.
findfont: Font family 'Times New Roman' not found.
findfont: Font family 'Times New Roman' not found.
findfont: Font family 'Times New Roman' not found.
findfont: Font family 'Times New Roman' not found.
findfont: Font family 'Times New Roman' not found.
findfont: Font family 'Times New Roman' not found.
findfont: Font family 'Times New Roman' not found.
findfont: Font family 'Times New Roman' not found.
findfont: Font family 'Times New Roman' not found.
findfont: Font family 'Times New Roman' not found.
findfont: Font family 'Times New Roman' not found.
findfont: Font family 'Times New Roman' not found.
findfont: Font family 'Times New Roman' not found.
findfont: Font family 'Times New Roman' not found.
findfont: Font family 'Times New Roman' not found.
findfont: Font family 'Times New Roman' not found.
findfont: Font family 'Times New Roman' not found.
findfont: Font family 'Times New Roman' not found.
findfont: Font family 'Times New Roman' not found.
findfont: Font family 'Times New Roman' not found.
findfont: Font family 'Times New Roman' not found.
findfont: Font family 'Times New Roman' not found.
findfont: Font family 'Times New Roman' not found.
findfont: Font family 'Times New Roman' not found.
findfont: Font family 'Times New Roman' not found.
findfont: Font family 'Times New Roman' not found.
findfont: Font family 'Times New Roman' not found.
findfont: Font family 'Times New Roman' not found.
findfont: Font family 'Times New Roman' not found.
findfont: Font family 'Times New Roman' not found.
findfont: Font family 'Times New Roman' not found.
findfont: Font family 'Times New Roman' not found.
findfont: Font family 'Times New Roman' not found.
findfont: Font family 'Times New Roman' not found.
findfont: Font family 'Times New Roman' not found.
findfont: Font family 'Times New Roman' not found.
findfont: Font family 'Times New Roman' not found.
findfont: Font family 'Times New Roman' not found.
findfont: Font family 'Times New Roman' not found.
findfont: Font family 'Times New Roman' not found.
findfont: Font family 'Times New Roman' not found.
findfont: Font family 'Times New Roman' not found.
findfont: Font family 'Times New Roman' not found.
findfont: Font family 'Times New Roman' not found.
findfont: Font family 'Times New Roman' not found.
findfont: Font family 'Times New Roman' not found.
findfont: Font family 'Times New Roman' not found.
findfont: Font family 'Times New Roman' not found.
findfont: Font family 'Times New Roman' not found.
findfont: Font family 'Times New Roman' not found.
findfont: Font family 'Times New Roman' not found.
findfont: Font family 'Times New Roman' not found.
findfont: Font family 'Times New Roman' not found.
findfont: Font family 'Times New Roman' not found.
findfont: Font family 'Times New Roman' not found.
findfont: Font family 'Times New Roman' not found.
findfont: Font family 'Times New Roman' not found.
findfont: Font family 'Times New Roman' not found.
findfont: Font family 'Times New Roman' not found.
findfont: Font family 'Times New Roman' not found.
findfont: Font family 'Times New Roman' not found.
findfont: Font family 'Times New Roman' not found.
findfont: Font family 'Times New Roman' not found.
findfont: Font family 'Times New Roman' not found.
findfont: Font family 'Times New Roman' not found.
findfont: Font family 'Times New Roman' not found.
findfont: Font family 'Times New Roman' not found.
findfont: Font family 'Times New Roman' not found.
findfont: Font family 'Times New Roman' not found.
findfont: Font family 'Times New Roman' not found.
findfont: Font family 'Times New Roman' not found.
findfont: Font family 'Times New Roman' not found.
findfont: Font family 'Times New Roman' not found.
findfont: Font family 'Times New Roman' not found.
findfont: Font family 'Times New Roman' not found.
findfont: Font family 'Times New Roman' not found.
findfont: Font family 'Times New Roman' not found.
findfont: Font family 'Times New Roman' not found.
findfont: Font family 'Times New Roman' not found.
findfont: Font family 'Times New Roman' not found.
findfont: Font family 'Times New Roman' not found.
findfont: Font family 'Times New Roman' not found.
findfont: Font family 'Times New Roman' not found.
findfont: Font family 'Times New Roman' not found.
findfont: Font family 'Times New Roman' not found.
findfont: Font family 'Times New Roman' not found.
findfont: Font family 'Times New Roman' not found.
findfont: Font family 'Times New Roman' not found.
findfont: Font family 'Times New Roman' not found.
findfont: Font family 'Times New Roman' not found.
findfont: Font family 'Times New Roman' not found.
findfont: Font family 'Times New Roman' not found.
findfont: Font family 'Times New Roman' not found.
findfont: Font family 'Times New Roman' not found.
findfont: Font family 'Times New Roman' not found.
findfont: Font family 'Times New Roman' not found.
findfont: Font family 'Times New Roman' not found.
findfont: Font family 'Times New Roman' not found.
findfont: Font family 'Times New Roman' not found.
findfont: Font family 'Times New Roman' not found.
findfont: Font family 'Times New Roman' not found.
findfont: Font family 'Times New Roman' not found.
findfont: Font family 'Times New Roman' not found.
findfont: Font family 'Times New Roman' not found.
findfont: Font family 'Times New Roman' not found.
findfont: Font family 'Times New Roman' not found.
findfont: Font family 'Times New Roman' not found.
findfont: Font family 'Times New Roman' not found.
findfont: Font family 'Times New Roman' not found.
findfont: Font family 'Times New Roman' not found.
findfont: Font family 'Times New Roman' not found.
findfont: Font family 'Times New Roman' not found.
findfont: Font family 'Times New Roman' not found.
findfont: Font family 'Times New Roman' not found.
findfont: Font family 'Times New Roman' not found.
findfont: Font family 'Times New Roman' not found.
findfont: Font family 'Times New Roman' not found.
findfont: Font family 'Times New Roman' not found.
findfont: Font family 'Times New Roman' not found.
findfont: Font family 'Times New Roman' not found.
findfont: Font family 'Times New Roman' not found.
findfont: Font family 'Times New Roman' not found.
findfont: Font family 'Times New Roman' not found.
findfont: Font family 'Times New Roman' not found.
findfont: Font family 'Times New Roman' not found.
findfont: Font family 'Times New Roman' not found.
findfont: Font family 'Times New Roman' not found.
findfont: Font family 'Times New Roman' not found.
findfont: Font family 'Times New Roman' not found.
findfont: Font family 'Times New Roman' not found.
findfont: Font family 'Times New Roman' not found.
findfont: Font family 'Times New Roman' not found.
findfont: Font family 'Times New Roman' not found.
findfont: Font family 'Times New Roman' not found.
findfont: Font family 'Times New Roman' not found.
findfont: Font family 'Times New Roman' not found.
findfont: Font family 'Times New Roman' not found.
findfont: Font family 'Times New Roman' not found.
findfont: Font family 'Times New Roman' not found.
findfont: Font family 'Times New Roman' not found.
findfont: Font family 'Times New Roman' not found.
findfont: Font family 'Times New Roman' not found.
findfont: Font family 'Times New Roman' not found.
findfont: Font family 'Times New Roman' not found.
findfont: Font family 'Times New Roman' not found.
findfont: Font family 'Times New Roman' not found.
findfont: Font family 'Times New Roman' not found.
findfont: Font family 'Times New Roman' not found.
findfont: Font family 'Times New Roman' not found.
findfont: Font family 'Times New Roman' not found.
findfont: Font family 'Times New Roman' not found.
findfont: Font family 'Times New Roman' not found.
findfont: Font family 'Times New Roman' not found.
findfont: Font family 'Times New Roman' not found.
findfont: Font family 'Times New Roman' not found.
findfont: Font family 'Times New Roman' not found.
findfont: Font family 'Times New Roman' not found.
findfont: Font family 'Times New Roman' not found.
findfont: Font family 'Times New Roman' not found.
findfont: Font family 'Times New Roman' not found.
findfont: Font family 'Times New Roman' not found.
findfont: Font family 'Times New Roman' not found.
findfont: Font family 'Times New Roman' not found.
findfont: Font family 'Times New Roman' not found.
findfont: Font family 'Times New Roman' not found.
findfont: Font family 'Times New Roman' not found.
findfont: Font family 'Times New Roman' not found.
findfont: Font family 'Times New Roman' not found.
findfont: Font family 'Times New Roman' not found.
findfont: Font family 'Times New Roman' not found.
findfont: Font family 'Times New Roman' not found.
findfont: Font family 'Times New Roman' not found.
findfont: Font family 'Times New Roman' not found.
findfont: Font family 'Times New Roman' not found.
findfont: Font family 'Times New Roman' not found.
findfont: Font family 'Times New Roman' not found.
findfont: Font family 'Times New Roman' not found.
findfont: Font family 'Times New Roman' not found.
findfont: Font family 'Times New Roman' not found.
findfont: Font family 'Times New Roman' not found.
findfont: Font family 'Times New Roman' not found.
findfont: Font family 'Times New Roman' not found.
findfont: Font family 'Times New Roman' not found.
findfont: Font family 'Times New Roman' not found.
findfont: Font family 'Times New Roman' not found.
findfont: Font family 'Times New Roman' not found.
findfont: Font family 'Times New Roman' not found.
findfont: Font family 'Times New Roman' not found.
findfont: Font family 'Times New Roman' not found.
findfont: Font family 'Times New Roman' not found.
findfont: Font family 'Times New Roman' not found.
findfont: Font family 'Times New Roman' not found.
findfont: Font family 'Times New Roman' not found.
findfont: Font family 'Times New Roman' not found.
findfont: Font family 'Times New Roman' not found.
findfont: Font family 'Times New Roman' not found.
findfont: Font family 'Times New Roman' not found.
findfont: Font family 'Times New Roman' not found.
findfont: Font family 'Times New Roman' not found.
findfont: Font family 'Times New Roman' not found.
findfont: Font family 'Times New Roman' not found.
findfont: Font family 'Times New Roman' not found.
findfont: Font family 'Times New Roman' not found.
findfont: Font family 'Times New Roman' not found.
findfont: Font family 'Times New Roman' not found.
findfont: Font family 'Times New Roman' not found.
findfont: Font family 'Times New Roman' not found.
findfont: Font family 'Times New Roman' not found.
findfont: Font family 'Times New Roman' not found.
findfont: Font family 'Times New Roman' not found.
findfont: Font family 'Times New Roman' not found.
findfont: Font family 'Times New Roman' not found.
findfont: Font family 'Times New Roman' not found.
findfont: Font family 'Times New Roman' not found.
findfont: Font family 'Times New Roman' not found.
findfont: Font family 'Times New Roman' not found.
findfont: Font family 'Times New Roman' not found.
findfont: Font family 'Times New Roman' not found.
findfont: Font family 'Times New Roman' not found.
findfont: Font family 'Times New Roman' not found.
findfont: Font family 'Times New Roman' not found.
findfont: Font family 'Times New Roman' not found.
findfont: Font family 'Times New Roman' not found.
findfont: Font family 'Times New Roman' not found.
findfont: Font family 'Times New Roman' not found.
findfont: Font family 'Times New Roman' not found.
findfont: Font family 'Times New Roman' not found.
findfont: Font family 'Times New Roman' not found.
findfont: Font family 'Times New Roman' not found.
findfont: Font family 'Times New Roman' not found.
findfont: Font family 'Times New Roman' not found.
findfont: Font family 'Times New Roman' not found.
findfont: Font family 'Times New Roman' not found.
findfont: Font family 'Times New Roman' not found.
findfont: Font family 'Times New Roman' not found.
findfont: Font family 'Times New Roman' not found.
findfont: Font family 'Times New Roman' not found.
findfont: Font family 'Times New Roman' not found.
findfont: Font family 'Times New Roman' not found.
findfont: Font family 'Times New Roman' not found.
findfont: Font family 'Times New Roman' not found.
findfont: Font family 'Times New Roman' not found.
findfont: Font family 'Times New Roman' not found.
findfont: Font family 'Times New Roman' not found.
findfont: Font family 'Times New Roman' not found.
findfont: Font family 'Times New Roman' not found.
findfont: Font family 'Times New Roman' not found.
findfont: Font family 'Times New Roman' not found.
findfont: Font family 'Times New Roman' not found.
findfont: Font family 'Times New Roman' not found.
findfont: Font family 'Times New Roman' not found.
findfont: Font family 'Times New Roman' not found.
findfont: Font family 'Times New Roman' not found.
findfont: Font family 'Times New Roman' not found.
findfont: Font family 'Times New Roman' not found.
findfont: Font family 'Times New Roman' not found.
findfont: Font family 'Times New Roman' not found.
findfont: Font family 'Times New Roman' not found.
findfont: Font family 'Times New Roman' not found.
findfont: Font family 'Times New Roman' not found.
findfont: Font family 'Times New Roman' not found.
findfont: Font family 'Times New Roman' not found.
findfont: Font family 'Times New Roman' not found.
findfont: Font family 'Times New Roman' not found.
findfont: Font family 'Times New Roman' not found.
findfont: Font family 'Times New Roman' not found.
findfont: Font family 'Times New Roman' not found.
findfont: Font family 'Times New Roman' not found.
findfont: Font family 'Times New Roman' not found.
findfont: Font family 'Times New Roman' not found.
findfont: Font family 'Times New Roman' not found.
findfont: Font family 'Times New Roman' not found.
findfont: Font family 'Times New Roman' not found.
findfont: Font family 'Times New Roman' not found.
findfont: Font family 'Times New Roman' not found.
findfont: Font family 'Times New Roman' not found.
findfont: Font family 'Times New Roman' not found.
findfont: Font family 'Times New Roman' not found.
findfont: Font family 'Times New Roman' not found.
findfont: Font family 'Times New Roman' not found.
findfont: Font family 'Times New Roman' not found.
findfont: Font family 'Times New Roman' not found.
findfont: Font family 'Times New Roman' not found.
findfont: Font family 'Times New Roman' not found.
findfont: Font family 'Times New Roman' not found.
findfont: Font family 'Times New Roman' not found.
findfont: Font family 'Times New Roman' not found.
findfont: Font family 'Times New Roman' not found.
findfont: Font family 'Times New Roman' not found.
findfont: Font family 'Times New Roman' not found.
findfont: Font family 'Times New Roman' not found.
findfont: Font family 'Times New Roman' not found.
findfont: Font family 'Times New Roman' not found.
findfont: Font family 'Times New Roman' not found.
findfont: Font family 'Times New Roman' not found.
findfont: Font family 'Times New Roman' not found.
findfont: Font family 'Times New Roman' not found.
findfont: Font family 'Times New Roman' not found.
findfont: Font family 'Times New Roman' not found.
findfont: Font family 'Times New Roman' not found.
findfont: Font family 'Times New Roman' not found.
findfont: Font family 'Times New Roman' not found.
findfont: Font family 'Times New Roman' not found.
findfont: Font family 'Times New Roman' not found.
findfont: Font family 'Times New Roman' not found.
findfont: Font family 'Times New Roman' not found.
findfont: Font family 'Times New Roman' not found.
findfont: Font family 'Times New Roman' not found.
findfont: Font family 'Times New Roman' not found.
findfont: Font family 'Times New Roman' not found.
findfont: Font family 'Times New Roman' not found.
findfont: Font family 'Times New Roman' not found.
findfont: Font family 'Times New Roman' not found.
findfont: Font family 'Times New Roman' not found.
findfont: Font family 'Times New Roman' not found.
findfont: Font family 'Times New Roman' not found.
findfont: Font family 'Times New Roman' not found.
findfont: Font family 'Times New Roman' not found.
findfont: Font family 'Times New Roman' not found.
findfont: Font family 'Times New Roman' not found.
findfont: Font family 'Times New Roman' not found.
findfont: Font family 'Times New Roman' not found.
findfont: Font family 'Times New Roman' not found.
findfont: Font family 'Times New Roman' not found.
findfont: Font family 'Times New Roman' not found.
findfont: Font family 'Times New Roman' not found.
findfont: Font family 'Times New Roman' not found.
findfont: Font family 'Times New Roman' not found.
findfont: Font family 'Times New Roman' not found.
findfont: Font family 'Times New Roman' not found.
findfont: Font family 'Times New Roman' not found.
findfont: Font family 'Times New Roman' not found.
findfont: Font family 'Times New Roman' not found.
findfont: Font family 'Times New Roman' not found.
findfont: Font family 'Times New Roman' not found.
findfont: Font family 'Times New Roman' not found.
findfont: Font family 'Times New Roman' not found.
findfont: Font family 'Times New Roman' not found.
findfont: Font family 'Times New Roman' not found.
findfont: Font family 'Times New Roman' not found.
findfont: Font family 'Times New Roman' not found.
findfont: Font family 'Times New Roman' not found.
findfont: Font family 'Times New Roman' not found.
findfont: Font family 'Times New Roman' not found.
findfont: Font family 'Times New Roman' not found.
findfont: Font family 'Times New Roman' not found.
findfont: Font family 'Times New Roman' not found.
findfont: Font family 'Times New Roman' not found.
findfont: Font family 'Times New Roman' not found.
findfont: Font family 'Times New Roman' not found.
findfont: Font family 'Times New Roman' not found.
findfont: Font family 'Times New Roman' not found.
findfont: Font family 'Times New Roman' not found.
findfont: Font family 'Times New Roman' not found.
findfont: Font family 'Times New Roman' not found.
findfont: Font family 'Times New Roman' not found.
findfont: Font family 'Times New Roman' not found.
findfont: Font family 'Times New Roman' not found.
findfont: Font family 'Times New Roman' not found.
findfont: Font family 'Times New Roman' not found.
findfont: Font family 'Times New Roman' not found.
findfont: Font family 'Times New Roman' not found.
findfont: Font family 'Times New Roman' not found.
findfont: Font family 'Times New Roman' not found.
findfont: Font family 'Times New Roman' not found.
findfont: Font family 'Times New Roman' not found.
findfont: Font family 'Times New Roman' not found.
findfont: Font family 'Times New Roman' not found.
findfont: Font family 'Times New Roman' not found.
findfont: Font family 'Times New Roman' not found.
findfont: Font family 'Times New Roman' not found.
findfont: Font family 'Times New Roman' not found.
findfont: Font family 'Times New Roman' not found.
findfont: Font family 'Times New Roman' not found.
findfont: Font family 'Times New Roman' not found.
findfont: Font family 'Times New Roman' not found.
findfont: Font family 'Times New Roman' not found.
findfont: Font family 'Times New Roman' not found.
findfont: Font family 'Times New Roman' not found.
findfont: Font family 'Times New Roman' not found.
findfont: Font family 'Times New Roman' not found.
findfont: Font family 'Times New Roman' not found.
findfont: Font family 'Times New Roman' not found.
findfont: Font family 'Times New Roman' not found.
findfont: Font family 'Times New Roman' not found.
findfont: Font family 'Times New Roman' not found.
findfont: Font family 'Times New Roman' not found.
findfont: Font family 'Times New Roman' not found.
findfont: Font family 'Times New Roman' not found.
findfont: Font family 'Times New Roman' not found.
findfont: Font family 'Times New Roman' not found.
findfont: Font family 'Times New Roman' not found.
findfont: Font family 'Times New Roman' not found.
findfont: Font family 'Times New Roman' not found.
findfont: Font family 'Times New Roman' not found.
findfont: Font family 'Times New Roman' not found.
findfont: Font family 'Times New Roman' not found.
findfont: Font family 'Times New Roman' not found.
findfont: Font family 'Times New Roman' not found.
findfont: Font family 'Times New Roman' not found.
findfont: Font family 'Times New Roman' not found.
findfont: Font family 'Times New Roman' not found.
findfont: Font family 'Times New Roman' not found.
findfont: Font family 'Times New Roman' not found.
findfont: Font family 'Times New Roman' not found.
findfont: Font family 'Times New Roman' not found.
findfont: Font family 'Times New Roman' not found.
findfont: Font family 'Times New Roman' not found.
findfont: Font family 'Times New Roman' not found.
findfont: Font family 'Times New Roman' not found.
findfont: Font family 'Times New Roman' not found.
findfont: Font family 'Times New Roman' not found.
findfont: Font family 'Times New Roman' not found.
findfont: Font family 'Times New Roman' not found.
findfont: Font family 'Times New Roman' not found.
findfont: Font family 'Times New Roman' not found.
findfont: Font family 'Times New Roman' not found.
findfont: Font family 'Times New Roman' not found.
findfont: Font family 'Times New Roman' not found.
findfont: Font family 'Times New Roman' not found.
findfont: Font family 'Times New Roman' not found.
findfont: Font family 'Times New Roman' not found.
findfont: Font family 'Times New Roman' not found.
findfont: Font family 'Times New Roman' not found.
findfont: Font family 'Times New Roman' not found.
findfont: Font family 'Times New Roman' not found.
findfont: Font family 'Times New Roman' not found.
findfont: Font family 'Times New Roman' not found.
findfont: Font family 'Times New Roman' not found.
findfont: Font family 'Times New Roman' not found.
findfont: Font family 'Times New Roman' not found.
findfont: Font family 'Times New Roman' not found.
findfont: Font family 'Times New Roman' not found.
findfont: Font family 'Times New Roman' not found.
findfont: Font family 'Times New Roman' not found.
findfont: Font family 'Times New Roman' not found.
findfont: Font family 'Times New Roman' not found.
findfont: Font family 'Times New Roman' not found.
findfont: Font family 'Times New Roman' not found.
findfont: Font family 'Times New Roman' not found.
findfont: Font family 'Times New Roman' not found.
findfont: Font family 'Times New Roman' not found.
findfont: Font family 'Times New Roman' not found.
findfont: Font family 'Times New Roman' not found.
findfont: Font family 'Times New Roman' not found.
findfont: Font family 'Times New Roman' not found.
findfont: Font family 'Times New Roman' not found.
findfont: Font family 'Times New Roman' not found.
findfont: Font family 'Times New Roman' not found.
findfont: Font family 'Times New Roman' not found.
findfont: Font family 'Times New Roman' not found.
findfont: Font family 'Times New Roman' not found.
findfont: Font family 'Times New Roman' not found.
findfont: Font family 'Times New Roman' not found.
findfont: Font family 'Times New Roman' not found.
findfont: Font family 'Times New Roman' not found.
findfont: Font family 'Times New Roman' not found.
findfont: Font family 'Times New Roman' not found.
findfont: Font family 'Times New Roman' not found.
findfont: Font family 'Times New Roman' not found.
findfont: Font family 'Times New Roman' not found.
findfont: Font family 'Times New Roman' not found.
findfont: Font family 'Times New Roman' not found.
findfont: Font family 'Times New Roman' not found.
findfont: Font family 'Times New Roman' not found.
findfont: Font family 'Times New Roman' not found.
findfont: Font family 'Times New Roman' not found.
findfont: Font family 'Times New Roman' not found.
findfont: Font family 'Times New Roman' not found.
findfont: Font family 'Times New Roman' not found.
findfont: Font family 'Times New Roman' not found.
findfont: Font family 'Times New Roman' not found.
findfont: Font family 'Times New Roman' not found.
findfont: Font family 'Times New Roman' not found.
findfont: Font family 'Times New Roman' not found.
findfont: Font family 'Times New Roman' not found.
findfont: Font family 'Times New Roman' not found.
findfont: Font family 'Times New Roman' not found.
findfont: Font family 'Times New Roman' not found.
findfont: Font family 'Times New Roman' not found.
findfont: Font family 'Times New Roman' not found.
findfont: Font family 'Times New Roman' not found.
findfont: Font family 'Times New Roman' not found.
findfont: Font family 'Times New Roman' not found.
findfont: Font family 'Times New Roman' not found.
findfont: Font family 'Times New Roman' not found.
findfont: Font family 'Times New Roman' not found.
findfont: Font family 'Times New Roman' not found.
findfont: Font family 'Times New Roman' not found.
findfont: Font family 'Times New Roman' not found.
findfont: Font family 'Times New Roman' not found.
findfont: Font family 'Times New Roman' not found.
findfont: Font family 'Times New Roman' not found.
findfont: Font family 'Times New Roman' not found.
findfont: Font family 'Times New Roman' not found.
findfont: Font family 'Times New Roman' not found.
findfont: Font family 'Times New Roman' not found.
findfont: Font family 'Times New Roman' not found.
findfont: Font family 'Times New Roman' not found.
findfont: Font family 'Times New Roman' not found.
findfont: Font family 'Times New Roman' not found.
findfont: Font family 'Times New Roman' not found.
findfont: Font family 'Times New Roman' not found.
findfont: Font family 'Times New Roman' not found.
findfont: Font family 'Times New Roman' not found.
findfont: Font family 'Times New Roman' not found.
findfont: Font family 'Times New Roman' not found.
findfont: Font family 'Times New Roman' not found.
findfont: Font family 'Times New Roman' not found.
findfont: Font family 'Times New Roman' not found.
findfont: Font family 'Times New Roman' not found.
findfont: Font family 'Times New Roman' not found.
findfont: Font family 'Times New Roman' not found.
findfont: Font family 'Times New Roman' not found.
findfont: Font family 'Times New Roman' not found.
findfont: Font family 'Times New Roman' not found.
findfont: Font family 'Times New Roman' not found.
findfont: Font family 'Times New Roman' not found.
findfont: Font family 'Times New Roman' not found.
findfont: Font family 'Times New Roman' not found.
findfont: Font family 'Times New Roman' not found.
findfont: Font family 'Times New Roman' not found.
findfont: Font family 'Times New Roman' not found.
findfont: Font family 'Times New Roman' not found.
findfont: Font family 'Times New Roman' not found.
findfont: Font family 'Times New Roman' not found.
findfont: Font family 'Times New Roman' not found.
findfont: Font family 'Times New Roman' not found.
findfont: Font family 'Times New Roman' not found.
findfont: Font family 'Times New Roman' not found.
findfont: Font family 'Times New Roman' not found.
findfont: Font family 'Times New Roman' not found.
findfont: Font family 'Times New Roman' not found.
findfont: Font family 'Times New Roman' not found.
findfont: Font family 'Times New Roman' not found.
findfont: Font family 'Times New Roman' not found.
findfont: Font family 'Times New Roman' not found.
findfont: Font family 'Times New Roman' not found.
findfont: Font family 'Times New Roman' not found.
findfont: Font family 'Times New Roman' not found.
findfont: Font family 'Times New Roman' not found.
findfont: Font family 'Times New Roman' not found.
findfont: Font family 'Times New Roman' not found.
findfont: Font family 'Times New Roman' not found.
findfont: Font family 'Times New Roman' not found.
findfont: Font family 'Times New Roman' not found.
findfont: Font family 'Times New Roman' not found.
findfont: Font family 'Times New Roman' not found.
findfont: Font family 'Times New Roman' not found.
findfont: Font family 'Times New Roman' not found.
findfont: Font family 'Times New Roman' not found.
findfont: Font family 'Times New Roman' not found.
findfont: Font family 'Times New Roman' not found.
findfont: Font family 'Times New Roman' not found.
findfont: Font family 'Times New Roman' not found.
findfont: Font family 'Times New Roman' not found.
findfont: Font family 'Times New Roman' not found.
findfont: Font family 'Times New Roman' not found.
findfont: Font family 'Times New Roman' not found.
findfont: Font family 'Times New Roman' not found.
findfont: Font family 'Times New Roman' not found.
findfont: Font family 'Times New Roman' not found.
findfont: Font family 'Times New Roman' not found.
findfont: Font family 'Times New Roman' not found.
findfont: Font family 'Times New Roman' not found.
findfont: Font family 'Times New Roman' not found.
findfont: Font family 'Times New Roman' not found.
findfont: Font family 'Times New Roman' not found.
findfont: Font family 'Times New Roman' not found.
findfont: Font family 'Times New Roman' not found.
findfont: Font family 'Times New Roman' not found.
findfont: Font family 'Times New Roman' not found.
findfont: Font family 'Times New Roman' not found.
findfont: Font family 'Times New Roman' not found.
findfont: Font family 'Times New Roman' not found.
findfont: Font family 'Times New Roman' not found.
findfont: Font family 'Times New Roman' not found.
findfont: Font family 'Times New Roman' not found.
findfont: Font family 'Times New Roman' not found.
findfont: Font family 'Times New Roman' not found.
findfont: Font family 'Times New Roman' not found.
findfont: Font family 'Times New Roman' not found.
findfont: Font family 'Times New Roman' not found.
findfont: Font family 'Times New Roman' not found.
findfont: Font family 'Times New Roman' not found.
findfont: Font family 'Times New Roman' not found.
findfont: Font family 'Times New Roman' not found.
findfont: Font family 'Times New Roman' not found.
findfont: Font family 'Times New Roman' not found.
findfont: Font family 'Times New Roman' not found.
findfont: Font family 'Times New Roman' not found.
findfont: Font family 'Times New Roman' not found.
findfont: Font family 'Times New Roman' not found.
findfont: Font family 'Times New Roman' not found.
findfont: Font family 'Times New Roman' not found.
findfont: Font family 'Times New Roman' not found.
findfont: Font family 'Times New Roman' not found.
findfont: Font family 'Times New Roman' not found.
findfont: Font family 'Times New Roman' not found.
findfont: Font family 'Times New Roman' not found.
findfont: Font family 'Times New Roman' not found.
findfont: Font family 'Times New Roman' not found.
findfont: Font family 'Times New Roman' not found.
findfont: Font family 'Times New Roman' not found.
findfont: Font family 'Times New Roman' not found.
findfont: Font family 'Times New Roman' not found.
findfont: Font family 'Times New Roman' not found.
findfont: Font family 'Times New Roman' not found.
findfont: Font family 'Times New Roman' not found.
findfont: Font family 'Times New Roman' not found.
findfont: Font family 'Times New Roman' not found.
findfont: Font family 'Times New Roman' not found.
findfont: Font family 'Times New Roman' not found.
findfont: Font family 'Times New Roman' not found.
findfont: Font family 'Times New Roman' not found.
findfont: Font family 'Times New Roman' not found.
findfont: Font family 'Times New Roman' not found.
findfont: Font family 'Times New Roman' not found.
findfont: Font family 'Times New Roman' not found.
findfont: Font family 'Times New Roman' not found.
findfont: Font family 'Times New Roman' not found.
findfont: Font family 'Times New Roman' not found.
findfont: Font family 'Times New Roman' not found.
findfont: Font family 'Times New Roman' not found.
findfont: Font family 'Times New Roman' not found.
findfont: Font family 'Times New Roman' not found.
findfont: Font family 'Times New Roman' not found.
findfont: Font family 'Times New Roman' not found.
findfont: Font family 'Times New Roman' not found.
findfont: Font family 'Times New Roman' not found.
findfont: Font family 'Times New Roman' not found.
findfont: Font family 'Times New Roman' not found.
findfont: Font family 'Times New Roman' not found.
findfont: Font family 'Times New Roman' not found.
findfont: Font family 'Times New Roman' not found.
findfont: Font family 'Times New Roman' not found.
findfont: Font family 'Times New Roman' not found.
findfont: Font family 'Times New Roman' not found.
findfont: Font family 'Times New Roman' not found.
findfont: Font family 'Times New Roman' not found.
findfont: Font family 'Times New Roman' not found.
findfont: Font family 'Times New Roman' not found.
findfont: Font family 'Times New Roman' not found.
findfont: Font family 'Times New Roman' not found.
findfont: Font family 'Times New Roman' not found.
findfont: Font family 'Times New Roman' not found.
findfont: Font family 'Times New Roman' not found.
findfont: Font family 'Times New Roman' not found.
findfont: Font family 'Times New Roman' not found.
findfont: Font family 'Times New Roman' not found.
findfont: Font family 'Times New Roman' not found.
findfont: Font family 'Times New Roman' not found.
findfont: Font family 'Times New Roman' not found.
findfont: Font family 'Times New Roman' not found.
findfont: Font family 'Times New Roman' not found.
findfont: Font family 'Times New Roman' not found.
findfont: Font family 'Times New Roman' not found.
findfont: Font family 'Times New Roman' not found.
findfont: Font family 'Times New Roman' not found.
findfont: Font family 'Times New Roman' not found.
findfont: Font family 'Times New Roman' not found.
findfont: Font family 'Times New Roman' not found.
findfont: Font family 'Times New Roman' not found.
findfont: Font family 'Times New Roman' not found.
findfont: Font family 'Times New Roman' not found.
findfont: Font family 'Times New Roman' not found.
findfont: Font family 'Times New Roman' not found.
findfont: Font family 'Times New Roman' not found.
findfont: Font family 'Times New Roman' not found.
findfont: Font family 'Times New Roman' not found.
findfont: Font family 'Times New Roman' not found.
findfont: Font family 'Times New Roman' not found.
findfont: Font family 'Times New Roman' not found.
findfont: Font family 'Times New Roman' not found.
findfont: Font family 'Times New Roman' not found.
findfont: Font family 'Times New Roman' not found.
findfont: Font family 'Times New Roman' not found.
findfont: Font family 'Times New Roman' not found.
findfont: Font family 'Times New Roman' not found.
findfont: Font family 'Times New Roman' not found.
findfont: Font family 'Times New Roman' not found.
findfont: Font family 'Times New Roman' not found.
findfont: Font family 'Times New Roman' not found.
findfont: Font family 'Times New Roman' not found.
findfont: Font family 'Times New Roman' not found.
findfont: Font family 'Times New Roman' not found.
findfont: Font family 'Times New Roman' not found.
findfont: Font family 'Times New Roman' not found.
findfont: Font family 'Times New Roman' not found.
findfont: Font family 'Times New Roman' not found.
findfont: Font family 'Times New Roman' not found.
findfont: Font family 'Times New Roman' not found.
findfont: Font family 'Times New Roman' not found.
findfont: Font family 'Times New Roman' not found.
findfont: Font family 'Times New Roman' not found.
findfont: Font family 'Times New Roman' not found.
findfont: Font family 'Times New Roman' not found.
findfont: Font family 'Times New Roman' not found.
findfont: Font family 'Times New Roman' not found.
findfont: Font family 'Times New Roman' not found.
findfont: Font family 'Times New Roman' not found.
findfont: Font family 'Times New Roman' not found.
findfont: Font family 'Times New Roman' not found.
findfont: Font family 'Times New Roman' not found.
findfont: Font family 'Times New Roman' not found.
findfont: Font family 'Times New Roman' not found.
findfont: Font family 'Times New Roman' not found.
findfont: Font family 'Times New Roman' not found.
findfont: Font family 'Times New Roman' not found.
findfont: Font family 'Times New Roman' not found.
findfont: Font family 'Times New Roman' not found.
findfont: Font family 'Times New Roman' not found.
findfont: Font family 'Times New Roman' not found.
findfont: Font family 'Times New Roman' not found.
findfont: Font family 'Times New Roman' not found.
findfont: Font family 'Times New Roman' not found.
findfont: Font family 'Times New Roman' not found.
findfont: Font family 'Times New Roman' not found.
findfont: Font family 'Times New Roman' not found.
findfont: Font family 'Times New Roman' not found.
findfont: Font family 'Times New Roman' not found.
findfont: Font family 'Times New Roman' not found.
findfont: Font family 'Times New Roman' not found.
findfont: Font family 'Times New Roman' not found.
findfont: Font family 'Times New Roman' not found.
findfont: Font family 'Times New Roman' not found.
findfont: Font family 'Times New Roman' not found.
findfont: Font family 'Times New Roman' not found.
findfont: Font family 'Times New Roman' not found.
findfont: Font family 'Times New Roman' not found.
findfont: Font family 'Times New Roman' not found.
findfont: Font family 'Times New Roman' not found.
findfont: Font family 'Times New Roman' not found.
findfont: Font family 'Times New Roman' not found.
findfont: Font family 'Times New Roman' not found.
findfont: Font family 'Times New Roman' not found.
findfont: Font family 'Times New Roman' not found.
findfont: Font family 'Times New Roman' not found.
findfont: Font family 'Times New Roman' not found.
findfont: Font family 'Times New Roman' not found.
findfont: Font family 'Times New Roman' not found.
findfont: Font family 'Times New Roman' not found.
findfont: Font family 'Times New Roman' not found.
findfont: Font family 'Times New Roman' not found.
findfont: Font family 'Times New Roman' not found.
findfont: Font family 'Times New Roman' not found.
findfont: Font family 'Times New Roman' not found.
findfont: Font family 'Times New Roman' not found.
findfont: Font family 'Times New Roman' not found.
findfont: Font family 'Times New Roman' not found.
findfont: Font family 'Times New Roman' not found.
findfont: Font family 'Times New Roman' not found.
findfont: Font family 'Times New Roman' not found.
findfont: Font family 'Times New Roman' not found.
findfont: Font family 'Times New Roman' not found.
findfont: Font family 'Times New Roman' not found.
findfont: Font family 'Times New Roman' not found.
findfont: Font family 'Times New Roman' not found.
findfont: Font family 'Times New Roman' not found.
findfont: Font family 'Times New Roman' not found.
findfont: Font family 'Times New Roman' not found.
findfont: Font family 'Times New Roman' not found.
findfont: Font family 'Times New Roman' not found.
findfont: Font family 'Times New Roman' not found.
findfont: Font family 'Times New Roman' not found.
findfont: Font family 'Times New Roman' not found.
findfont: Font family 'Times New Roman' not found.
findfont: Font family 'Times New Roman' not found.
findfont: Font family 'Times New Roman' not found.
findfont: Font family 'Times New Roman' not found.
findfont: Font family 'Times New Roman' not found.
findfont: Font family 'Times New Roman' not found.
findfont: Font family 'Times New Roman' not found.
findfont: Font family 'Times New Roman' not found.
findfont: Font family 'Times New Roman' not found.
findfont: Font family 'Times New Roman' not found.
findfont: Font family 'Times New Roman' not found.
findfont: Font family 'Times New Roman' not found.
findfont: Font family 'Times New Roman' not found.
findfont: Font family 'Times New Roman' not found.
findfont: Font family 'Times New Roman' not found.
findfont: Font family 'Times New Roman' not found.
findfont: Font family 'Times New Roman' not found.
findfont: Font family 'Times New Roman' not found.
findfont: Font family 'Times New Roman' not found.
findfont: Font family 'Times New Roman' not found.
findfont: Font family 'Times New Roman' not found.
findfont: Font family 'Times New Roman' not found.
findfont: Font family 'Times New Roman' not found.
findfont: Font family 'Times New Roman' not found.
findfont: Font family 'Times New Roman' not found.
findfont: Font family 'Times New Roman' not found.
findfont: Font family 'Times New Roman' not found.
findfont: Font family 'Times New Roman' not found.
findfont: Font family 'Times New Roman' not found.
findfont: Font family 'Times New Roman' not found.
findfont: Font family 'Times New Roman' not found.
findfont: Font family 'Times New Roman' not found.
findfont: Font family 'Times New Roman' not found.
findfont: Font family 'Times New Roman' not found.
findfont: Font family 'Times New Roman' not found.
findfont: Font family 'Times New Roman' not found.
findfont: Font family 'Times New Roman' not found.
findfont: Font family 'Times New Roman' not found.
findfont: Font family 'Times New Roman' not found.
findfont: Font family 'Times New Roman' not found.
findfont: Font family 'Times New Roman' not found.
findfont: Font family 'Times New Roman' not found.
findfont: Font family 'Times New Roman' not found.
findfont: Font family 'Times New Roman' not found.
findfont: Font family 'Times New Roman' not found.
findfont: Font family 'Times New Roman' not found.
findfont: Font family 'Times New Roman' not found.
findfont: Font family 'Times New Roman' not found.
findfont: Font family 'Times New Roman' not found.
findfont: Font family 'Times New Roman' not found.
findfont: Font family 'Times New Roman' not found.
findfont: Font family 'Times New Roman' not found.
findfont: Font family 'Times New Roman' not found.
findfont: Font family 'Times New Roman' not found.
findfont: Font family 'Times New Roman' not found.
findfont: Font family 'Times New Roman' not found.
findfont: Font family 'Times New Roman' not found.
findfont: Font family 'Times New Roman' not found.
findfont: Font family 'Times New Roman' not found.
findfont: Font family 'Times New Roman' not found.
findfont: Font family 'Times New Roman' not found.
findfont: Font family 'Times New Roman' not found.
findfont: Font family 'Times New Roman' not found.
findfont: Font family 'Times New Roman' not found.
findfont: Font family 'Times New Roman' not found.
findfont: Font family 'Times New Roman' not found.
findfont: Font family 'Times New Roman' not found.
findfont: Font family 'Times New Roman' not found.
findfont: Font family 'Times New Roman' not found.
findfont: Font family 'Times New Roman' not found.
findfont: Font family 'Times New Roman' not found.
findfont: Font family 'Times New Roman' not found.
findfont: Font family 'Times New Roman' not found.
findfont: Font family 'Times New Roman' not found.
findfont: Font family 'Times New Roman' not found.
findfont: Font family 'Times New Roman' not found.
findfont: Font family 'Times New Roman' not found.
findfont: Font family 'Times New Roman' not found.
findfont: Font family 'Times New Roman' not found.
findfont: Font family 'Times New Roman' not found.
findfont: Font family 'Times New Roman' not found.
findfont: Font family 'Times New Roman' not found.
findfont: Font family 'Times New Roman' not found.
findfont: Font family 'Times New Roman' not found.
findfont: Font family 'Times New Roman' not found.
findfont: Font family 'Times New Roman' not found.
findfont: Font family 'Times New Roman' not found.
findfont: Font family 'Times New Roman' not found.
findfont: Font family 'Times New Roman' not found.
findfont: Font family 'Times New Roman' not found.
findfont: Font family 'Times New Roman' not found.
findfont: Font family 'Times New Roman' not found.
findfont: Font family 'Times New Roman' not found.
findfont: Font family 'Times New Roman' not found.
findfont: Font family 'Times New Roman' not found.
findfont: Font family 'Times New Roman' not found.
findfont: Font family 'Times New Roman' not found.
findfont: Font family 'Times New Roman' not found.
findfont: Font family 'Times New Roman' not found.
findfont: Font family 'Times New Roman' not found.
findfont: Font family 'Times New Roman' not found.
findfont: Font family 'Times New Roman' not found.
findfont: Font family 'Times New Roman' not found.
findfont: Font family 'Times New Roman' not found.
findfont: Font family 'Times New Roman' not found.
findfont: Font family 'Times New Roman' not found.
findfont: Font family 'Times New Roman' not found.
findfont: Font family 'Times New Roman' not found.
findfont: Font family 'Times New Roman' not found.
findfont: Font family 'Times New Roman' not found.
findfont: Font family 'Times New Roman' not found.
findfont: Font family 'Times New Roman' not found.
findfont: Font family 'Times New Roman' not found.
findfont: Font family 'Times New Roman' not found.
findfont: Font family 'Times New Roman' not found.
findfont: Font family 'Times New Roman' not found.
findfont: Font family 'Times New Roman' not found.
findfont: Font family 'Times New Roman' not found.
findfont: Font family 'Times New Roman' not found.
findfont: Font family 'Times New Roman' not found.
findfont: Font family 'Times New Roman' not found.
findfont: Font family 'Times New Roman' not found.
findfont: Font family 'Times New Roman' not found.
findfont: Font family 'Times New Roman' not found.
findfont: Font family 'Times New Roman' not found.
findfont: Font family 'Times New Roman' not found.
findfont: Font family 'Times New Roman' not found.
findfont: Font family 'Times New Roman' not found.
findfont: Font family 'Times New Roman' not found.
findfont: Font family 'Times New Roman' not found.
findfont: Font family 'Times New Roman' not found.
findfont: Font family 'Times New Roman' not found.
findfont: Font family 'Times New Roman' not found.
findfont: Font family 'Times New Roman' not found.
findfont: Font family 'Times New Roman' not found.
findfont: Font family 'Times New Roman' not found.
findfont: Font family 'Times New Roman' not found.
findfont: Font family 'Times New Roman' not found.
findfont: Font family 'Times New Roman' not found.
findfont: Font family 'Times New Roman' not found.
findfont: Font family 'Times New Roman' not found.
findfont: Font family 'Times New Roman' not found.
findfont: Font family 'Times New Roman' not found.
findfont: Font family 'Times New Roman' not found.
findfont: Font family 'Times New Roman' not found.
findfont: Font family 'Times New Roman' not found.
findfont: Font family 'Times New Roman' not found.
findfont: Font family 'Times New Roman' not found.
findfont: Font family 'Times New Roman' not found.
findfont: Font family 'Times New Roman' not found.
findfont: Font family 'Times New Roman' not found.
findfont: Font family 'Times New Roman' not found.
findfont: Font family 'Times New Roman' not found.
findfont: Font family 'Times New Roman' not found.
findfont: Font family 'Times New Roman' not found.
findfont: Font family 'Times New Roman' not found.
findfont: Font family 'Times New Roman' not found.
findfont: Font family 'Times New Roman' not found.
findfont: Font family 'Times New Roman' not found.
findfont: Font family 'Times New Roman' not found.
findfont: Font family 'Times New Roman' not found.
findfont: Font family 'Times New Roman' not found.
findfont: Font family 'Times New Roman' not found.
findfont: Font family 'Times New Roman' not found.
findfont: Font family 'Times New Roman' not found.
findfont: Font family 'Times New Roman' not found.
findfont: Font family 'Times New Roman' not found.
findfont: Font family 'Times New Roman' not found.
findfont: Font family 'Times New Roman' not found.
findfont: Font family 'Times New Roman' not found.
findfont: Font family 'Times New Roman' not found.
findfont: Font family 'Times New Roman' not found.
findfont: Font family 'Times New Roman' not found.
findfont: Font family 'Times New Roman' not found.
findfont: Font family 'Times New Roman' not found.
findfont: Font family 'Times New Roman' not found.
findfont: Font family 'Times New Roman' not found.
findfont: Font family 'Times New Roman' not found.
findfont: Font family 'Times New Roman' not found.
findfont: Font family 'Times New Roman' not found.
findfont: Font family 'Times New Roman' not found.
findfont: Font family 'Times New Roman' not found.
findfont: Font family 'Times New Roman' not found.
findfont: Font family 'Times New Roman' not found.
findfont: Font family 'Times New Roman' not found.
findfont: Font family 'Times New Roman' not found.
findfont: Font family 'Times New Roman' not found.
findfont: Font family 'Times New Roman' not found.
findfont: Font family 'Times New Roman' not found.
findfont: Font family 'Times New Roman' not found.
findfont: Font family 'Times New Roman' not found.
findfont: Font family 'Times New Roman' not found.
findfont: Font family 'Times New Roman' not found.
findfont: Font family 'Times New Roman' not found.
findfont: Font family 'Times New Roman' not found.
findfont: Font family 'Times New Roman' not found.
findfont: Font family 'Times New Roman' not found.
findfont: Font family 'Times New Roman' not found.
findfont: Font family 'Times New Roman' not found.
findfont: Font family 'Times New Roman' not found.
findfont: Font family 'Times New Roman' not found.
findfont: Font family 'Times New Roman' not found.
findfont: Font family 'Times New Roman' not found.
findfont: Font family 'Times New Roman' not found.
findfont: Font family 'Times New Roman' not found.
findfont: Font family 'Times New Roman' not found.
findfont: Font family 'Times New Roman' not found.
findfont: Font family 'Times New Roman' not found.
findfont: Font family 'Times New Roman' not found.
findfont: Font family 'Times New Roman' not found.
findfont: Font family 'Times New Roman' not found.
findfont: Font family 'Times New Roman' not found.
findfont: Font family 'Times New Roman' not found.
findfont: Font family 'Times New Roman' not found.
findfont: Font family 'Times New Roman' not found.
findfont: Font family 'Times New Roman' not found.
findfont: Font family 'Times New Roman' not found.
findfont: Font family 'Times New Roman' not found.
findfont: Font family 'Times New Roman' not found.
findfont: Font family 'Times New Roman' not found.
findfont: Font family 'Times New Roman' not found.
findfont: Font family 'Times New Roman' not found.
findfont: Font family 'Times New Roman' not found.
findfont: Font family 'Times New Roman' not found.
findfont: Font family 'Times New Roman' not found.
findfont: Font family 'Times New Roman' not found.
findfont: Font family 'Times New Roman' not found.
findfont: Font family 'Times New Roman' not found.
findfont: Font family 'Times New Roman' not found.
findfont: Font family 'Times New Roman' not found.
findfont: Font family 'Times New Roman' not found.
findfont: Font family 'Times New Roman' not found.
findfont: Font family 'Times New Roman' not found.
findfont: Font family 'Times New Roman' not found.
findfont: Font family 'Times New Roman' not found.
findfont: Font family 'Times New Roman' not found.
findfont: Font family 'Times New Roman' not found.
findfont: Font family 'Times New Roman' not found.
findfont: Font family 'Times New Roman' not found.
findfont: Font family 'Times New Roman' not found.
findfont: Font family 'Times New Roman' not found.
findfont: Font family 'Times New Roman' not found.
findfont: Font family 'Times New Roman' not found.
findfont: Font family 'Times New Roman' not found.
findfont: Font family 'Times New Roman' not found.
findfont: Font family 'Times New Roman' not found.
findfont: Font family 'Times New Roman' not found.
findfont: Font family 'Times New Roman' not found.
findfont: Font family 'Times New Roman' not found.
findfont: Font family 'Times New Roman' not found.
findfont: Font family 'Times New Roman' not found.
findfont: Font family 'Times New Roman' not found.
findfont: Font family 'Times New Roman' not found.
findfont: Font family 'Times New Roman' not found.
findfont: Font family 'Times New Roman' not found.
findfont: Font family 'Times New Roman' not found.
findfont: Font family 'Times New Roman' not found.
findfont: Font family 'Times New Roman' not found.
findfont: Font family 'Times New Roman' not found.
findfont: Font family 'Times New Roman' not found.
findfont: Font family 'Times New Roman' not found.
findfont: Font family 'Times New Roman' not found.
findfont: Font family 'Times New Roman' not found.
findfont: Font family 'Times New Roman' not found.
findfont: Font family 'Times New Roman' not found.
findfont: Font family 'Times New Roman' not found.
findfont: Font family 'Times New Roman' not found.
findfont: Font family 'Times New Roman' not found.
findfont: Font family 'Times New Roman' not found.
findfont: Font family 'Times New Roman' not found.
findfont: Font family 'Times New Roman' not found.
findfont: Font family 'Times New Roman' not found.
findfont: Font family 'Times New Roman' not found.
findfont: Font family 'Times New Roman' not found.
findfont: Font family 'Times New Roman' not found.
findfont: Font family 'Times New Roman' not found.
findfont: Font family 'Times New Roman' not found.
findfont: Font family 'Times New Roman' not found.
findfont: Font family 'Times New Roman' not found.
findfont: Font family 'Times New Roman' not found.
findfont: Font family 'Times New Roman' not found.
findfont: Font family 'Times New Roman' not found.
findfont: Font family 'Times New Roman' not found.
findfont: Font family 'Times New Roman' not found.
findfont: Font family 'Times New Roman' not found.
findfont: Font family 'Times New Roman' not found.
findfont: Font family 'Times New Roman' not found.
findfont: Font family 'Times New Roman' not found.
findfont: Font family 'Times New Roman' not found.
findfont: Font family 'Times New Roman' not found.
findfont: Font family 'Times New Roman' not found.
findfont: Font family 'Times New Roman' not found.
findfont: Font family 'Times New Roman' not found.
findfont: Font family 'Times New Roman' not found.
findfont: Font family 'Times New Roman' not found.
findfont: Font family 'Times New Roman' not found.
findfont: Font family 'Times New Roman' not found.
findfont: Font family 'Times New Roman' not found.
findfont: Font family 'Times New Roman' not found.
findfont: Font family 'Times New Roman' not found.
findfont: Font family 'Times New Roman' not found.
findfont: Font family 'Times New Roman' not found.
findfont: Font family 'Times New Roman' not found.
findfont: Font family 'Times New Roman' not found.
findfont: Font family 'Times New Roman' not found.
findfont: Font family 'Times New Roman' not found.
findfont: Font family 'Times New Roman' not found.
findfont: Font family 'Times New Roman' not found.
findfont: Font family 'Times New Roman' not found.
findfont: Font family 'Times New Roman' not found.
findfont: Font family 'Times New Roman' not found.
findfont: Font family 'Times New Roman' not found.
findfont: Font family 'Times New Roman' not found.
findfont: Font family 'Times New Roman' not found.
findfont: Font family 'Times New Roman' not found.
findfont: Font family 'Times New Roman' not found.
findfont: Font family 'Times New Roman' not found.
findfont: Font family 'Times New Roman' not found.
findfont: Font family 'Times New Roman' not found.
findfont: Font family 'Times New Roman' not found.
findfont: Font family 'Times New Roman' not found.
findfont: Font family 'Times New Roman' not found.
findfont: Font family 'Times New Roman' not found.
findfont: Font family 'Times New Roman' not found.
findfont: Font family 'Times New Roman' not found.
findfont: Font family 'Times New Roman' not found.
findfont: Font family 'Times New Roman' not found.
findfont: Font family 'Times New Roman' not found.
findfont: Font family 'Times New Roman' not found.
findfont: Font family 'Times New Roman' not found.
findfont: Font family 'Times New Roman' not found.
findfont: Font family 'Times New Roman' not found.
findfont: Font family 'Times New Roman' not found.
findfont: Font family 'Times New Roman' not found.
findfont: Font family 'Times New Roman' not found.
findfont: Font family 'Times New Roman' not found.
findfont: Font family 'Times New Roman' not found.
findfont: Font family 'Times New Roman' not found.
findfont: Font family 'Times New Roman' not found.
findfont: Font family 'Times New Roman' not found.
findfont: Font family 'Times New Roman' not found.
findfont: Font family 'Times New Roman' not found.
findfont: Font family 'Times New Roman' not found.
findfont: Font family 'Times New Roman' not found.
findfont: Font family 'Times New Roman' not found.
findfont: Font family 'Times New Roman' not found.
findfont: Font family 'Times New Roman' not found.
findfont: Font family 'Times New Roman' not found.
findfont: Font family 'Times New Roman' not found.
findfont: Font family 'Times New Roman' not found.
findfont: Font family 'Times New Roman' not found.
findfont: Font family 'Times New Roman' not found.
findfont: Font family 'Times New Roman' not found.
findfont: Font family 'Times New Roman' not found.
findfont: Font family 'Times New Roman' not found.
findfont: Font family 'Times New Roman' not found.
findfont: Font family 'Times New Roman' not found.
findfont: Font family 'Times New Roman' not found.
findfont: Font family 'Times New Roman' not found.
findfont: Font family 'Times New Roman' not found.
findfont: Font family 'Times New Roman' not found.
findfont: Font family 'Times New Roman' not found.
findfont: Font family 'Times New Roman' not found.
findfont: Font family 'Times New Roman' not found.
findfont: Font family 'Times New Roman' not found.
findfont: Font family 'Times New Roman' not found.
findfont: Font family 'Times New Roman' not found.
findfont: Font family 'Times New Roman' not found.
findfont: Font family 'Times New Roman' not found.
findfont: Font family 'Times New Roman' not found.
findfont: Font family 'Times New Roman' not found.
findfont: Font family 'Times New Roman' not found.
findfont: Font family 'Times New Roman' not found.
findfont: Font family 'Times New Roman' not found.
findfont: Font family 'Times New Roman' not found.
findfont: Font family 'Times New Roman' not found.
findfont: Font family 'Times New Roman' not found.
findfont: Font family 'Times New Roman' not found.
findfont: Font family 'Times New Roman' not found.
findfont: Font family 'Times New Roman' not found.
findfont: Font family 'Times New Roman' not found.
findfont: Font family 'Times New Roman' not found.
findfont: Font family 'Times New Roman' not found.
findfont: Font family 'Times New Roman' not found.
findfont: Font family 'Times New Roman' not found.
findfont: Font family 'Times New Roman' not found.
findfont: Font family 'Times New Roman' not found.
findfont: Font family 'Times New Roman' not found.
findfont: Font family 'Times New Roman' not found.
findfont: Font family 'Times New Roman' not found.
findfont: Font family 'Times New Roman' not found.
findfont: Font family 'Times New Roman' not found.
findfont: Font family 'Times New Roman' not found.
findfont: Font family 'Times New Roman' not found.
findfont: Font family 'Times New Roman' not found.
findfont: Font family 'Times New Roman' not found.
findfont: Font family 'Times New Roman' not found.
findfont: Font family 'Times New Roman' not found.
findfont: Font family 'Times New Roman' not found.
findfont: Font family 'Times New Roman' not found.
findfont: Font family 'Times New Roman' not found.
findfont: Font family 'Times New Roman' not found.
findfont: Font family 'Times New Roman' not found.
findfont: Font family 'Times New Roman' not found.
findfont: Font family 'Times New Roman' not found.
findfont: Font family 'Times New Roman' not found.
findfont: Font family 'Times New Roman' not found.
findfont: Font family 'Times New Roman' not found.
findfont: Font family 'Times New Roman' not found.
findfont: Font family 'Times New Roman' not found.
findfont: Font family 'Times New Roman' not found.
findfont: Font family 'Times New Roman' not found.
findfont: Font family 'Times New Roman' not found.
findfont: Font family 'Times New Roman' not found.
findfont: Font family 'Times New Roman' not found.
findfont: Font family 'Times New Roman' not found.
findfont: Font family 'Times New Roman' not found.
findfont: Font family 'Times New Roman' not found.
findfont: Font family 'Times New Roman' not found.
findfont: Font family 'Times New Roman' not found.
findfont: Font family 'Times New Roman' not found.
findfont: Font family 'Times New Roman' not found.
findfont: Font family 'Times New Roman' not found.
findfont: Font family 'Times New Roman' not found.
findfont: Font family 'Times New Roman' not found.
findfont: Font family 'Times New Roman' not found.
findfont: Font family 'Times New Roman' not found.
findfont: Font family 'Times New Roman' not found.
findfont: Font family 'Times New Roman' not found.
findfont: Font family 'Times New Roman' not found.
findfont: Font family 'Times New Roman' not found.
findfont: Font family 'Times New Roman' not found.
findfont: Font family 'Times New Roman' not found.
findfont: Font family 'Times New Roman' not found.
findfont: Font family 'Times New Roman' not found.
findfont: Font family 'Times New Roman' not found.
findfont: Font family 'Times New Roman' not found.
findfont: Font family 'Times New Roman' not found.
findfont: Font family 'Times New Roman' not found.
findfont: Font family 'Times New Roman' not found.
findfont: Font family 'Times New Roman' not found.
findfont: Font family 'Times New Roman' not found.
findfont: Font family 'Times New Roman' not found.
findfont: Font family 'Times New Roman' not found.
findfont: Font family 'Times New Roman' not found.
findfont: Font family 'Times New Roman' not found.
findfont: Font family 'Times New Roman' not found.
findfont: Font family 'Times New Roman' not found.
findfont: Font family 'Times New Roman' not found.
findfont: Font family 'Times New Roman' not found.
findfont: Font family 'Times New Roman' not found.
findfont: Font family 'Times New Roman' not found.
findfont: Font family 'Times New Roman' not found.
findfont: Font family 'Times New Roman' not found.
findfont: Font family 'Times New Roman' not found.
findfont: Font family 'Times New Roman' not found.
findfont: Font family 'Times New Roman' not found.
findfont: Font family 'Times New Roman' not found.
findfont: Font family 'Times New Roman' not found.
findfont: Font family 'Times New Roman' not found.
findfont: Font family 'Times New Roman' not found.
findfont: Font family 'Times New Roman' not found.
findfont: Font family 'Times New Roman' not found.
findfont: Font family 'Times New Roman' not found.
findfont: Font family 'Times New Roman' not found.
findfont: Font family 'Times New Roman' not found.
findfont: Font family 'Times New Roman' not found.
findfont: Font family 'Times New Roman' not found.
findfont: Font family 'Times New Roman' not found.
findfont: Font family 'Times New Roman' not found.
findfont: Font family 'Times New Roman' not found.
findfont: Font family 'Times New Roman' not found.
findfont: Font family 'Times New Roman' not found.
findfont: Font family 'Times New Roman' not found.
findfont: Font family 'Times New Roman' not found.
findfont: Font family 'Times New Roman' not found.
findfont: Font family 'Times New Roman' not found.
findfont: Font family 'Times New Roman' not found.
findfont: Font family 'Times New Roman' not found.
findfont: Font family 'Times New Roman' not found.
findfont: Font family 'Times New Roman' not found.
findfont: Font family 'Times New Roman' not found.
findfont: Font family 'Times New Roman' not found.
findfont: Font family 'Times New Roman' not found.
findfont: Font family 'Times New Roman' not found.
findfont: Font family 'Times New Roman' not found.
findfont: Font family 'Times New Roman' not found.
findfont: Font family 'Times New Roman' not found.
findfont: Font family 'Times New Roman' not found.
findfont: Font family 'Times New Roman' not found.
findfont: Font family 'Times New Roman' not found.
findfont: Font family 'Times New Roman' not found.
findfont: Font family 'Times New Roman' not found.
findfont: Font family 'Times New Roman' not found.
findfont: Font family 'Times New Roman' not found.
findfont: Font family 'Times New Roman' not found.
findfont: Font family 'Times New Roman' not found.
findfont: Font family 'Times New Roman' not found.
findfont: Font family 'Times New Roman' not found.
findfont: Font family 'Times New Roman' not found.
findfont: Font family 'Times New Roman' not found.
findfont: Font family 'Times New Roman' not found.
findfont: Font family 'Times New Roman' not found.
findfont: Font family 'Times New Roman' not found.
findfont: Font family 'Times New Roman' not found.
findfont: Font family 'Times New Roman' not found.
findfont: Font family 'Times New Roman' not found.
findfont: Font family 'Times New Roman' not found.
findfont: Font family 'Times New Roman' not found.
findfont: Font family 'Times New Roman' not found.
findfont: Font family 'Times New Roman' not found.
findfont: Font family 'Times New Roman' not found.
findfont: Font family 'Times New Roman' not found.
findfont: Font family 'Times New Roman' not found.
findfont: Font family 'Times New Roman' not found.
findfont: Font family 'Times New Roman' not found.
findfont: Font family 'Times New Roman' not found.
findfont: Font family 'Times New Roman' not found.
findfont: Font family 'Times New Roman' not found.
findfont: Font family 'Times New Roman' not found.
findfont: Font family 'Times New Roman' not found.
findfont: Font family 'Times New Roman' not found.
findfont: Font family 'Times New Roman' not found.
findfont: Font family 'Times New Roman' not found.
findfont: Font family 'Times New Roman' not found.
findfont: Font family 'Times New Roman' not found.
findfont: Font family 'Times New Roman' not found.
findfont: Font family 'Times New Roman' not found.
findfont: Font family 'Times New Roman' not found.
findfont: Font family 'Times New Roman' not found.
findfont: Font family 'Times New Roman' not found.
findfont: Font family 'Times New Roman' not found.
findfont: Font family 'Times New Roman' not found.
findfont: Font family 'Times New Roman' not found.
findfont: Font family 'Times New Roman' not found.
findfont: Font family 'Times New Roman' not found.
findfont: Font family 'Times New Roman' not found.
findfont: Font family 'Times New Roman' not found.
findfont: Font family 'Times New Roman' not found.
findfont: Font family 'Times New Roman' not found.
findfont: Font family 'Times New Roman' not found.
findfont: Font family 'Times New Roman' not found.
findfont: Font family 'Times New Roman' not found.
findfont: Font family 'Times New Roman' not found.
findfont: Font family 'Times New Roman' not found.
findfont: Font family 'Times New Roman' not found.
findfont: Font family 'Times New Roman' not found.
findfont: Font family 'Times New Roman' not found.
findfont: Font family 'Times New Roman' not found.
findfont: Font family 'Times New Roman' not found.
findfont: Font family 'Times New Roman' not found.
findfont: Font family 'Times New Roman' not found.
findfont: Font family 'Times New Roman' not found.
findfont: Font family 'Times New Roman' not found.
findfont: Font family 'Times New Roman' not found.
findfont: Font family 'Times New Roman' not found.
findfont: Font family 'Times New Roman' not found.
findfont: Font family 'Times New Roman' not found.
findfont: Font family 'Times New Roman' not found.
findfont: Font family 'Times New Roman' not found.
findfont: Font family 'Times New Roman' not found.
findfont: Font family 'Times New Roman' not found.
findfont: Font family 'Times New Roman' not found.
findfont: Font family 'Times New Roman' not found.
findfont: Font family 'Times New Roman' not found.
findfont: Font family 'Times New Roman' not found.
findfont: Font family 'Times New Roman' not found.
findfont: Font family 'Times New Roman' not found.
findfont: Font family 'Times New Roman' not found.
findfont: Font family 'Times New Roman' not found.
findfont: Font family 'Times New Roman' not found.
findfont: Font family 'Times New Roman' not found.
findfont: Font family 'Times New Roman' not found.
findfont: Font family 'Times New Roman' not found.
findfont: Font family 'Times New Roman' not found.
findfont: Font family 'Times New Roman' not found.
findfont: Font family 'Times New Roman' not found.
findfont: Font family 'Times New Roman' not found.
findfont: Font family 'Times New Roman' not found.
findfont: Font family 'Times New Roman' not found.
findfont: Font family 'Times New Roman' not found.
findfont: Font family 'Times New Roman' not found.
findfont: Font family 'Times New Roman' not found.
findfont: Font family 'Times New Roman' not found.
findfont: Font family 'Times New Roman' not found.
findfont: Font family 'Times New Roman' not found.
findfont: Font family 'Times New Roman' not found.
findfont: Font family 'Times New Roman' not found.
findfont: Font family 'Times New Roman' not found.
findfont: Font family 'Times New Roman' not found.
findfont: Font family 'Times New Roman' not found.
findfont: Font family 'Times New Roman' not found.
findfont: Font family 'Times New Roman' not found.
findfont: Font family 'Times New Roman' not found.
findfont: Font family 'Times New Roman' not found.
findfont: Font family 'Times New Roman' not found.
findfont: Font family 'Times New Roman' not found.
findfont: Font family 'Times New Roman' not found.
findfont: Font family 'Times New Roman' not found.
findfont: Font family 'Times New Roman' not found.
findfont: Font family 'Times New Roman' not found.
findfont: Font family 'Times New Roman' not found.
findfont: Font family 'Times New Roman' not found.
findfont: Font family 'Times New Roman' not found.
findfont: Font family 'Times New Roman' not found.
findfont: Font family 'Times New Roman' not found.
findfont: Font family 'Times New Roman' not found.
findfont: Font family 'Times New Roman' not found.
findfont: Font family 'Times New Roman' not found.
findfont: Font family 'Times New Roman' not found.
findfont: Font family 'Times New Roman' not found.
findfont: Font family 'Times New Roman' not found.
findfont: Font family 'Times New Roman' not found.
findfont: Font family 'Times New Roman' not found.
findfont: Font family 'Times New Roman' not found.
findfont: Font family 'Times New Roman' not found.
findfont: Font family 'Times New Roman' not found.
findfont: Font family 'Times New Roman' not found.
findfont: Font family 'Times New Roman' not found.
findfont: Font family 'Times New Roman' not found.
findfont: Font family 'Times New Roman' not found.
findfont: Font family 'Times New Roman' not found.
findfont: Font family 'Times New Roman' not found.
findfont: Font family 'Times New Roman' not found.
findfont: Font family 'Times New Roman' not found.
findfont: Font family 'Times New Roman' not found.
findfont: Font family 'Times New Roman' not found.
findfont: Font family 'Times New Roman' not found.
findfont: Font family 'Times New Roman' not found.
findfont: Font family 'Times New Roman' not found.
findfont: Font family 'Times New Roman' not found.
findfont: Font family 'Times New Roman' not found.
findfont: Font family 'Times New Roman' not found.
findfont: Font family 'Times New Roman' not found.
findfont: Font family 'Times New Roman' not found.
findfont: Font family 'Times New Roman' not found.
findfont: Font family 'Times New Roman' not found.
findfont: Font family 'Times New Roman' not found.
findfont: Font family 'Times New Roman' not found.
findfont: Font family 'Times New Roman' not found.
findfont: Font family 'Times New Roman' not found.
findfont: Font family 'Times New Roman' not found.
findfont: Font family 'Times New Roman' not found.
findfont: Font family 'Times New Roman' not found.
findfont: Font family 'Times New Roman' not found.
findfont: Font family 'Times New Roman' not found.
findfont: Font family 'Times New Roman' not found.
findfont: Font family 'Times New Roman' not found.
findfont: Font family 'Times New Roman' not found.
findfont: Font family 'Times New Roman' not found.
findfont: Font family 'Times New Roman' not found.
findfont: Font family 'Times New Roman' not found.
findfont: Font family 'Times New Roman' not found.
findfont: Font family 'Times New Roman' not found.
findfont: Font family 'Times New Roman' not found.
findfont: Font family 'Times New Roman' not found.
findfont: Font family 'Times New Roman' not found.
findfont: Font family 'Times New Roman' not found.
findfont: Font family 'Times New Roman' not found.
findfont: Font family 'Times New Roman' not found.
findfont: Font family 'Times New Roman' not found.
findfont: Font family 'Times New Roman' not found.
findfont: Font family 'Times New Roman' not found.
findfont: Font family 'Times New Roman' not found.
findfont: Font family 'Times New Roman' not found.
findfont: Font family 'Times New Roman' not found.
findfont: Font family 'Times New Roman' not found.
findfont: Font family 'Times New Roman' not found.
findfont: Font family 'Times New Roman' not found.
findfont: Font family 'Times New Roman' not found.
findfont: Font family 'Times New Roman' not found.
findfont: Font family 'Times New Roman' not found.
findfont: Font family 'Times New Roman' not found.
findfont: Font family 'Times New Roman' not found.
findfont: Font family 'Times New Roman' not found.
findfont: Font family 'Times New Roman' not found.
findfont: Font family 'Times New Roman' not found.
findfont: Font family 'Times New Roman' not found.
findfont: Font family 'Times New Roman' not found.
findfont: Font family 'Times New Roman' not found.
findfont: Font family 'Times New Roman' not found.
findfont: Font family 'Times New Roman' not found.
findfont: Font family 'Times New Roman' not found.
findfont: Font family 'Times New Roman' not found.
findfont: Font family 'Times New Roman' not found.
findfont: Font family 'Times New Roman' not found.
findfont: Font family 'Times New Roman' not found.
findfont: Font family 'Times New Roman' not found.
findfont: Font family 'Times New Roman' not found.
findfont: Font family 'Times New Roman' not found.
findfont: Font family 'Times New Roman' not found.
findfont: Font family 'Times New Roman' not found.
findfont: Font family 'Times New Roman' not found.
findfont: Font family 'Times New Roman' not found.
findfont: Font family 'Times New Roman' not found.
findfont: Font family 'Times New Roman' not found.
findfont: Font family 'Times New Roman' not found.
findfont: Font family 'Times New Roman' not found.
findfont: Font family 'Times New Roman' not found.
findfont: Font family 'Times New Roman' not found.
findfont: Font family 'Times New Roman' not found.
findfont: Font family 'Times New Roman' not found.
findfont: Font family 'Times New Roman' not found.
findfont: Font family 'Times New Roman' not found.
findfont: Font family 'Times New Roman' not found.
findfont: Font family 'Times New Roman' not found.
findfont: Font family 'Times New Roman' not found.
findfont: Font family 'Times New Roman' not found.
findfont: Font family 'Times New Roman' not found.
findfont: Font family 'Times New Roman' not found.
findfont: Font family 'Times New Roman' not found.
findfont: Font family 'Times New Roman' not found.
findfont: Font family 'Times New Roman' not found.
findfont: Font family 'Times New Roman' not found.
findfont: Font family 'Times New Roman' not found.
findfont: Font family 'Times New Roman' not found.
findfont: Font family 'Times New Roman' not found.
findfont: Font family 'Times New Roman' not found.
findfont: Font family 'Times New Roman' not found.
findfont: Font family 'Times New Roman' not found.
findfont: Font family 'Times New Roman' not found.
findfont: Font family 'Times New Roman' not found.
findfont: Font family 'Times New Roman' not found.
findfont: Font family 'Times New Roman' not found.
findfont: Font family 'Times New Roman' not found.
findfont: Font family 'Times New Roman' not found.
findfont: Font family 'Times New Roman' not found.
findfont: Font family 'Times New Roman' not found.
findfont: Font family 'Times New Roman' not found.
findfont: Font family 'Times New Roman' not found.
findfont: Font family 'Times New Roman' not found.
findfont: Font family 'Times New Roman' not found.
findfont: Font family 'Times New Roman' not found.
findfont: Font family 'Times New Roman' not found.
findfont: Font family 'Times New Roman' not found.
findfont: Font family 'Times New Roman' not found.
findfont: Font family 'Times New Roman' not found.
findfont: Font family 'Times New Roman' not found.
findfont: Font family 'Times New Roman' not found.
findfont: Font family 'Times New Roman' not found.
findfont: Font family 'Times New Roman' not found.
findfont: Font family 'Times New Roman' not found.
findfont: Font family 'Times New Roman' not found.
findfont: Font family 'Times New Roman' not found.
findfont: Font family 'Times New Roman' not found.
findfont: Font family 'Times New Roman' not found.
findfont: Font family 'Times New Roman' not found.
findfont: Font family 'Times New Roman' not found.
findfont: Font family 'Times New Roman' not found.
findfont: Font family 'Times New Roman' not found.
findfont: Font family 'Times New Roman' not found.
findfont: Font family 'Times New Roman' not found.
findfont: Font family 'Times New Roman' not found.
findfont: Font family 'Times New Roman' not found.
findfont: Font family 'Times New Roman' not found.
findfont: Font family 'Times New Roman' not found.
findfont: Font family 'Times New Roman' not found.
findfont: Font family 'Times New Roman' not found.
findfont: Font family 'Times New Roman' not found.
findfont: Font family 'Times New Roman' not found.
findfont: Font family 'Times New Roman' not found.
findfont: Font family 'Times New Roman' not found.
findfont: Font family 'Times New Roman' not found.
findfont: Font family 'Times New Roman' not found.
findfont: Font family 'Times New Roman' not found.
findfont: Font family 'Times New Roman' not found.
findfont: Font family 'Times New Roman' not found.
findfont: Font family 'Times New Roman' not found.
findfont: Font family 'Times New Roman' not found.
findfont: Font family 'Times New Roman' not found.
findfont: Font family 'Times New Roman' not found.
findfont: Font family 'Times New Roman' not found.
findfont: Font family 'Times New Roman' not found.
findfont: Font family 'Times New Roman' not found.
findfont: Font family 'Times New Roman' not found.
findfont: Font family 'Times New Roman' not found.
findfont: Font family 'Times New Roman' not found.
findfont: Font family 'Times New Roman' not found.
findfont: Font family 'Times New Roman' not found.
findfont: Font family 'Times New Roman' not found.
findfont: Font family 'Times New Roman' not found.
findfont: Font family 'Times New Roman' not found.
findfont: Font family 'Times New Roman' not found.
findfont: Font family 'Times New Roman' not found.
findfont: Font family 'Times New Roman' not found.
findfont: Font family 'Times New Roman' not found.
findfont: Font family 'Times New Roman' not found.
findfont: Font family 'Times New Roman' not found.
findfont: Font family 'Times New Roman' not found.
findfont: Font family 'Times New Roman' not found.
findfont: Font family 'Times New Roman' not found.
findfont: Font family 'Times New Roman' not found.
findfont: Font family 'Times New Roman' not found.
findfont: Font family 'Times New Roman' not found.
findfont: Font family 'Times New Roman' not found.
findfont: Font family 'Times New Roman' not found.
findfont: Font family 'Times New Roman' not found.
findfont: Font family 'Times New Roman' not found.
findfont: Font family 'Times New Roman' not found.
findfont: Font family 'Times New Roman' not found.
findfont: Font family 'Times New Roman' not found.
findfont: Font family 'Times New Roman' not found.
findfont: Font family 'Times New Roman' not found.
findfont: Font family 'Times New Roman' not found.
findfont: Font family 'Times New Roman' not found.
findfont: Font family 'Times New Roman' not found.
findfont: Font family 'Times New Roman' not found.
findfont: Font family 'Times New Roman' not found.
findfont: Font family 'Times New Roman' not found.
findfont: Font family 'Times New Roman' not found.
findfont: Font family 'Times New Roman' not found.
findfont: Font family 'Times New Roman' not found.
findfont: Font family 'Times New Roman' not found.
findfont: Font family 'Times New Roman' not found.
findfont: Font family 'Times New Roman' not found.
findfont: Font family 'Times New Roman' not found.
findfont: Font family 'Times New Roman' not found.
findfont: Font family 'Times New Roman' not found.
findfont: Font family 'Times New Roman' not found.
findfont: Font family 'Times New Roman' not found.
findfont: Font family 'Times New Roman' not found.
findfont: Font family 'Times New Roman' not found.
findfont: Font family 'Times New Roman' not found.
findfont: Font family 'Times New Roman' not found.
findfont: Font family 'Times New Roman' not found.
findfont: Font family 'Times New Roman' not found.
findfont: Font family 'Times New Roman' not found.
findfont: Font family 'Times New Roman' not found.
findfont: Font family 'Times New Roman' not found.
findfont: Font family 'Times New Roman' not found.
findfont: Font family 'Times New Roman' not found.
findfont: Font family 'Times New Roman' not found.
findfont: Font family 'Times New Roman' not found.
findfont: Font family 'Times New Roman' not found.
findfont: Font family 'Times New Roman' not found.
findfont: Font family 'Times New Roman' not found.
findfont: Font family 'Times New Roman' not found.
findfont: Font family 'Times New Roman' not found.
findfont: Font family 'Times New Roman' not found.
findfont: Font family 'Times New Roman' not found.
findfont: Font family 'Times New Roman' not found.
findfont: Font family 'Times New Roman' not found.
findfont: Font family 'Times New Roman' not found.
findfont: Font family 'Times New Roman' not found.
findfont: Font family 'Times New Roman' not found.
findfont: Font family 'Times New Roman' not found.
findfont: Font family 'Times New Roman' not found.
findfont: Font family 'Times New Roman' not found.
findfont: Font family 'Times New Roman' not found.
findfont: Font family 'Times New Roman' not found.
findfont: Font family 'Times New Roman' not found.
findfont: Font family 'Times New Roman' not found.
findfont: Font family 'Times New Roman' not found.
findfont: Font family 'Times New Roman' not found.
findfont: Font family 'Times New Roman' not found.
findfont: Font family 'Times New Roman' not found.
findfont: Font family 'Times New Roman' not found.
findfont: Font family 'Times New Roman' not found.
findfont: Font family 'Times New Roman' not found.
findfont: Font family 'Times New Roman' not found.
findfont: Font family 'Times New Roman' not found.
findfont: Font family 'Times New Roman' not found.
findfont: Font family 'Times New Roman' not found.
findfont: Font family 'Times New Roman' not found.
findfont: Font family 'Times New Roman' not found.
findfont: Font family 'Times New Roman' not found.
findfont: Font family 'Times New Roman' not found.
findfont: Font family 'Times New Roman' not found.
findfont: Font family 'Times New Roman' not found.
findfont: Font family 'Times New Roman' not found.
findfont: Font family 'Times New Roman' not found.
findfont: Font family 'Times New Roman' not found.
findfont: Font family 'Times New Roman' not found.
findfont: Font family 'Times New Roman' not found.
findfont: Font family 'Times New Roman' not found.
findfont: Font family 'Times New Roman' not found.
findfont: Font family 'Times New Roman' not found.
findfont: Font family 'Times New Roman' not found.
findfont: Font family 'Times New Roman' not found.
findfont: Font family 'Times New Roman' not found.
findfont: Font family 'Times New Roman' not found.
findfont: Font family 'Times New Roman' not found.
findfont: Font family 'Times New Roman' not found.
findfont: Font family 'Times New Roman' not found.
findfont: Font family 'Times New Roman' not found.
findfont: Font family 'Times New Roman' not found.
findfont: Font family 'Times New Roman' not found.
findfont: Font family 'Times New Roman' not found.
findfont: Font family 'Times New Roman' not found.
findfont: Font family 'Times New Roman' not found.
findfont: Font family 'Times New Roman' not found.
findfont: Font family 'Times New Roman' not found.
findfont: Font family 'Times New Roman' not found.
findfont: Font family 'Times New Roman' not found.
findfont: Font family 'Times New Roman' not found.
findfont: Font family 'Times New Roman' not found.
findfont: Font family 'Times New Roman' not found.
findfont: Font family 'Times New Roman' not found.
findfont: Font family 'Times New Roman' not found.
findfont: Font family 'Times New Roman' not found.
findfont: Font family 'Times New Roman' not found.
findfont: Font family 'Times New Roman' not found.
findfont: Font family 'Times New Roman' not found.
findfont: Font family 'Times New Roman' not found.
findfont: Font family 'Times New Roman' not found.
findfont: Font family 'Times New Roman' not found.
findfont: Font family 'Times New Roman' not found.
findfont: Font family 'Times New Roman' not found.
findfont: Font family 'Times New Roman' not found.
findfont: Font family 'Times New Roman' not found.
findfont: Font family 'Times New Roman' not found.
findfont: Font family 'Times New Roman' not found.
findfont: Font family 'Times New Roman' not found.
findfont: Font family 'Times New Roman' not found.
findfont: Font family 'Times New Roman' not found.
findfont: Font family 'Times New Roman' not found.
findfont: Font family 'Times New Roman' not found.
findfont: Font family 'Times New Roman' not found.
findfont: Font family 'Times New Roman' not found.
findfont: Font family 'Times New Roman' not found.
findfont: Font family 'Times New Roman' not found.
findfont: Font family 'Times New Roman' not found.
findfont: Font family 'Times New Roman' not found.
findfont: Font family 'Times New Roman' not found.
findfont: Font family 'Times New Roman' not found.
findfont: Font family 'Times New Roman' not found.
findfont: Font family 'Times New Roman' not found.
findfont: Font family 'Times New Roman' not found.
findfont: Font family 'Times New Roman' not found.
findfont: Font family 'Times New Roman' not found.
findfont: Font family 'Times New Roman' not found.
findfont: Font family 'Times New Roman' not found.
findfont: Font family 'Times New Roman' not found.
findfont: Font family 'Times New Roman' not found.
findfont: Font family 'Times New Roman' not found.
findfont: Font family 'Times New Roman' not found.
findfont: Font family 'Times New Roman' not found.
findfont: Font family 'Times New Roman' not found.
findfont: Font family 'Times New Roman' not found.
findfont: Font family 'Times New Roman' not found.
findfont: Font family 'Times New Roman' not found.
findfont: Font family 'Times New Roman' not found.
findfont: Font family 'Times New Roman' not found.
findfont: Font family 'Times New Roman' not found.
findfont: Font family 'Times New Roman' not found.
findfont: Font family 'Times New Roman' not found.
findfont: Font family 'Times New Roman' not found.
findfont: Font family 'Times New Roman' not found.
findfont: Font family 'Times New Roman' not found.
findfont: Font family 'Times New Roman' not found.
findfont: Font family 'Times New Roman' not found.
findfont: Font family 'Times New Roman' not found.
findfont: Font family 'Times New Roman' not found.
findfont: Font family 'Times New Roman' not found.
findfont: Font family 'Times New Roman' not found.
findfont: Font family 'Times New Roman' not found.
findfont: Font family 'Times New Roman' not found.
findfont: Font family 'Times New Roman' not found.
findfont: Font family 'Times New Roman' not found.
findfont: Font family 'Times New Roman' not found.
findfont: Font family 'Times New Roman' not found.
findfont: Font family 'Times New Roman' not found.
findfont: Font family 'Times New Roman' not found.
findfont: Font family 'Times New Roman' not found.
findfont: Font family 'Times New Roman' not found.
findfont: Font family 'Times New Roman' not found.
findfont: Font family 'Times New Roman' not found.
findfont: Font family 'Times New Roman' not found.
findfont: Font family 'Times New Roman' not found.
findfont: Font family 'Times New Roman' not found.
findfont: Font family 'Times New Roman' not found.
findfont: Font family 'Times New Roman' not found.
findfont: Font family 'Times New Roman' not found.
findfont: Font family 'Times New Roman' not found.
findfont: Font family 'Times New Roman' not found.
findfont: Font family 'Times New Roman' not found.
findfont: Font family 'Times New Roman' not found.
findfont: Font family 'Times New Roman' not found.
findfont: Font family 'Times New Roman' not found.
findfont: Font family 'Times New Roman' not found.
findfont: Font family 'Times New Roman' not found.
findfont: Font family 'Times New Roman' not found.
findfont: Font family 'Times New Roman' not found.
findfont: Font family 'Times New Roman' not found.
findfont: Font family 'Times New Roman' not found.
findfont: Font family 'Times New Roman' not found.
findfont: Font family 'Times New Roman' not found.
findfont: Font family 'Times New Roman' not found.
findfont: Font family 'Times New Roman' not found.
findfont: Font family 'Times New Roman' not found.
findfont: Font family 'Times New Roman' not found.
findfont: Font family 'Times New Roman' not found.
findfont: Font family 'Times New Roman' not found.
findfont: Font family 'Times New Roman' not found.
findfont: Font family 'Times New Roman' not found.
findfont: Font family 'Times New Roman' not found.
findfont: Font family 'Times New Roman' not found.
findfont: Font family 'Times New Roman' not found.
findfont: Font family 'Times New Roman' not found.
findfont: Font family 'Times New Roman' not found.
findfont: Font family 'Times New Roman' not found.
findfont: Font family 'Times New Roman' not found.
findfont: Font family 'Times New Roman' not found.
findfont: Font family 'Times New Roman' not found.
findfont: Font family 'Times New Roman' not found.
findfont: Font family 'Times New Roman' not found.
findfont: Font family 'Times New Roman' not found.
findfont: Font family 'Times New Roman' not found.
findfont: Font family 'Times New Roman' not found.
findfont: Font family 'Times New Roman' not found.
findfont: Font family 'Times New Roman' not found.
findfont: Font family 'Times New Roman' not found.
findfont: Font family 'Times New Roman' not found.
findfont: Font family 'Times New Roman' not found.
findfont: Font family 'Times New Roman' not found.
findfont: Font family 'Times New Roman' not found.
findfont: Font family 'Times New Roman' not found.
findfont: Font family 'Times New Roman' not found.
findfont: Font family 'Times New Roman' not found.
findfont: Font family 'Times New Roman' not found.
findfont: Font family 'Times New Roman' not found.
findfont: Font family 'Times New Roman' not found.
findfont: Font family 'Times New Roman' not found.
findfont: Font family 'Times New Roman' not found.
findfont: Font family 'Times New Roman' not found.
findfont: Font family 'Times New Roman' not found.
findfont: Font family 'Times New Roman' not found.
findfont: Font family 'Times New Roman' not found.
findfont: Font family 'Times New Roman' not found.
findfont: Font family 'Times New Roman' not found.
findfont: Font family 'Times New Roman' not found.
findfont: Font family 'Times New Roman' not found.
findfont: Font family 'Times New Roman' not found.
findfont: Font family 'Times New Roman' not found.
findfont: Font family 'Times New Roman' not found.
findfont: Font family 'Times New Roman' not found.
findfont: Font family 'Times New Roman' not found.
findfont: Font family 'Times New Roman' not found.
findfont: Font family 'Times New Roman' not found.
findfont: Font family 'Times New Roman' not found.
findfont: Font family 'Times New Roman' not found.
findfont: Font family 'Times New Roman' not found.
findfont: Font family 'Times New Roman' not found.
findfont: Font family 'Times New Roman' not found.
findfont: Font family 'Times New Roman' not found.
findfont: Font family 'Times New Roman' not found.
findfont: Font family 'Times New Roman' not found.
findfont: Font family 'Times New Roman' not found.
findfont: Font family 'Times New Roman' not found.
findfont: Font family 'Times New Roman' not found.
findfont: Font family 'Times New Roman' not found.
findfont: Font family 'Times New Roman' not found.
findfont: Font family 'Times New Roman' not found.
findfont: Font family 'Times New Roman' not found.
findfont: Font family 'Times New Roman' not found.
findfont: Font family 'Times New Roman' not found.
findfont: Font family 'Times New Roman' not found.
findfont: Font family 'Times New Roman' not found.
findfont: Font family 'Times New Roman' not found.
findfont: Font family 'Times New Roman' not found.
findfont: Font family 'Times New Roman' not found.
findfont: Font family 'Times New Roman' not found.
findfont: Font family 'Times New Roman' not found.
findfont: Font family 'Times New Roman' not found.
findfont: Font family 'Times New Roman' not found.
findfont: Font family 'Times New Roman' not found.
findfont: Font family 'Times New Roman' not found.
findfont: Font family 'Times New Roman' not found.
findfont: Font family 'Times New Roman' not found.
findfont: Font family 'Times New Roman' not found.
findfont: Font family 'Times New Roman' not found.
findfont: Font family 'Times New Roman' not found.
findfont: Font family 'Times New Roman' not found.
findfont: Font family 'Times New Roman' not found.
findfont: Font family 'Times New Roman' not found.
findfont: Font family 'Times New Roman' not found.
findfont: Font family 'Times New Roman' not found.
findfont: Font family 'Times New Roman' not found.
findfont: Font family 'Times New Roman' not found.
findfont: Font family 'Times New Roman' not found.
findfont: Font family 'Times New Roman' not found.
findfont: Font family 'Times New Roman' not found.
findfont: Font family 'Times New Roman' not found.
findfont: Font family 'Times New Roman' not found.
findfont: Font family 'Times New Roman' not found.
findfont: Font family 'Times New Roman' not found.
findfont: Font family 'Times New Roman' not found.
findfont: Font family 'Times New Roman' not found.
findfont: Font family 'Times New Roman' not found.
findfont: Font family 'Times New Roman' not found.
findfont: Font family 'Times New Roman' not found.
findfont: Font family 'Times New Roman' not found.
findfont: Font family 'Times New Roman' not found.
findfont: Font family 'Times New Roman' not found.
findfont: Font family 'Times New Roman' not found.
findfont: Font family 'Times New Roman' not found.
findfont: Font family 'Times New Roman' not found.
findfont: Font family 'Times New Roman' not found.
findfont: Font family 'Times New Roman' not found.
findfont: Font family 'Times New Roman' not found.
findfont: Font family 'Times New Roman' not found.
findfont: Font family 'Times New Roman' not found.
findfont: Font family 'Times New Roman' not found.
findfont: Font family 'Times New Roman' not found.
findfont: Font family 'Times New Roman' not found.
findfont: Font family 'Times New Roman' not found.
findfont: Font family 'Times New Roman' not found.
findfont: Font family 'Times New Roman' not found.
findfont: Font family 'Times New Roman' not found.
findfont: Font family 'Times New Roman' not found.
findfont: Font family 'Times New Roman' not found.
findfont: Font family 'Times New Roman' not found.
findfont: Font family 'Times New Roman' not found.
findfont: Font family 'Times New Roman' not found.
findfont: Font family 'Times New Roman' not found.
findfont: Font family 'Times New Roman' not found.
findfont: Font family 'Times New Roman' not found.
findfont: Font family 'Times New Roman' not found.
findfont: Font family 'Times New Roman' not found.
findfont: Font family 'Times New Roman' not found.
findfont: Font family 'Times New Roman' not found.
findfont: Font family 'Times New Roman' not found.
findfont: Font family 'Times New Roman' not found.
findfont: Font family 'Times New Roman' not found.
findfont: Font family 'Times New Roman' not found.
findfont: Font family 'Times New Roman' not found.
findfont: Font family 'Times New Roman' not found.
findfont: Font family 'Times New Roman' not found.
findfont: Font family 'Times New Roman' not found.
findfont: Font family 'Times New Roman' not found.
findfont: Font family 'Times New Roman' not found.
findfont: Font family 'Times New Roman' not found.
findfont: Font family 'Times New Roman' not found.
findfont: Font family 'Times New Roman' not found.
findfont: Font family 'Times New Roman' not found.
findfont: Font family 'Times New Roman' not found.
findfont: Font family 'Times New Roman' not found.
findfont: Font family 'Times New Roman' not found.
findfont: Font family 'Times New Roman' not found.
findfont: Font family 'Times New Roman' not found.
findfont: Font family 'Times New Roman' not found.
findfont: Font family 'Times New Roman' not found.
findfont: Font family 'Times New Roman' not found.
findfont: Font family 'Times New Roman' not found.
findfont: Font family 'Times New Roman' not found.
findfont: Font family 'Times New Roman' not found.
findfont: Font family 'Times New Roman' not found.
findfont: Font family 'Times New Roman' not found.
findfont: Font family 'Times New Roman' not found.
findfont: Font family 'Times New Roman' not found.
findfont: Font family 'Times New Roman' not found.
findfont: Font family 'Times New Roman' not found.
findfont: Font family 'Times New Roman' not found.
findfont: Font family 'Times New Roman' not found.
findfont: Font family 'Times New Roman' not found.
findfont: Font family 'Times New Roman' not found.
findfont: Font family 'Times New Roman' not found.
findfont: Font family 'Times New Roman' not found.
findfont: Font family 'Times New Roman' not found.
findfont: Font family 'Times New Roman' not found.
findfont: Font family 'Times New Roman' not found.
findfont: Font family 'Times New Roman' not found.
findfont: Font family 'Times New Roman' not found.
findfont: Font family 'Times New Roman' not found.
findfont: Font family 'Times New Roman' not found.
findfont: Font family 'Times New Roman' not found.
findfont: Font family 'Times New Roman' not found.
findfont: Font family 'Times New Roman' not found.
findfont: Font family 'Times New Roman' not found.
findfont: Font family 'Times New Roman' not found.
findfont: Font family 'Times New Roman' not found.
findfont: Font family 'Times New Roman' not found.
findfont: Font family 'Times New Roman' not found.
findfont: Font family 'Times New Roman' not found.
findfont: Font family 'Times New Roman' not found.
findfont: Font family 'Times New Roman' not found.
findfont: Font family 'Times New Roman' not found.
findfont: Font family 'Times New Roman' not found.
findfont: Font family 'Times New Roman' not found.
findfont: Font family 'Times New Roman' not found.
findfont: Font family 'Times New Roman' not found.
findfont: Font family 'Times New Roman' not found.
findfont: Font family 'Times New Roman' not found.
findfont: Font family 'Times New Roman' not found.
findfont: Font family 'Times New Roman' not found.
findfont: Font family 'Times New Roman' not found.
findfont: Font family 'Times New Roman' not found.
findfont: Font family 'Times New Roman' not found.
findfont: Font family 'Times New Roman' not found.
findfont: Font family 'Times New Roman' not found.
findfont: Font family 'Times New Roman' not found.
findfont: Font family 'Times New Roman' not found.
findfont: Font family 'Times New Roman' not found.
findfont: Font family 'Times New Roman' not found.
findfont: Font family 'Times New Roman' not found.
findfont: Font family 'Times New Roman' not found.
findfont: Font family 'Times New Roman' not found.
findfont: Font family 'Times New Roman' not found.
findfont: Font family 'Times New Roman' not found.
findfont: Font family 'Times New Roman' not found.
findfont: Font family 'Times New Roman' not found.
findfont: Font family 'Times New Roman' not found.
findfont: Font family 'Times New Roman' not found.
findfont: Font family 'Times New Roman' not found.
findfont: Font family 'Times New Roman' not found.
findfont: Font family 'Times New Roman' not found.
findfont: Font family 'Times New Roman' not found.
findfont: Font family 'Times New Roman' not found.
findfont: Font family 'Times New Roman' not found.
findfont: Font family 'Times New Roman' not found.
findfont: Font family 'Times New Roman' not found.
findfont: Font family 'Times New Roman' not found.
findfont: Font family 'Times New Roman' not found.
findfont: Font family 'Times New Roman' not found.
findfont: Font family 'Times New Roman' not found.
findfont: Font family 'Times New Roman' not found.
findfont: Font family 'Times New Roman' not found.
findfont: Font family 'Times New Roman' not found.
findfont: Font family 'Times New Roman' not found.
findfont: Font family 'Times New Roman' not found.
findfont: Font family 'Times New Roman' not found.
findfont: Font family 'Times New Roman' not found.
findfont: Font family 'Times New Roman' not found.
findfont: Font family 'Times New Roman' not found.
findfont: Font family 'Times New Roman' not found.
findfont: Font family 'Times New Roman' not found.
findfont: Font family 'Times New Roman' not found.
findfont: Font family 'Times New Roman' not found.
findfont: Font family 'Times New Roman' not found.
findfont: Font family 'Times New Roman' not found.
findfont: Font family 'Times New Roman' not found.
findfont: Font family 'Times New Roman' not found.
findfont: Font family 'Times New Roman' not found.
findfont: Font family 'Times New Roman' not found.
findfont: Font family 'Times New Roman' not found.
findfont: Font family 'Times New Roman' not found.
findfont: Font family 'Times New Roman' not found.
findfont: Font family 'Times New Roman' not found.
findfont: Font family 'Times New Roman' not found.
findfont: Font family 'Times New Roman' not found.
findfont: Font family 'Times New Roman' not found.
findfont: Font family 'Times New Roman' not found.
findfont: Font family 'Times New Roman' not found.
findfont: Font family 'Times New Roman' not found.
findfont: Font family 'Times New Roman' not found.
findfont: Font family 'Times New Roman' not found.
findfont: Font family 'Times New Roman' not found.
findfont: Font family 'Times New Roman' not found.
findfont: Font family 'Times New Roman' not found.
findfont: Font family 'Times New Roman' not found.
findfont: Font family 'Times New Roman' not found.
findfont: Font family 'Times New Roman' not found.
findfont: Font family 'Times New Roman' not found.
findfont: Font family 'Times New Roman' not found.
findfont: Font family 'Times New Roman' not found.
findfont: Font family 'Times New Roman' not found.
findfont: Font family 'Times New Roman' not found.
findfont: Font family 'Times New Roman' not found.
findfont: Font family 'Times New Roman' not found.
findfont: Font family 'Times New Roman' not found.
findfont: Font family 'Times New Roman' not found.
findfont: Font family 'Times New Roman' not found.
findfont: Font family 'Times New Roman' not found.
findfont: Font family 'Times New Roman' not found.
findfont: Font family 'Times New Roman' not found.
findfont: Font family 'Times New Roman' not found.
findfont: Font family 'Times New Roman' not found.
findfont: Font family 'Times New Roman' not found.
findfont: Font family 'Times New Roman' not found.
findfont: Font family 'Times New Roman' not found.
findfont: Font family 'Times New Roman' not found.
findfont: Font family 'Times New Roman' not found.
findfont: Font family 'Times New Roman' not found.
findfont: Font family 'Times New Roman' not found.
findfont: Font family 'Times New Roman' not found.
findfont: Font family 'Times New Roman' not found.
findfont: Font family 'Times New Roman' not found.
findfont: Font family 'Times New Roman' not found.
findfont: Font family 'Times New Roman' not found.
findfont: Font family 'Times New Roman' not found.
findfont: Font family 'Times New Roman' not found.
findfont: Font family 'Times New Roman' not found.
findfont: Font family 'Times New Roman' not found.
findfont: Font family 'Times New Roman' not found.
findfont: Font family 'Times New Roman' not found.
findfont: Font family 'Times New Roman' not found.
findfont: Font family 'Times New Roman' not found.
findfont: Font family 'Times New Roman' not found.
findfont: Font family 'Times New Roman' not found.
findfont: Font family 'Times New Roman' not found.
findfont: Font family 'Times New Roman' not found.
findfont: Font family 'Times New Roman' not found.
findfont: Font family 'Times New Roman' not found.
findfont: Font family 'Times New Roman' not found.
findfont: Font family 'Times New Roman' not found.
findfont: Font family 'Times New Roman' not found.
findfont: Font family 'Times New Roman' not found.
findfont: Font family 'Times New Roman' not found.
findfont: Font family 'Times New Roman' not found.
findfont: Font family 'Times New Roman' not found.
findfont: Font family 'Times New Roman' not found.
findfont: Font family 'Times New Roman' not found.
findfont: Font family 'Times New Roman' not found.
findfont: Font family 'Times New Roman' not found.
findfont: Font family 'Times New Roman' not found.
findfont: Font family 'Times New Roman' not found.
findfont: Font family 'Times New Roman' not found.
findfont: Font family 'Times New Roman' not found.
findfont: Font family 'Times New Roman' not found.
findfont: Font family 'Times New Roman' not found.
findfont: Font family 'Times New Roman' not found.
findfont: Font family 'Times New Roman' not found.
findfont: Font family 'Times New Roman' not found.
findfont: Font family 'Times New Roman' not found.
findfont: Font family 'Times New Roman' not found.
findfont: Font family 'Times New Roman' not found.
findfont: Font family 'Times New Roman' not found.
findfont: Font family 'Times New Roman' not found.
findfont: Font family 'Times New Roman' not found.
findfont: Font family 'Times New Roman' not found.
findfont: Font family 'Times New Roman' not found.
findfont: Font family 'Times New Roman' not found.
findfont: Font family 'Times New Roman' not found.
findfont: Font family 'Times New Roman' not found.
findfont: Font family 'Times New Roman' not found.
findfont: Font family 'Times New Roman' not found.
findfont: Font family 'Times New Roman' not found.
findfont: Font family 'Times New Roman' not found.
findfont: Font family 'Times New Roman' not found.
findfont: Font family 'Times New Roman' not found.
findfont: Font family 'Times New Roman' not found.
findfont: Font family 'Times New Roman' not found.
findfont: Font family 'Times New Roman' not found.
findfont: Font family 'Times New Roman' not found.
findfont: Font family 'Times New Roman' not found.
findfont: Font family 'Times New Roman' not found.
findfont: Font family 'Times New Roman' not found.
findfont: Font family 'Times New Roman' not found.
findfont: Font family 'Times New Roman' not found.
findfont: Font family 'Times New Roman' not found.
findfont: Font family 'Times New Roman' not found.
findfont: Font family 'Times New Roman' not found.
findfont: Font family 'Times New Roman' not found.
findfont: Font family 'Times New Roman' not found.
findfont: Font family 'Times New Roman' not found.
findfont: Font family 'Times New Roman' not found.
findfont: Font family 'Times New Roman' not found.
findfont: Font family 'Times New Roman' not found.
findfont: Font family 'Times New Roman' not found.
findfont: Font family 'Times New Roman' not found.
findfont: Font family 'Times New Roman' not found.
findfont: Font family 'Times New Roman' not found.
findfont: Font family 'Times New Roman' not found.
findfont: Font family 'Times New Roman' not found.
findfont: Font family 'Times New Roman' not found.
findfont: Font family 'Times New Roman' not found.
findfont: Font family 'Times New Roman' not found.
findfont: Font family 'Times New Roman' not found.
findfont: Font family 'Times New Roman' not found.
findfont: Font family 'Times New Roman' not found.
findfont: Font family 'Times New Roman' not found.
findfont: Font family 'Times New Roman' not found.
findfont: Font family 'Times New Roman' not found.
findfont: Font family 'Times New Roman' not found.
findfont: Font family 'Times New Roman' not found.
findfont: Font family 'Times New Roman' not found.
findfont: Font family 'Times New Roman' not found.
findfont: Font family 'Times New Roman' not found.
findfont: Font family 'Times New Roman' not found.
findfont: Font family 'Times New Roman' not found.
findfont: Font family 'Times New Roman' not found.
findfont: Font family 'Times New Roman' not found.
findfont: Font family 'Times New Roman' not found.
findfont: Font family 'Times New Roman' not found.
findfont: Font family 'Times New Roman' not found.
findfont: Font family 'Times New Roman' not found.
findfont: Font family 'Times New Roman' not found.
findfont: Font family 'Times New Roman' not found.
findfont: Font family 'Times New Roman' not found.
findfont: Font family 'Times New Roman' not found.
findfont: Font family 'Times New Roman' not found.
findfont: Font family 'Times New Roman' not found.
findfont: Font family 'Times New Roman' not found.
findfont: Font family 'Times New Roman' not found.
findfont: Font family 'Times New Roman' not found.
findfont: Font family 'Times New Roman' not found.
findfont: Font family 'Times New Roman' not found.
findfont: Font family 'Times New Roman' not found.
findfont: Font family 'Times New Roman' not found.
findfont: Font family 'Times New Roman' not found.
findfont: Font family 'Times New Roman' not found.
findfont: Font family 'Times New Roman' not found.
findfont: Font family 'Times New Roman' not found.
findfont: Font family 'Times New Roman' not found.
findfont: Font family 'Times New Roman' not found.
findfont: Font family 'Times New Roman' not found.
findfont: Font family 'Times New Roman' not found.
findfont: Font family 'Times New Roman' not found.
findfont: Font family 'Times New Roman' not found.
findfont: Font family 'Times New Roman' not found.
findfont: Font family 'Times New Roman' not found.
findfont: Font family 'Times New Roman' not found.
findfont: Font family 'Times New Roman' not found.
findfont: Font family 'Times New Roman' not found.
findfont: Font family 'Times New Roman' not found.
findfont: Font family 'Times New Roman' not found.
findfont: Font family 'Times New Roman' not found.
findfont: Font family 'Times New Roman' not found.
findfont: Font family 'Times New Roman' not found.
findfont: Font family 'Times New Roman' not found.
findfont: Font family 'Times New Roman' not found.
findfont: Font family 'Times New Roman' not found.
findfont: Font family 'Times New Roman' not found.
findfont: Font family 'Times New Roman' not found.
findfont: Font family 'Times New Roman' not found.
findfont: Font family 'Times New Roman' not found.
findfont: Font family 'Times New Roman' not found.
findfont: Font family 'Times New Roman' not found.
findfont: Font family 'Times New Roman' not found.
findfont: Font family 'Times New Roman' not found.
findfont: Font family 'Times New Roman' not found.
findfont: Font family 'Times New Roman' not found.
findfont: Font family 'Times New Roman' not found.
findfont: Font family 'Times New Roman' not found.
findfont: Font family 'Times New Roman' not found.
findfont: Font family 'Times New Roman' not found.
findfont: Font family 'Times New Roman' not found.
findfont: Font family 'Times New Roman' not found.
findfont: Font family 'Times New Roman' not found.
findfont: Font family 'Times New Roman' not found.
findfont: Font family 'Times New Roman' not found.
findfont: Font family 'Times New Roman' not found.
findfont: Font family 'Times New Roman' not found.
findfont: Font family 'Times New Roman' not found.
findfont: Font family 'Times New Roman' not found.
findfont: Font family 'Times New Roman' not found.
findfont: Font family 'Times New Roman' not found.
findfont: Font family 'Times New Roman' not found.
findfont: Font family 'Times New Roman' not found.
findfont: Font family 'Times New Roman' not found.
findfont: Font family 'Times New Roman' not found.
findfont: Font family 'Times New Roman' not found.
findfont: Font family 'Times New Roman' not found.
findfont: Font family 'Times New Roman' not found.
findfont: Font family 'Times New Roman' not found.
findfont: Font family 'Times New Roman' not found.
findfont: Font family 'Times New Roman' not found.
findfont: Font family 'Times New Roman' not found.
findfont: Font family 'Times New Roman' not found.
findfont: Font family 'Times New Roman' not found.
findfont: Font family 'Times New Roman' not found.
findfont: Font family 'Times New Roman' not found.
findfont: Font family 'Times New Roman' not found.
findfont: Font family 'Times New Roman' not found.
findfont: Font family 'Times New Roman' not found.
findfont: Font family 'Times New Roman' not found.
findfont: Font family 'Times New Roman' not found.
findfont: Font family 'Times New Roman' not found.
findfont: Font family 'Times New Roman' not found.
findfont: Font family 'Times New Roman' not found.
findfont: Font family 'Times New Roman' not found.
findfont: Font family 'Times New Roman' not found.
findfont: Font family 'Times New Roman' not found.
findfont: Font family 'Times New Roman' not found.
findfont: Font family 'Times New Roman' not found.
findfont: Font family 'Times New Roman' not found.
findfont: Font family 'Times New Roman' not found.
findfont: Font family 'Times New Roman' not found.
findfont: Font family 'Times New Roman' not found.
findfont: Font family 'Times New Roman' not found.
findfont: Font family 'Times New Roman' not found.
findfont: Font family 'Times New Roman' not found.
findfont: Font family 'Times New Roman' not found.
findfont: Font family 'Times New Roman' not found.
findfont: Font family 'Times New Roman' not found.
findfont: Font family 'Times New Roman' not found.
findfont: Font family 'Times New Roman' not found.
findfont: Font family 'Times New Roman' not found.
findfont: Font family 'Times New Roman' not found.
findfont: Font family 'Times New Roman' not found.
findfont: Font family 'Times New Roman' not found.
findfont: Font family 'Times New Roman' not found.
findfont: Font family 'Times New Roman' not found.
findfont: Font family 'Times New Roman' not found.
findfont: Font family 'Times New Roman' not found.
findfont: Font family 'Times New Roman' not found.
findfont: Font family 'Times New Roman' not found.
findfont: Font family 'Times New Roman' not found.
findfont: Font family 'Times New Roman' not found.
findfont: Font family 'Times New Roman' not found.
findfont: Font family 'Times New Roman' not found.
findfont: Font family 'Times New Roman' not found.
findfont: Font family 'Times New Roman' not found.
findfont: Font family 'Times New Roman' not found.
findfont: Font family 'Times New Roman' not found.
findfont: Font family 'Times New Roman' not found.
findfont: Font family 'Times New Roman' not found.
findfont: Font family 'Times New Roman' not found.
findfont: Font family 'Times New Roman' not found.
findfont: Font family 'Times New Roman' not found.
findfont: Font family 'Times New Roman' not found.
findfont: Font family 'Times New Roman' not found.
findfont: Font family 'Times New Roman' not found.
findfont: Font family 'Times New Roman' not found.
findfont: Font family 'Times New Roman' not found.
findfont: Font family 'Times New Roman' not found.
findfont: Font family 'Times New Roman' not found.
findfont: Font family 'Times New Roman' not found.
findfont: Font family 'Times New Roman' not found.
findfont: Font family 'Times New Roman' not found.
findfont: Font family 'Times New Roman' not found.
findfont: Font family 'Times New Roman' not found.
findfont: Font family 'Times New Roman' not found.
findfont: Font family 'Times New Roman' not found.
findfont: Font family 'Times New Roman' not found.
findfont: Font family 'Times New Roman' not found.
findfont: Font family 'Times New Roman' not found.
findfont: Font family 'Times New Roman' not found.
findfont: Font family 'Times New Roman' not found.
findfont: Font family 'Times New Roman' not found.
findfont: Font family 'Times New Roman' not found.
findfont: Font family 'Times New Roman' not found.
findfont: Font family 'Times New Roman' not found.
findfont: Font family 'Times New Roman' not found.
findfont: Font family 'Times New Roman' not found.
findfont: Font family 'Times New Roman' not found.
findfont: Font family 'Times New Roman' not found.
findfont: Font family 'Times New Roman' not found.
findfont: Font family 'Times New Roman' not found.
findfont: Font family 'Times New Roman' not found.
findfont: Font family 'Times New Roman' not found.
findfont: Font family 'Times New Roman' not found.
findfont: Font family 'Times New Roman' not found.
findfont: Font family 'Times New Roman' not found.
findfont: Font family 'Times New Roman' not found.
findfont: Font family 'Times New Roman' not found.
findfont: Font family 'Times New Roman' not found.
findfont: Font family 'Times New Roman' not found.
findfont: Font family 'Times New Roman' not found.
findfont: Font family 'Times New Roman' not found.
findfont: Font family 'Times New Roman' not found.
findfont: Font family 'Times New Roman' not found.
findfont: Font family 'Times New Roman' not found.
findfont: Font family 'Times New Roman' not found.
findfont: Font family 'Times New Roman' not found.
findfont: Font family 'Times New Roman' not found.
findfont: Font family 'Times New Roman' not found.
findfont: Font family 'Times New Roman' not found.
findfont: Font family 'Times New Roman' not found.
findfont: Font family 'Times New Roman' not found.
findfont: Font family 'Times New Roman' not found.
findfont: Font family 'Times New Roman' not found.
findfont: Font family 'Times New Roman' not found.
findfont: Font family 'Times New Roman' not found.
findfont: Font family 'Times New Roman' not found.
findfont: Font family 'Times New Roman' not found.
findfont: Font family 'Times New Roman' not found.
findfont: Font family 'Times New Roman' not found.
findfont: Font family 'Times New Roman' not found.
findfont: Font family 'Times New Roman' not found.
findfont: Font family 'Times New Roman' not found.
findfont: Font family 'Times New Roman' not found.
findfont: Font family 'Times New Roman' not found.
findfont: Font family 'Times New Roman' not found.
findfont: Font family 'Times New Roman' not found.
findfont: Font family 'Times New Roman' not found.
findfont: Font family 'Times New Roman' not found.
findfont: Font family 'Times New Roman' not found.
findfont: Font family 'Times New Roman' not found.
findfont: Font family 'Times New Roman' not found.
findfont: Font family 'Times New Roman' not found.
findfont: Font family 'Times New Roman' not found.
findfont: Font family 'Times New Roman' not found.
findfont: Font family 'Times New Roman' not found.
findfont: Font family 'Times New Roman' not found.
findfont: Font family 'Times New Roman' not found.
findfont: Font family 'Times New Roman' not found.
findfont: Font family 'Times New Roman' not found.
findfont: Font family 'Times New Roman' not found.
findfont: Font family 'Times New Roman' not found.
findfont: Font family 'Times New Roman' not found.
findfont: Font family 'Times New Roman' not found.
findfont: Font family 'Times New Roman' not found.
findfont: Font family 'Times New Roman' not found.
findfont: Font family 'Times New Roman' not found.
findfont: Font family 'Times New Roman' not found.
findfont: Font family 'Times New Roman' not found.
findfont: Font family 'Times New Roman' not found.
findfont: Font family 'Times New Roman' not found.
findfont: Font family 'Times New Roman' not found.
findfont: Font family 'Times New Roman' not found.
findfont: Font family 'Times New Roman' not found.
findfont: Font family 'Times New Roman' not found.
findfont: Font family 'Times New Roman' not found.
findfont: Font family 'Times New Roman' not found.
findfont: Font family 'Times New Roman' not found.
findfont: Font family 'Times New Roman' not found.
findfont: Font family 'Times New Roman' not found.
findfont: Font family 'Times New Roman' not found.
findfont: Font family 'Times New Roman' not found.
findfont: Font family 'Times New Roman' not found.
findfont: Font family 'Times New Roman' not found.
findfont: Font family 'Times New Roman' not found.
findfont: Font family 'Times New Roman' not found.
findfont: Font family 'Times New Roman' not found.
findfont: Font family 'Times New Roman' not found.
findfont: Font family 'Times New Roman' not found.
findfont: Font family 'Times New Roman' not found.
findfont: Font family 'Times New Roman' not found.
findfont: Font family 'Times New Roman' not found.
findfont: Font family 'Times New Roman' not found.
findfont: Font family 'Times New Roman' not found.
findfont: Font family 'Times New Roman' not found.
findfont: Font family 'Times New Roman' not found.
findfont: Font family 'Times New Roman' not found.
findfont: Font family 'Times New Roman' not found.
findfont: Font family 'Times New Roman' not found.
findfont: Font family 'Times New Roman' not found.
findfont: Font family 'Times New Roman' not found.
findfont: Font family 'Times New Roman' not found.
findfont: Font family 'Times New Roman' not found.
findfont: Font family 'Times New Roman' not found.
findfont: Font family 'Times New Roman' not found.
findfont: Font family 'Times New Roman' not found.
findfont: Font family 'Times New Roman' not found.
findfont: Font family 'Times New Roman' not found.
findfont: Font family 'Times New Roman' not found.
findfont: Font family 'Times New Roman' not found.
findfont: Font family 'Times New Roman' not found.
findfont: Font family 'Times New Roman' not found.
findfont: Font family 'Times New Roman' not found.
findfont: Font family 'Times New Roman' not found.
findfont: Font family 'Times New Roman' not found.
findfont: Font family 'Times New Roman' not found.
findfont: Font family 'Times New Roman' not found.
findfont: Font family 'Times New Roman' not found.
findfont: Font family 'Times New Roman' not found.
findfont: Font family 'Times New Roman' not found.
findfont: Font family 'Times New Roman' not found.
findfont: Font family 'Times New Roman' not found.
findfont: Font family 'Times New Roman' not found.
findfont: Font family 'Times New Roman' not found.
findfont: Font family 'Times New Roman' not found.
findfont: Font family 'Times New Roman' not found.
findfont: Font family 'Times New Roman' not found.
findfont: Font family 'Times New Roman' not found.
findfont: Font family 'Times New Roman' not found.
findfont: Font family 'Times New Roman' not found.
findfont: Font family 'Times New Roman' not found.
findfont: Font family 'Times New Roman' not found.
findfont: Font family 'Times New Roman' not found.
findfont: Font family 'Times New Roman' not found.
findfont: Font family 'Times New Roman' not found.
findfont: Font family 'Times New Roman' not found.
findfont: Font family 'Times New Roman' not found.
findfont: Font family 'Times New Roman' not found.
findfont: Font family 'Times New Roman' not found.
findfont: Font family 'Times New Roman' not found.
findfont: Font family 'Times New Roman' not found.
findfont: Font family 'Times New Roman' not found.
findfont: Font family 'Times New Roman' not found.
findfont: Font family 'Times New Roman' not found.
findfont: Font family 'Times New Roman' not found.
findfont: Font family 'Times New Roman' not found.
findfont: Font family 'Times New Roman' not found.
findfont: Font family 'Times New Roman' not found.
findfont: Font family 'Times New Roman' not found.
findfont: Font family 'Times New Roman' not found.
findfont: Font family 'Times New Roman' not found.
findfont: Font family 'Times New Roman' not found.
findfont: Font family 'Times New Roman' not found.
findfont: Font family 'Times New Roman' not found.
findfont: Font family 'Times New Roman' not found.
findfont: Font family 'Times New Roman' not found.
findfont: Font family 'Times New Roman' not found.
findfont: Font family 'Times New Roman' not found.
findfont: Font family 'Times New Roman' not found.
findfont: Font family 'Times New Roman' not found.
findfont: Font family 'Times New Roman' not found.
findfont: Font family 'Times New Roman' not found.
findfont: Font family 'Times New Roman' not found.
findfont: Font family 'Times New Roman' not found.
findfont: Font family 'Times New Roman' not found.
findfont: Font family 'Times New Roman' not found.
findfont: Font family 'Times New Roman' not found.
findfont: Font family 'Times New Roman' not found.
findfont: Font family 'Times New Roman' not found.
findfont: Font family 'Times New Roman' not found.
findfont: Font family 'Times New Roman' not found.
findfont: Font family 'Times New Roman' not found.
findfont: Font family 'Times New Roman' not found.
findfont: Font family 'Times New Roman' not found.
findfont: Font family 'Times New Roman' not found.
findfont: Font family 'Times New Roman' not found.
findfont: Font family 'Times New Roman' not found.
findfont: Font family 'Times New Roman' not found.
findfont: Font family 'Times New Roman' not found.
findfont: Font family 'Times New Roman' not found.
findfont: Font family 'Times New Roman' not found.
findfont: Font family 'Times New Roman' not found.
findfont: Font family 'Times New Roman' not found.
findfont: Font family 'Times New Roman' not found.
findfont: Font family 'Times New Roman' not found.
findfont: Font family 'Times New Roman' not found.
findfont: Font family 'Times New Roman' not found.
findfont: Font family 'Times New Roman' not found.
findfont: Font family 'Times New Roman' not found.
findfont: Font family 'Times New Roman' not found.
findfont: Font family 'Times New Roman' not found.
findfont: Font family 'Times New Roman' not found.
findfont: Font family 'Times New Roman' not found.
findfont: Font family 'Times New Roman' not found.
findfont: Font family 'Times New Roman' not found.
findfont: Font family 'Times New Roman' not found.
findfont: Font family 'Times New Roman' not found.
findfont: Font family 'Times New Roman' not found.
findfont: Font family 'Times New Roman' not found.
findfont: Font family 'Times New Roman' not found.
findfont: Font family 'Times New Roman' not found.
findfont: Font family 'Times New Roman' not found.
findfont: Font family 'Times New Roman' not found.
findfont: Font family 'Times New Roman' not found.
findfont: Font family 'Times New Roman' not found.
findfont: Font family 'Times New Roman' not found.
findfont: Font family 'Times New Roman' not found.
findfont: Font family 'Times New Roman' not found.
findfont: Font family 'Times New Roman' not found.
findfont: Font family 'Times New Roman' not found.
findfont: Font family 'Times New Roman' not found.
findfont: Font family 'Times New Roman' not found.
findfont: Font family 'Times New Roman' not found.
findfont: Font family 'Times New Roman' not found.
findfont: Font family 'Times New Roman' not found.
findfont: Font family 'Times New Roman' not found.
findfont: Font family 'Times New Roman' not found.
findfont: Font family 'Times New Roman' not found.
findfont: Font family 'Times New Roman' not found.
findfont: Font family 'Times New Roman' not found.
findfont: Font family 'Times New Roman' not found.
findfont: Font family 'Times New Roman' not found.
findfont: Font family 'Times New Roman' not found.
findfont: Font family 'Times New Roman' not found.
findfont: Font family 'Times New Roman' not found.
findfont: Font family 'Times New Roman' not found.
findfont: Font family 'Times New Roman' not found.
findfont: Font family 'Times New Roman' not found.
findfont: Font family 'Times New Roman' not found.
findfont: Font family 'Times New Roman' not found.
findfont: Font family 'Times New Roman' not found.
findfont: Font family 'Times New Roman' not found.
findfont: Font family 'Times New Roman' not found.
findfont: Font family 'Times New Roman' not found.
findfont: Font family 'Times New Roman' not found.
findfont: Font family 'Times New Roman' not found.
findfont: Font family 'Times New Roman' not found.
findfont: Font family 'Times New Roman' not found.
findfont: Font family 'Times New Roman' not found.
findfont: Font family 'Times New Roman' not found.
findfont: Font family 'Times New Roman' not found.
findfont: Font family 'Times New Roman' not found.
findfont: Font family 'Times New Roman' not found.
findfont: Font family 'Times New Roman' not found.
findfont: Font family 'Times New Roman' not found.
findfont: Font family 'Times New Roman' not found.
findfont: Font family 'Times New Roman' not found.
findfont: Font family 'Times New Roman' not found.
findfont: Font family 'Times New Roman' not found.
findfont: Font family 'Times New Roman' not found.
findfont: Font family 'Times New Roman' not found.
findfont: Font family 'Times New Roman' not found.
findfont: Font family 'Times New Roman' not found.
findfont: Font family 'Times New Roman' not found.
findfont: Font family 'Times New Roman' not found.
findfont: Font family 'Times New Roman' not found.
findfont: Font family 'Times New Roman' not found.
findfont: Font family 'Times New Roman' not found.
findfont: Font family 'Times New Roman' not found.
findfont: Font family 'Times New Roman' not found.
findfont: Font family 'Times New Roman' not found.
findfont: Font family 'Times New Roman' not found.
findfont: Font family 'Times New Roman' not found.
findfont: Font family 'Times New Roman' not found.
findfont: Font family 'Times New Roman' not found.
findfont: Font family 'Times New Roman' not found.
findfont: Font family 'Times New Roman' not found.
findfont: Font family 'Times New Roman' not found.
findfont: Font family 'Times New Roman' not found.
findfont: Font family 'Times New Roman' not found.
findfont: Font family 'Times New Roman' not found.
findfont: Font family 'Times New Roman' not found.
findfont: Font family 'Times New Roman' not found.
findfont: Font family 'Times New Roman' not found.
findfont: Font family 'Times New Roman' not found.
findfont: Font family 'Times New Roman' not found.
findfont: Font family 'Times New Roman' not found.
findfont: Font family 'Times New Roman' not found.
findfont: Font family 'Times New Roman' not found.
findfont: Font family 'Times New Roman' not found.
findfont: Font family 'Times New Roman' not found.
findfont: Font family 'Times New Roman' not found.
findfont: Font family 'Times New Roman' not found.
findfont: Font family 'Times New Roman' not found.
findfont: Font family 'Times New Roman' not found.
findfont: Font family 'Times New Roman' not found.
findfont: Font family 'Times New Roman' not found.
findfont: Font family 'Times New Roman' not found.
findfont: Font family 'Times New Roman' not found.
findfont: Font family 'Times New Roman' not found.
findfont: Font family 'Times New Roman' not found.
findfont: Font family 'Times New Roman' not found.
findfont: Font family 'Times New Roman' not found.
findfont: Font family 'Times New Roman' not found.
findfont: Font family 'Times New Roman' not found.
findfont: Font family 'Times New Roman' not found.
findfont: Font family 'Times New Roman' not found.
findfont: Font family 'Times New Roman' not found.
findfont: Font family 'Times New Roman' not found.
findfont: Font family 'Times New Roman' not found.
findfont: Font family 'Times New Roman' not found.
findfont: Font family 'Times New Roman' not found.
findfont: Font family 'Times New Roman' not found.
findfont: Font family 'Times New Roman' not found.
findfont: Font family 'Times New Roman' not found.
findfont: Font family 'Times New Roman' not found.
findfont: Font family 'Times New Roman' not found.
findfont: Font family 'Times New Roman' not found.
findfont: Font family 'Times New Roman' not found.
findfont: Font family 'Times New Roman' not found.
findfont: Font family 'Times New Roman' not found.
findfont: Font family 'Times New Roman' not found.
findfont: Font family 'Times New Roman' not found.
findfont: Font family 'Times New Roman' not found.
findfont: Font family 'Times New Roman' not found.
findfont: Font family 'Times New Roman' not found.
findfont: Font family 'Times New Roman' not found.
findfont: Font family 'Times New Roman' not found.
findfont: Font family 'Times New Roman' not found.
findfont: Font family 'Times New Roman' not found.
findfont: Font family 'Times New Roman' not found.
findfont: Font family 'Times New Roman' not found.
findfont: Font family 'Times New Roman' not found.
findfont: Font family 'Times New Roman' not found.
findfont: Font family 'Times New Roman' not found.
findfont: Font family 'Times New Roman' not found.
findfont: Font family 'Times New Roman' not found.
findfont: Font family 'Times New Roman' not found.
findfont: Font family 'Times New Roman' not found.
findfont: Font family 'Times New Roman' not found.
findfont: Font family 'Times New Roman' not found.
findfont: Font family 'Times New Roman' not found.
findfont: Font family 'Times New Roman' not found.
findfont: Font family 'Times New Roman' not found.
findfont: Font family 'Times New Roman' not found.
findfont: Font family 'Times New Roman' not found.
findfont: Font family 'Times New Roman' not found.
findfont: Font family 'Times New Roman' not found.
findfont: Font family 'Times New Roman' not found.
findfont: Font family 'Times New Roman' not found.
findfont: Font family 'Times New Roman' not found.
findfont: Font family 'Times New Roman' not found.
findfont: Font family 'Times New Roman' not found.
findfont: Font family 'Times New Roman' not found.
findfont: Font family 'Times New Roman' not found.
findfont: Font family 'Times New Roman' not found.
findfont: Font family 'Times New Roman' not found.
findfont: Font family 'Times New Roman' not found.
findfont: Font family 'Times New Roman' not found.
findfont: Font family 'Times New Roman' not found.
findfont: Font family 'Times New Roman' not found.
findfont: Font family 'Times New Roman' not found.
findfont: Font family 'Times New Roman' not found.
findfont: Font family 'Times New Roman' not found.
findfont: Font family 'Times New Roman' not found.
findfont: Font family 'Times New Roman' not found.
findfont: Font family 'Times New Roman' not found.
findfont: Font family 'Times New Roman' not found.
findfont: Font family 'Times New Roman' not found.
findfont: Font family 'Times New Roman' not found.
findfont: Font family 'Times New Roman' not found.
findfont: Font family 'Times New Roman' not found.
findfont: Font family 'Times New Roman' not found.
findfont: Font family 'Times New Roman' not found.
findfont: Font family 'Times New Roman' not found.
findfont: Font family 'Times New Roman' not found.
findfont: Font family 'Times New Roman' not found.
findfont: Font family 'Times New Roman' not found.
findfont: Font family 'Times New Roman' not found.
findfont: Font family 'Times New Roman' not found.
findfont: Font family 'Times New Roman' not found.
findfont: Font family 'Times New Roman' not found.
findfont: Font family 'Times New Roman' not found.
findfont: Font family 'Times New Roman' not found.
findfont: Font family 'Times New Roman' not found.
findfont: Font family 'Times New Roman' not found.
findfont: Font family 'Times New Roman' not found.
findfont: Font family 'Times New Roman' not found.
findfont: Font family 'Times New Roman' not found.
findfont: Font family 'Times New Roman' not found.
findfont: Font family 'Times New Roman' not found.
findfont: Font family 'Times New Roman' not found.
findfont: Font family 'Times New Roman' not found.
findfont: Font family 'Times New Roman' not found.
findfont: Font family 'Times New Roman' not found.
findfont: Font family 'Times New Roman' not found.
findfont: Font family 'Times New Roman' not found.
findfont: Font family 'Times New Roman' not found.
findfont: Font family 'Times New Roman' not found.
findfont: Font family 'Times New Roman' not found.
findfont: Font family 'Times New Roman' not found.
findfont: Font family 'Times New Roman' not found.
findfont: Font family 'Times New Roman' not found.
findfont: Font family 'Times New Roman' not found.
findfont: Font family 'Times New Roman' not found.
findfont: Font family 'Times New Roman' not found.
findfont: Font family 'Times New Roman' not found.
findfont: Font family 'Times New Roman' not found.
findfont: Font family 'Times New Roman' not found.
findfont: Font family 'Times New Roman' not found.
findfont: Font family 'Times New Roman' not found.
findfont: Font family 'Times New Roman' not found.
findfont: Font family 'Times New Roman' not found.
findfont: Font family 'Times New Roman' not found.
findfont: Font family 'Times New Roman' not found.
findfont: Font family 'Times New Roman' not found.
findfont: Font family 'Times New Roman' not found.
findfont: Font family 'Times New Roman' not found.
findfont: Font family 'Times New Roman' not found.
findfont: Font family 'Times New Roman' not found.
findfont: Font family 'Times New Roman' not found.
findfont: Font family 'Times New Roman' not found.
findfont: Font family 'Times New Roman' not found.
findfont: Font family 'Times New Roman' not found.
findfont: Font family 'Times New Roman' not found.
findfont: Font family 'Times New Roman' not found.
findfont: Font family 'Times New Roman' not found.
findfont: Font family 'Times New Roman' not found.
findfont: Font family 'Times New Roman' not found.
findfont: Font family 'Times New Roman' not found.
findfont: Font family 'Times New Roman' not found.
findfont: Font family 'Times New Roman' not found.
findfont: Font family 'Times New Roman' not found.
findfont: Font family 'Times New Roman' not found.
findfont: Font family 'Times New Roman' not found.
findfont: Font family 'Times New Roman' not found.
findfont: Font family 'Times New Roman' not found.
findfont: Font family 'Times New Roman' not found.
findfont: Font family 'Times New Roman' not found.
findfont: Font family 'Times New Roman' not found.
findfont: Font family 'Times New Roman' not found.
findfont: Font family 'Times New Roman' not found.
findfont: Font family 'Times New Roman' not found.
findfont: Font family 'Times New Roman' not found.
findfont: Font family 'Times New Roman' not found.
findfont: Font family 'Times New Roman' not found.
findfont: Font family 'Times New Roman' not found.
findfont: Font family 'Times New Roman' not found.
findfont: Font family 'Times New Roman' not found.
findfont: Font family 'Times New Roman' not found.
findfont: Font family 'Times New Roman' not found.
findfont: Font family 'Times New Roman' not found.
findfont: Font family 'Times New Roman' not found.
findfont: Font family 'Times New Roman' not found.
findfont: Font family 'Times New Roman' not found.
findfont: Font family 'Times New Roman' not found.
findfont: Font family 'Times New Roman' not found.
findfont: Font family 'Times New Roman' not found.
findfont: Font family 'Times New Roman' not found.
findfont: Font family 'Times New Roman' not found.
findfont: Font family 'Times New Roman' not found.
findfont: Font family 'Times New Roman' not found.
findfont: Font family 'Times New Roman' not found.
findfont: Font family 'Times New Roman' not found.
findfont: Font family 'Times New Roman' not found.
findfont: Font family 'Times New Roman' not found.
findfont: Font family 'Times New Roman' not found.
findfont: Font family 'Times New Roman' not found.
findfont: Font family 'Times New Roman' not found.
findfont: Font family 'Times New Roman' not found.
findfont: Font family 'Times New Roman' not found.
findfont: Font family 'Times New Roman' not found.
findfont: Font family 'Times New Roman' not found.
findfont: Font family 'Times New Roman' not found.
findfont: Font family 'Times New Roman' not found.
findfont: Font family 'Times New Roman' not found.
findfont: Font family 'Times New Roman' not found.
findfont: Font family 'Times New Roman' not found.
findfont: Font family 'Times New Roman' not found.
findfont: Font family 'Times New Roman' not found.
findfont: Font family 'Times New Roman' not found.
findfont: Font family 'Times New Roman' not found.
findfont: Font family 'Times New Roman' not found.
findfont: Font family 'Times New Roman' not found.
findfont: Font family 'Times New Roman' not found.
findfont: Font family 'Times New Roman' not found.
findfont: Font family 'Times New Roman' not found.
findfont: Font family 'Times New Roman' not found.
findfont: Font family 'Times New Roman' not found.
findfont: Font family 'Times New Roman' not found.
findfont: Font family 'Times New Roman' not found.
findfont: Font family 'Times New Roman' not found.
findfont: Font family 'Times New Roman' not found.
findfont: Font family 'Times New Roman' not found.
findfont: Font family 'Times New Roman' not found.
findfont: Font family 'Times New Roman' not found.
findfont: Font family 'Times New Roman' not found.
findfont: Font family 'Times New Roman' not found.
findfont: Font family 'Times New Roman' not found.
findfont: Font family 'Times New Roman' not found.
findfont: Font family 'Times New Roman' not found.
findfont: Font family 'Times New Roman' not found.
findfont: Font family 'Times New Roman' not found.
findfont: Font family 'Times New Roman' not found.
findfont: Font family 'Times New Roman' not found.
findfont: Font family 'Times New Roman' not found.
findfont: Font family 'Times New Roman' not found.
findfont: Font family 'Times New Roman' not found.
findfont: Font family 'Times New Roman' not found.
findfont: Font family 'Times New Roman' not found.
findfont: Font family 'Times New Roman' not found.
findfont: Font family 'Times New Roman' not found.
findfont: Font family 'Times New Roman' not found.
findfont: Font family 'Times New Roman' not found.
findfont: Font family 'Times New Roman' not found.
findfont: Font family 'Times New Roman' not found.
findfont: Font family 'Times New Roman' not found.
findfont: Font family 'Times New Roman' not found.
findfont: Font family 'Times New Roman' not found.
findfont: Font family 'Times New Roman' not found.
findfont: Font family 'Times New Roman' not found.
findfont: Font family 'Times New Roman' not found.
findfont: Font family 'Times New Roman' not found.
findfont: Font family 'Times New Roman' not found.
findfont: Font family 'Times New Roman' not found.
findfont: Font family 'Times New Roman' not found.
findfont: Font family 'Times New Roman' not found.
findfont: Font family 'Times New Roman' not found.
findfont: Font family 'Times New Roman' not found.
findfont: Font family 'Times New Roman' not found.
findfont: Font family 'Times New Roman' not found.
findfont: Font family 'Times New Roman' not found.
findfont: Font family 'Times New Roman' not found.
findfont: Font family 'Times New Roman' not found.
findfont: Font family 'Times New Roman' not found.
findfont: Font family 'Times New Roman' not found.
findfont: Font family 'Times New Roman' not found.
findfont: Font family 'Times New Roman' not found.
findfont: Font family 'Times New Roman' not found.
findfont: Font family 'Times New Roman' not found.
findfont: Font family 'Times New Roman' not found.
findfont: Font family 'Times New Roman' not found.
findfont: Font family 'Times New Roman' not found.
findfont: Font family 'Times New Roman' not found.
findfont: Font family 'Times New Roman' not found.
findfont: Font family 'Times New Roman' not found.
findfont: Font family 'Times New Roman' not found.
findfont: Font family 'Times New Roman' not found.
findfont: Font family 'Times New Roman' not found.
findfont: Font family 'Times New Roman' not found.
findfont: Font family 'Times New Roman' not found.
findfont: Font family 'Times New Roman' not found.
findfont: Font family 'Times New Roman' not found.
findfont: Font family 'Times New Roman' not found.
findfont: Font family 'Times New Roman' not found.
findfont: Font family 'Times New Roman' not found.
findfont: Font family 'Times New Roman' not found.
findfont: Font family 'Times New Roman' not found.
findfont: Font family 'Times New Roman' not found.
findfont: Font family 'Times New Roman' not found.
findfont: Font family 'Times New Roman' not found.
findfont: Font family 'Times New Roman' not found.
findfont: Font family 'Times New Roman' not found.
findfont: Font family 'Times New Roman' not found.
findfont: Font family 'Times New Roman' not found.
findfont: Font family 'Times New Roman' not found.
findfont: Font family 'Times New Roman' not found.
findfont: Font family 'Times New Roman' not found.
findfont: Font family 'Times New Roman' not found.
findfont: Font family 'Times New Roman' not found.
findfont: Font family 'Times New Roman' not found.
findfont: Font family 'Times New Roman' not found.
findfont: Font family 'Times New Roman' not found.
findfont: Font family 'Times New Roman' not found.
findfont: Font family 'Times New Roman' not found.
findfont: Font family 'Times New Roman' not found.
findfont: Font family 'Times New Roman' not found.
findfont: Font family 'Times New Roman' not found.
findfont: Font family 'Times New Roman' not found.
findfont: Font family 'Times New Roman' not found.
findfont: Font family 'Times New Roman' not found.
findfont: Font family 'Times New Roman' not found.
findfont: Font family 'Times New Roman' not found.
findfont: Font family 'Times New Roman' not found.
findfont: Font family 'Times New Roman' not found.
findfont: Font family 'Times New Roman' not found.
findfont: Font family 'Times New Roman' not found.
findfont: Font family 'Times New Roman' not found.
findfont: Font family 'Times New Roman' not found.
findfont: Font family 'Times New Roman' not found.
findfont: Font family 'Times New Roman' not found.
findfont: Font family 'Times New Roman' not found.
findfont: Font family 'Times New Roman' not found.
findfont: Font family 'Times New Roman' not found.
findfont: Font family 'Times New Roman' not found.
findfont: Font family 'Times New Roman' not found.
findfont: Font family 'Times New Roman' not found.
findfont: Font family 'Times New Roman' not found.
findfont: Font family 'Times New Roman' not found.
findfont: Font family 'Times New Roman' not found.
findfont: Font family 'Times New Roman' not found.
findfont: Font family 'Times New Roman' not found.
findfont: Font family 'Times New Roman' not found.
findfont: Font family 'Times New Roman' not found.
findfont: Font family 'Times New Roman' not found.
findfont: Font family 'Times New Roman' not found.
findfont: Font family 'Times New Roman' not found.
findfont: Font family 'Times New Roman' not found.
findfont: Font family 'Times New Roman' not found.
findfont: Font family 'Times New Roman' not found.
findfont: Font family 'Times New Roman' not found.
findfont: Font family 'Times New Roman' not found.
findfont: Font family 'Times New Roman' not found.
findfont: Font family 'Times New Roman' not found.
findfont: Font family 'Times New Roman' not found.
findfont: Font family 'Times New Roman' not found.
findfont: Font family 'Times New Roman' not found.
findfont: Font family 'Times New Roman' not found.
findfont: Font family 'Times New Roman' not found.
findfont: Font family 'Times New Roman' not found.
findfont: Font family 'Times New Roman' not found.
findfont: Font family 'Times New Roman' not found.
findfont: Font family 'Times New Roman' not found.
findfont: Font family 'Times New Roman' not found.
findfont: Font family 'Times New Roman' not found.
findfont: Font family 'Times New Roman' not found.
findfont: Font family 'Times New Roman' not found.
findfont: Font family 'Times New Roman' not found.
findfont: Font family 'Times New Roman' not found.
findfont: Font family 'Times New Roman' not found.
findfont: Font family 'Times New Roman' not found.
findfont: Font family 'Times New Roman' not found.
findfont: Font family 'Times New Roman' not found.
findfont: Font family 'Times New Roman' not found.
findfont: Font family 'Times New Roman' not found.
findfont: Font family 'Times New Roman' not found.
findfont: Font family 'Times New Roman' not found.
findfont: Font family 'Times New Roman' not found.
findfont: Font family 'Times New Roman' not found.
findfont: Font family 'Times New Roman' not found.
findfont: Font family 'Times New Roman' not found.
findfont: Font family 'Times New Roman' not found.
findfont: Font family 'Times New Roman' not found.
findfont: Font family 'Times New Roman' not found.
findfont: Font family 'Times New Roman' not found.
findfont: Font family 'Times New Roman' not found.
findfont: Font family 'Times New Roman' not found.
findfont: Font family 'Times New Roman' not found.
findfont: Font family 'Times New Roman' not found.
findfont: Font family 'Times New Roman' not found.
findfont: Font family 'Times New Roman' not found.
findfont: Font family 'Times New Roman' not found.
findfont: Font family 'Times New Roman' not found.
findfont: Font family 'Times New Roman' not found.
findfont: Font family 'Times New Roman' not found.
findfont: Font family 'Times New Roman' not found.
findfont: Font family 'Times New Roman' not found.
findfont: Font family 'Times New Roman' not found.
findfont: Font family 'Times New Roman' not found.
findfont: Font family 'Times New Roman' not found.
findfont: Font family 'Times New Roman' not found.
findfont: Font family 'Times New Roman' not found.
findfont: Font family 'Times New Roman' not found.
findfont: Font family 'Times New Roman' not found.
findfont: Font family 'Times New Roman' not found.
findfont: Font family 'Times New Roman' not found.
findfont: Font family 'Times New Roman' not found.
findfont: Font family 'Times New Roman' not found.
findfont: Font family 'Times New Roman' not found.
findfont: Font family 'Times New Roman' not found.
findfont: Font family 'Times New Roman' not found.
findfont: Font family 'Times New Roman' not found.
findfont: Font family 'Times New Roman' not found.
findfont: Font family 'Times New Roman' not found.
findfont: Font family 'Times New Roman' not found.
findfont: Font family 'Times New Roman' not found.
findfont: Font family 'Times New Roman' not found.
findfont: Font family 'Times New Roman' not found.
findfont: Font family 'Times New Roman' not found.
findfont: Font family 'Times New Roman' not found.
findfont: Font family 'Times New Roman' not found.
findfont: Font family 'Times New Roman' not found.
findfont: Font family 'Times New Roman' not found.
findfont: Font family 'Times New Roman' not found.
findfont: Font family 'Times New Roman' not found.
findfont: Font family 'Times New Roman' not found.
findfont: Font family 'Times New Roman' not found.
findfont: Font family 'Times New Roman' not found.
findfont: Font family 'Times New Roman' not found.
findfont: Font family 'Times New Roman' not found.
findfont: Font family 'Times New Roman' not found.
findfont: Font family 'Times New Roman' not found.
findfont: Font family 'Times New Roman' not found.
findfont: Font family 'Times New Roman' not found.
findfont: Font family 'Times New Roman' not found.
findfont: Font family 'Times New Roman' not found.
findfont: Font family 'Times New Roman' not found.
findfont: Font family 'Times New Roman' not found.
findfont: Font family 'Times New Roman' not found.
findfont: Font family 'Times New Roman' not found.
findfont: Font family 'Times New Roman' not found.
findfont: Font family 'Times New Roman' not found.
findfont: Font family 'Times New Roman' not found.
findfont: Font family 'Times New Roman' not found.
findfont: Font family 'Times New Roman' not found.
findfont: Font family 'Times New Roman' not found.
findfont: Font family 'Times New Roman' not found.
findfont: Font family 'Times New Roman' not found.
findfont: Font family 'Times New Roman' not found.
findfont: Font family 'Times New Roman' not found.
findfont: Font family 'Times New Roman' not found.
findfont: Font family 'Times New Roman' not found.
findfont: Font family 'Times New Roman' not found.
findfont: Font family 'Times New Roman' not found.
findfont: Font family 'Times New Roman' not found.
findfont: Font family 'Times New Roman' not found.
findfont: Font family 'Times New Roman' not found.
findfont: Font family 'Times New Roman' not found.
findfont: Font family 'Times New Roman' not found.
findfont: Font family 'Times New Roman' not found.
findfont: Font family 'Times New Roman' not found.
findfont: Font family 'Times New Roman' not found.
findfont: Font family 'Times New Roman' not found.
findfont: Font family 'Times New Roman' not found.
findfont: Font family 'Times New Roman' not found.
findfont: Font family 'Times New Roman' not found.
findfont: Font family 'Times New Roman' not found.
findfont: Font family 'Times New Roman' not found.
findfont: Font family 'Times New Roman' not found.
findfont: Font family 'Times New Roman' not found.
findfont: Font family 'Times New Roman' not found.
findfont: Font family 'Times New Roman' not found.
findfont: Font family 'Times New Roman' not found.
findfont: Font family 'Times New Roman' not found.
findfont: Font family 'Times New Roman' not found.
findfont: Font family 'Times New Roman' not found.
findfont: Font family 'Times New Roman' not found.
findfont: Font family 'Times New Roman' not found.
findfont: Font family 'Times New Roman' not found.
findfont: Font family 'Times New Roman' not found.
findfont: Font family 'Times New Roman' not found.
findfont: Font family 'Times New Roman' not found.
findfont: Font family 'Times New Roman' not found.
findfont: Font family 'Times New Roman' not found.
findfont: Font family 'Times New Roman' not found.
findfont: Font family 'Times New Roman' not found.
findfont: Font family 'Times New Roman' not found.
findfont: Font family 'Times New Roman' not found.
findfont: Font family 'Times New Roman' not found.
findfont: Font family 'Times New Roman' not found.
findfont: Font family 'Times New Roman' not found.
findfont: Font family 'Times New Roman' not found.
findfont: Font family 'Times New Roman' not found.
findfont: Font family 'Times New Roman' not found.
findfont: Font family 'Times New Roman' not found.
findfont: Font family 'Times New Roman' not found.
findfont: Font family 'Times New Roman' not found.
findfont: Font family 'Times New Roman' not found.
findfont: Font family 'Times New Roman' not found.
findfont: Font family 'Times New Roman' not found.
findfont: Font family 'Times New Roman' not found.
findfont: Font family 'Times New Roman' not found.
findfont: Font family 'Times New Roman' not found.
findfont: Font family 'Times New Roman' not found.
findfont: Font family 'Times New Roman' not found.
findfont: Font family 'Times New Roman' not found.
findfont: Font family 'Times New Roman' not found.
findfont: Font family 'Times New Roman' not found.
findfont: Font family 'Times New Roman' not found.
findfont: Font family 'Times New Roman' not found.
findfont: Font family 'Times New Roman' not found.
findfont: Font family 'Times New Roman' not found.
findfont: Font family 'Times New Roman' not found.
findfont: Font family 'Times New Roman' not found.
findfont: Font family 'Times New Roman' not found.
findfont: Font family 'Times New Roman' not found.
findfont: Font family 'Times New Roman' not found.
findfont: Font family 'Times New Roman' not found.
findfont: Font family 'Times New Roman' not found.
findfont: Font family 'Times New Roman' not found.
findfont: Font family 'Times New Roman' not found.
findfont: Font family 'Times New Roman' not found.
findfont: Font family 'Times New Roman' not found.
findfont: Font family 'Times New Roman' not found.
findfont: Font family 'Times New Roman' not found.
findfont: Font family 'Times New Roman' not found.
findfont: Font family 'Times New Roman' not found.
findfont: Font family 'Times New Roman' not found.
findfont: Font family 'Times New Roman' not found.
findfont: Font family 'Times New Roman' not found.
findfont: Font family 'Times New Roman' not found.
findfont: Font family 'Times New Roman' not found.
findfont: Font family 'Times New Roman' not found.
findfont: Font family 'Times New Roman' not found.
findfont: Font family 'Times New Roman' not found.
findfont: Font family 'Times New Roman' not found.
findfont: Font family 'Times New Roman' not found.
findfont: Font family 'Times New Roman' not found.
findfont: Font family 'Times New Roman' not found.
findfont: Font family 'Times New Roman' not found.
findfont: Font family 'Times New Roman' not found.
findfont: Font family 'Times New Roman' not found.
findfont: Font family 'Times New Roman' not found.
findfont: Font family 'Times New Roman' not found.
findfont: Font family 'Times New Roman' not found.
findfont: Font family 'Times New Roman' not found.
findfont: Font family 'Times New Roman' not found.
findfont: Font family 'Times New Roman' not found.
findfont: Font family 'Times New Roman' not found.
findfont: Font family 'Times New Roman' not found.
findfont: Font family 'Times New Roman' not found.
findfont: Font family 'Times New Roman' not found.
findfont: Font family 'Times New Roman' not found.
findfont: Font family 'Times New Roman' not found.
findfont: Font family 'Times New Roman' not found.
findfont: Font family 'Times New Roman' not found.
findfont: Font family 'Times New Roman' not found.
findfont: Font family 'Times New Roman' not found.
findfont: Font family 'Times New Roman' not found.
findfont: Font family 'Times New Roman' not found.
findfont: Font family 'Times New Roman' not found.
findfont: Font family 'Times New Roman' not found.
findfont: Font family 'Times New Roman' not found.
findfont: Font family 'Times New Roman' not found.
findfont: Font family 'Times New Roman' not found.
findfont: Font family 'Times New Roman' not found.
findfont: Font family 'Times New Roman' not found.
findfont: Font family 'Times New Roman' not found.
findfont: Font family 'Times New Roman' not found.
findfont: Font family 'Times New Roman' not found.
findfont: Font family 'Times New Roman' not found.
findfont: Font family 'Times New Roman' not found.
findfont: Font family 'Times New Roman' not found.
findfont: Font family 'Times New Roman' not found.
findfont: Font family 'Times New Roman' not found.
findfont: Font family 'Times New Roman' not found.
findfont: Font family 'Times New Roman' not found.
findfont: Font family 'Times New Roman' not found.
findfont: Font family 'Times New Roman' not found.
findfont: Font family 'Times New Roman' not found.
findfont: Font family 'Times New Roman' not found.
findfont: Font family 'Times New Roman' not found.
findfont: Font family 'Times New Roman' not found.
findfont: Font family 'Times New Roman' not found.
findfont: Font family 'Times New Roman' not found.
findfont: Font family 'Times New Roman' not found.
findfont: Font family 'Times New Roman' not found.
findfont: Font family 'Times New Roman' not found.
findfont: Font family 'Times New Roman' not found.
findfont: Font family 'Times New Roman' not found.
findfont: Font family 'Times New Roman' not found.
findfont: Font family 'Times New Roman' not found.
findfont: Font family 'Times New Roman' not found.
findfont: Font family 'Times New Roman' not found.
findfont: Font family 'Times New Roman' not found.
findfont: Font family 'Times New Roman' not found.
findfont: Font family 'Times New Roman' not found.
findfont: Font family 'Times New Roman' not found.
findfont: Font family 'Times New Roman' not found.
findfont: Font family 'Times New Roman' not found.
findfont: Font family 'Times New Roman' not found.
findfont: Font family 'Times New Roman' not found.
findfont: Font family 'Times New Roman' not found.
findfont: Font family 'Times New Roman' not found.
findfont: Font family 'Times New Roman' not found.
findfont: Font family 'Times New Roman' not found.
findfont: Font family 'Times New Roman' not found.
findfont: Font family 'Times New Roman' not found.
findfont: Font family 'Times New Roman' not found.
findfont: Font family 'Times New Roman' not found.
findfont: Font family 'Times New Roman' not found.
findfont: Font family 'Times New Roman' not found.
findfont: Font family 'Times New Roman' not found.
findfont: Font family 'Times New Roman' not found.
findfont: Font family 'Times New Roman' not found.
findfont: Font family 'Times New Roman' not found.
findfont: Font family 'Times New Roman' not found.
findfont: Font family 'Times New Roman' not found.
findfont: Font family 'Times New Roman' not found.
findfont: Font family 'Times New Roman' not found.
findfont: Font family 'Times New Roman' not found.
findfont: Font family 'Times New Roman' not found.
findfont: Font family 'Times New Roman' not found.
findfont: Font family 'Times New Roman' not found.
findfont: Font family 'Times New Roman' not found.
findfont: Font family 'Times New Roman' not found.
findfont: Font family 'Times New Roman' not found.
findfont: Font family 'Times New Roman' not found.
findfont: Font family 'Times New Roman' not found.
findfont: Font family 'Times New Roman' not found.
findfont: Font family 'Times New Roman' not found.
findfont: Font family 'Times New Roman' not found.
findfont: Font family 'Times New Roman' not found.
findfont: Font family 'Times New Roman' not found.
findfont: Font family 'Times New Roman' not found.
findfont: Font family 'Times New Roman' not found.
findfont: Font family 'Times New Roman' not found.
findfont: Font family 'Times New Roman' not found.
findfont: Font family 'Times New Roman' not found.
findfont: Font family 'Times New Roman' not found.
findfont: Font family 'Times New Roman' not found.
findfont: Font family 'Times New Roman' not found.
findfont: Font family 'Times New Roman' not found.
findfont: Font family 'Times New Roman' not found.
findfont: Font family 'Times New Roman' not found.
findfont: Font family 'Times New Roman' not found.
findfont: Font family 'Times New Roman' not found.
findfont: Font family 'Times New Roman' not found.
findfont: Font family 'Times New Roman' not found.
findfont: Font family 'Times New Roman' not found.
findfont: Font family 'Times New Roman' not found.
findfont: Font family 'Times New Roman' not found.
findfont: Font family 'Times New Roman' not found.
findfont: Font family 'Times New Roman' not found.
findfont: Font family 'Times New Roman' not found.
findfont: Font family 'Times New Roman' not found.
findfont: Font family 'Times New Roman' not found.
findfont: Font family 'Times New Roman' not found.
findfont: Font family 'Times New Roman' not found.
findfont: Font family 'Times New Roman' not found.
findfont: Font family 'Times New Roman' not found.
findfont: Font family 'Times New Roman' not found.
findfont: Font family 'Times New Roman' not found.
findfont: Font family 'Times New Roman' not found.
findfont: Font family 'Times New Roman' not found.
findfont: Font family 'Times New Roman' not found.
findfont: Font family 'Times New Roman' not found.
findfont: Font family 'Times New Roman' not found.
findfont: Font family 'Times New Roman' not found.
findfont: Font family 'Times New Roman' not found.
findfont: Font family 'Times New Roman' not found.
findfont: Font family 'Times New Roman' not found.
findfont: Font family 'Times New Roman' not found.
findfont: Font family 'Times New Roman' not found.
findfont: Font family 'Times New Roman' not found.
findfont: Font family 'Times New Roman' not found.
findfont: Font family 'Times New Roman' not found.
findfont: Font family 'Times New Roman' not found.
findfont: Font family 'Times New Roman' not found.
findfont: Font family 'Times New Roman' not found.
findfont: Font family 'Times New Roman' not found.
findfont: Font family 'Times New Roman' not found.
findfont: Font family 'Times New Roman' not found.
findfont: Font family 'Times New Roman' not found.
findfont: Font family 'Times New Roman' not found.
findfont: Font family 'Times New Roman' not found.
findfont: Font family 'Times New Roman' not found.
findfont: Font family 'Times New Roman' not found.
findfont: Font family 'Times New Roman' not found.
findfont: Font family 'Times New Roman' not found.
findfont: Font family 'Times New Roman' not found.
findfont: Font family 'Times New Roman' not found.
findfont: Font family 'Times New Roman' not found.
findfont: Font family 'Times New Roman' not found.
findfont: Font family 'Times New Roman' not found.
findfont: Font family 'Times New Roman' not found.
findfont: Font family 'Times New Roman' not found.
findfont: Font family 'Times New Roman' not found.
findfont: Font family 'Times New Roman' not found.
findfont: Font family 'Times New Roman' not found.
findfont: Font family 'Times New Roman' not found.
findfont: Font family 'Times New Roman' not found.
findfont: Font family 'Times New Roman' not found.
findfont: Font family 'Times New Roman' not found.
findfont: Font family 'Times New Roman' not found.
findfont: Font family 'Times New Roman' not found.
findfont: Font family 'Times New Roman' not found.
findfont: Font family 'Times New Roman' not found.
findfont: Font family 'Times New Roman' not found.
findfont: Font family 'Times New Roman' not found.
findfont: Font family 'Times New Roman' not found.
findfont: Font family 'Times New Roman' not found.
findfont: Font family 'Times New Roman' not found.
findfont: Font family 'Times New Roman' not found.
findfont: Font family 'Times New Roman' not found.
findfont: Font family 'Times New Roman' not found.
findfont: Font family 'Times New Roman' not found.
findfont: Font family 'Times New Roman' not found.
findfont: Font family 'Times New Roman' not found.
findfont: Font family 'Times New Roman' not found.
findfont: Font family 'Times New Roman' not found.
findfont: Font family 'Times New Roman' not found.
findfont: Font family 'Times New Roman' not found.
findfont: Font family 'Times New Roman' not found.
findfont: Font family 'Times New Roman' not found.
findfont: Font family 'Times New Roman' not found.
findfont: Font family 'Times New Roman' not found.
findfont: Font family 'Times New Roman' not found.
findfont: Font family 'Times New Roman' not found.
findfont: Font family 'Times New Roman' not found.
findfont: Font family 'Times New Roman' not found.
findfont: Font family 'Times New Roman' not found.
findfont: Font family 'Times New Roman' not found.
findfont: Font family 'Times New Roman' not found.
findfont: Font family 'Times New Roman' not found.
findfont: Font family 'Times New Roman' not found.
findfont: Font family 'Times New Roman' not found.
findfont: Font family 'Times New Roman' not found.
findfont: Font family 'Times New Roman' not found.
findfont: Font family 'Times New Roman' not found.
findfont: Font family 'Times New Roman' not found.
findfont: Font family 'Times New Roman' not found.
findfont: Font family 'Times New Roman' not found.
findfont: Font family 'Times New Roman' not found.
findfont: Font family 'Times New Roman' not found.
findfont: Font family 'Times New Roman' not found.
findfont: Font family 'Times New Roman' not found.
findfont: Font family 'Times New Roman' not found.
findfont: Font family 'Times New Roman' not found.
findfont: Font family 'Times New Roman' not found.
findfont: Font family 'Times New Roman' not found.
findfont: Font family 'Times New Roman' not found.
findfont: Font family 'Times New Roman' not found.
findfont: Font family 'Times New Roman' not found.
findfont: Font family 'Times New Roman' not found.
findfont: Font family 'Times New Roman' not found.
findfont: Font family 'Times New Roman' not found.
findfont: Font family 'Times New Roman' not found.
findfont: Font family 'Times New Roman' not found.
findfont: Font family 'Times New Roman' not found.
findfont: Font family 'Times New Roman' not found.
findfont: Font family 'Times New Roman' not found.
findfont: Font family 'Times New Roman' not found.
findfont: Font family 'Times New Roman' not found.
findfont: Font family 'Times New Roman' not found.
findfont: Font family 'Times New Roman' not found.
findfont: Font family 'Times New Roman' not found.
findfont: Font family 'Times New Roman' not found.
findfont: Font family 'Times New Roman' not found.
findfont: Font family 'Times New Roman' not found.
findfont: Font family 'Times New Roman' not found.
findfont: Font family 'Times New Roman' not found.
findfont: Font family 'Times New Roman' not found.
findfont: Font family 'Times New Roman' not found.
findfont: Font family 'Times New Roman' not found.
findfont: Font family 'Times New Roman' not found.
findfont: Font family 'Times New Roman' not found.
findfont: Font family 'Times New Roman' not found.
findfont: Font family 'Times New Roman' not found.
findfont: Font family 'Times New Roman' not found.
findfont: Font family 'Times New Roman' not found.
findfont: Font family 'Times New Roman' not found.
findfont: Font family 'Times New Roman' not found.
findfont: Font family 'Times New Roman' not found.
findfont: Font family 'Times New Roman' not found.
findfont: Font family 'Times New Roman' not found.
findfont: Font family 'Times New Roman' not found.
findfont: Font family 'Times New Roman' not found.
findfont: Font family 'Times New Roman' not found.
findfont: Font family 'Times New Roman' not found.
findfont: Font family 'Times New Roman' not found.
findfont: Font family 'Times New Roman' not found.
findfont: Font family 'Times New Roman' not found.
findfont: Font family 'Times New Roman' not found.
findfont: Font family 'Times New Roman' not found.
findfont: Font family 'Times New Roman' not found.
findfont: Font family 'Times New Roman' not found.
findfont: Font family 'Times New Roman' not found.
findfont: Font family 'Times New Roman' not found.
findfont: Font family 'Times New Roman' not found.
findfont: Font family 'Times New Roman' not found.
findfont: Font family 'Times New Roman' not found.
findfont: Font family 'Times New Roman' not found.
findfont: Font family 'Times New Roman' not found.
findfont: Font family 'Times New Roman' not found.
findfont: Font family 'Times New Roman' not found.
findfont: Font family 'Times New Roman' not found.
findfont: Font family 'Times New Roman' not found.
findfont: Font family 'Times New Roman' not found.
findfont: Font family 'Times New Roman' not found.
findfont: Font family 'Times New Roman' not found.
findfont: Font family 'Times New Roman' not found.
findfont: Font family 'Times New Roman' not found.
findfont: Font family 'Times New Roman' not found.
findfont: Font family 'Times New Roman' not found.
findfont: Font family 'Times New Roman' not found.
findfont: Font family 'Times New Roman' not found.
findfont: Font family 'Times New Roman' not found.
findfont: Font family 'Times New Roman' not found.
findfont: Font family 'Times New Roman' not found.
findfont: Font family 'Times New Roman' not found.
findfont: Font family 'Times New Roman' not found.
findfont: Font family 'Times New Roman' not found.
findfont: Font family 'Times New Roman' not found.
findfont: Font family 'Times New Roman' not found.
findfont: Font family 'Times New Roman' not found.
findfont: Font family 'Times New Roman' not found.
findfont: Font family 'Times New Roman' not found.
findfont: Font family 'Times New Roman' not found.
findfont: Font family 'Times New Roman' not found.
findfont: Font family 'Times New Roman' not found.
findfont: Font family 'Times New Roman' not found.
findfont: Font family 'Times New Roman' not found.
findfont: Font family 'Times New Roman' not found.
findfont: Font family 'Times New Roman' not found.
findfont: Font family 'Times New Roman' not found.
findfont: Font family 'Times New Roman' not found.
findfont: Font family 'Times New Roman' not found.
findfont: Font family 'Times New Roman' not found.
findfont: Font family 'Times New Roman' not found.
findfont: Font family 'Times New Roman' not found.
findfont: Font family 'Times New Roman' not found.
findfont: Font family 'Times New Roman' not found.
findfont: Font family 'Times New Roman' not found.
findfont: Font family 'Times New Roman' not found.
findfont: Font family 'Times New Roman' not found.
findfont: Font family 'Times New Roman' not found.
findfont: Font family 'Times New Roman' not found.
findfont: Font family 'Times New Roman' not found.
findfont: Font family 'Times New Roman' not found.
findfont: Font family 'Times New Roman' not found.
findfont: Font family 'Times New Roman' not found.
findfont: Font family 'Times New Roman' not found.
findfont: Font family 'Times New Roman' not found.
findfont: Font family 'Times New Roman' not found.
findfont: Font family 'Times New Roman' not found.
findfont: Font family 'Times New Roman' not found.
findfont: Font family 'Times New Roman' not found.
findfont: Font family 'Times New Roman' not found.
findfont: Font family 'Times New Roman' not found.
findfont: Font family 'Times New Roman' not found.
findfont: Font family 'Times New Roman' not found.
findfont: Font family 'Times New Roman' not found.
findfont: Font family 'Times New Roman' not found.
findfont: Font family 'Times New Roman' not found.
findfont: Font family 'Times New Roman' not found.
findfont: Font family 'Times New Roman' not found.
findfont: Font family 'Times New Roman' not found.
findfont: Font family 'Times New Roman' not found.
findfont: Font family 'Times New Roman' not found.
findfont: Font family 'Times New Roman' not found.
findfont: Font family 'Times New Roman' not found.
findfont: Font family 'Times New Roman' not found.
findfont: Font family 'Times New Roman' not found.
findfont: Font family 'Times New Roman' not found.
findfont: Font family 'Times New Roman' not found.
findfont: Font family 'Times New Roman' not found.
findfont: Font family 'Times New Roman' not found.
findfont: Font family 'Times New Roman' not found.
findfont: Font family 'Times New Roman' not found.
findfont: Font family 'Times New Roman' not found.
findfont: Font family 'Times New Roman' not found.
findfont: Font family 'Times New Roman' not found.
findfont: Font family 'Times New Roman' not found.
findfont: Font family 'Times New Roman' not found.
findfont: Font family 'Times New Roman' not found.
findfont: Font family 'Times New Roman' not found.
findfont: Font family 'Times New Roman' not found.
findfont: Font family 'Times New Roman' not found.
findfont: Font family 'Times New Roman' not found.
findfont: Font family 'Times New Roman' not found.
findfont: Font family 'Times New Roman' not found.
findfont: Font family 'Times New Roman' not found.
findfont: Font family 'Times New Roman' not found.
findfont: Font family 'Times New Roman' not found.
findfont: Font family 'Times New Roman' not found.
findfont: Font family 'Times New Roman' not found.
findfont: Font family 'Times New Roman' not found.
findfont: Font family 'Times New Roman' not found.
findfont: Font family 'Times New Roman' not found.
findfont: Font family 'Times New Roman' not found.
findfont: Font family 'Times New Roman' not found.
findfont: Font family 'Times New Roman' not found.
findfont: Font family 'Times New Roman' not found.
findfont: Font family 'Times New Roman' not found.
findfont: Font family 'Times New Roman' not found.
findfont: Font family 'Times New Roman' not found.
findfont: Font family 'Times New Roman' not found.
findfont: Font family 'Times New Roman' not found.
findfont: Font family 'Times New Roman' not found.
findfont: Font family 'Times New Roman' not found.
findfont: Font family 'Times New Roman' not found.
findfont: Font family 'Times New Roman' not found.
findfont: Font family 'Times New Roman' not found.
findfont: Font family 'Times New Roman' not found.
findfont: Font family 'Times New Roman' not found.
findfont: Font family 'Times New Roman' not found.
findfont: Font family 'Times New Roman' not found.
findfont: Font family 'Times New Roman' not found.
findfont: Font family 'Times New Roman' not found.
findfont: Font family 'Times New Roman' not found.
findfont: Font family 'Times New Roman' not found.
findfont: Font family 'Times New Roman' not found.
findfont: Font family 'Times New Roman' not found.
findfont: Font family 'Times New Roman' not found.
findfont: Font family 'Times New Roman' not found.
findfont: Font family 'Times New Roman' not found.
findfont: Font family 'Times New Roman' not found.
findfont: Font family 'Times New Roman' not found.
findfont: Font family 'Times New Roman' not found.
findfont: Font family 'Times New Roman' not found.
findfont: Font family 'Times New Roman' not found.
findfont: Font family 'Times New Roman' not found.
findfont: Font family 'Times New Roman' not found.
findfont: Font family 'Times New Roman' not found.
findfont: Font family 'Times New Roman' not found.
findfont: Font family 'Times New Roman' not found.
findfont: Font family 'Times New Roman' not found.
findfont: Font family 'Times New Roman' not found.
findfont: Font family 'Times New Roman' not found.
findfont: Font family 'Times New Roman' not found.
findfont: Font family 'Times New Roman' not found.
findfont: Font family 'Times New Roman' not found.
findfont: Font family 'Times New Roman' not found.
findfont: Font family 'Times New Roman' not found.
findfont: Font family 'Times New Roman' not found.
findfont: Font family 'Times New Roman' not found.
findfont: Font family 'Times New Roman' not found.
findfont: Font family 'Times New Roman' not found.
findfont: Font family 'Times New Roman' not found.
findfont: Font family 'Times New Roman' not found.
findfont: Font family 'Times New Roman' not found.
findfont: Font family 'Times New Roman' not found.
findfont: Font family 'Times New Roman' not found.
findfont: Font family 'Times New Roman' not found.
findfont: Font family 'Times New Roman' not found.
findfont: Font family 'Times New Roman' not found.
findfont: Font family 'Times New Roman' not found.
findfont: Font family 'Times New Roman' not found.
findfont: Font family 'Times New Roman' not found.
findfont: Font family 'Times New Roman' not found.
findfont: Font family 'Times New Roman' not found.
findfont: Font family 'Times New Roman' not found.
findfont: Font family 'Times New Roman' not found.
findfont: Font family 'Times New Roman' not found.
findfont: Font family 'Times New Roman' not found.
findfont: Font family 'Times New Roman' not found.
findfont: Font family 'Times New Roman' not found.
findfont: Font family 'Times New Roman' not found.
findfont: Font family 'Times New Roman' not found.
findfont: Font family 'Times New Roman' not found.
findfont: Font family 'Times New Roman' not found.
findfont: Font family 'Times New Roman' not found.
findfont: Font family 'Times New Roman' not found.
findfont: Font family 'Times New Roman' not found.
findfont: Font family 'Times New Roman' not found.
findfont: Font family 'Times New Roman' not found.
findfont: Font family 'Times New Roman' not found.
findfont: Font family 'Times New Roman' not found.
findfont: Font family 'Times New Roman' not found.
findfont: Font family 'Times New Roman' not found.
findfont: Font family 'Times New Roman' not found.
findfont: Font family 'Times New Roman' not found.
findfont: Font family 'Times New Roman' not found.
findfont: Font family 'Times New Roman' not found.
findfont: Font family 'Times New Roman' not found.
findfont: Font family 'Times New Roman' not found.
findfont: Font family 'Times New Roman' not found.
findfont: Font family 'Times New Roman' not found.
findfont: Font family 'Times New Roman' not found.
findfont: Font family 'Times New Roman' not found.
findfont: Font family 'Times New Roman' not found.
findfont: Font family 'Times New Roman' not found.
findfont: Font family 'Times New Roman' not found.
findfont: Font family 'Times New Roman' not found.
findfont: Font family 'Times New Roman' not found.
findfont: Font family 'Times New Roman' not found.
findfont: Font family 'Times New Roman' not found.
findfont: Font family 'Times New Roman' not found.
findfont: Font family 'Times New Roman' not found.
findfont: Font family 'Times New Roman' not found.
findfont: Font family 'Times New Roman' not found.
findfont: Font family 'Times New Roman' not found.
findfont: Font family 'Times New Roman' not found.
findfont: Font family 'Times New Roman' not found.
findfont: Font family 'Times New Roman' not found.
findfont: Font family 'Times New Roman' not found.
findfont: Font family 'Times New Roman' not found.
findfont: Font family 'Times New Roman' not found.
findfont: Font family 'Times New Roman' not found.
findfont: Font family 'Times New Roman' not found.
findfont: Font family 'Times New Roman' not found.
findfont: Font family 'Times New Roman' not found.
findfont: Font family 'Times New Roman' not found.
findfont: Font family 'Times New Roman' not found.
findfont: Font family 'Times New Roman' not found.
findfont: Font family 'Times New Roman' not found.
findfont: Font family 'Times New Roman' not found.
findfont: Font family 'Times New Roman' not found.
findfont: Font family 'Times New Roman' not found.
findfont: Font family 'Times New Roman' not found.
findfont: Font family 'Times New Roman' not found.
findfont: Font family 'Times New Roman' not found.
findfont: Font family 'Times New Roman' not found.
findfont: Font family 'Times New Roman' not found.
findfont: Font family 'Times New Roman' not found.
findfont: Font family 'Times New Roman' not found.
findfont: Font family 'Times New Roman' not found.
findfont: Font family 'Times New Roman' not found.
findfont: Font family 'Times New Roman' not found.
findfont: Font family 'Times New Roman' not found.
findfont: Font family 'Times New Roman' not found.
findfont: Font family 'Times New Roman' not found.
findfont: Font family 'Times New Roman' not found.
findfont: Font family 'Times New Roman' not found.
findfont: Font family 'Times New Roman' not found.
findfont: Font family 'Times New Roman' not found.
findfont: Font family 'Times New Roman' not found.
findfont: Font family 'Times New Roman' not found.
findfont: Font family 'Times New Roman' not found.
findfont: Font family 'Times New Roman' not found.
findfont: Font family 'Times New Roman' not found.
findfont: Font family 'Times New Roman' not found.
findfont: Font family 'Times New Roman' not found.
findfont: Font family 'Times New Roman' not found.
findfont: Font family 'Times New Roman' not found.
findfont: Font family 'Times New Roman' not found.
findfont: Font family 'Times New Roman' not found.
findfont: Font family 'Times New Roman' not found.
findfont: Font family 'Times New Roman' not found.
findfont: Font family 'Times New Roman' not found.
findfont: Font family 'Times New Roman' not found.
findfont: Font family 'Times New Roman' not found.
findfont: Font family 'Times New Roman' not found.
findfont: Font family 'Times New Roman' not found.
findfont: Font family 'Times New Roman' not found.
findfont: Font family 'Times New Roman' not found.
findfont: Font family 'Times New Roman' not found.
findfont: Font family 'Times New Roman' not found.
findfont: Font family 'Times New Roman' not found.
findfont: Font family 'Times New Roman' not found.
findfont: Font family 'Times New Roman' not found.
findfont: Font family 'Times New Roman' not found.
findfont: Font family 'Times New Roman' not found.
findfont: Font family 'Times New Roman' not found.
findfont: Font family 'Times New Roman' not found.
findfont: Font family 'Times New Roman' not found.
findfont: Font family 'Times New Roman' not found.
findfont: Font family 'Times New Roman' not found.
findfont: Font family 'Times New Roman' not found.
findfont: Font family 'Times New Roman' not found.
findfont: Font family 'Times New Roman' not found.
findfont: Font family 'Times New Roman' not found.
findfont: Font family 'Times New Roman' not found.
findfont: Font family 'Times New Roman' not found.
findfont: Font family 'Times New Roman' not found.
findfont: Font family 'Times New Roman' not found.
findfont: Font family 'Times New Roman' not found.
findfont: Font family 'Times New Roman' not found.
findfont: Font family 'Times New Roman' not found.
findfont: Font family 'Times New Roman' not found.
findfont: Font family 'Times New Roman' not found.
findfont: Font family 'Times New Roman' not found.
findfont: Font family 'Times New Roman' not found.
findfont: Font family 'Times New Roman' not found.
findfont: Font family 'Times New Roman' not found.
findfont: Font family 'Times New Roman' not found.
findfont: Font family 'Times New Roman' not found.
findfont: Font family 'Times New Roman' not found.
findfont: Font family 'Times New Roman' not found.
findfont: Font family 'Times New Roman' not found.
findfont: Font family 'Times New Roman' not found.
findfont: Font family 'Times New Roman' not found.
findfont: Font family 'Times New Roman' not found.
findfont: Font family 'Times New Roman' not found.
findfont: Font family 'Times New Roman' not found.
findfont: Font family 'Times New Roman' not found.
findfont: Font family 'Times New Roman' not found.
findfont: Font family 'Times New Roman' not found.
findfont: Font family 'Times New Roman' not found.
findfont: Font family 'Times New Roman' not found.
findfont: Font family 'Times New Roman' not found.
findfont: Font family 'Times New Roman' not found.
findfont: Font family 'Times New Roman' not found.
findfont: Font family 'Times New Roman' not found.
findfont: Font family 'Times New Roman' not found.
findfont: Font family 'Times New Roman' not found.
findfont: Font family 'Times New Roman' not found.
findfont: Font family 'Times New Roman' not found.
findfont: Font family 'Times New Roman' not found.
findfont: Font family 'Times New Roman' not found.
findfont: Font family 'Times New Roman' not found.
findfont: Font family 'Times New Roman' not found.
findfont: Font family 'Times New Roman' not found.
findfont: Font family 'Times New Roman' not found.
findfont: Font family 'Times New Roman' not found.
findfont: Font family 'Times New Roman' not found.
findfont: Font family 'Times New Roman' not found.
findfont: Font family 'Times New Roman' not found.
findfont: Font family 'Times New Roman' not found.
findfont: Font family 'Times New Roman' not found.
findfont: Font family 'Times New Roman' not found.
findfont: Font family 'Times New Roman' not found.
findfont: Font family 'Times New Roman' not found.
findfont: Font family 'Times New Roman' not found.
findfont: Font family 'Times New Roman' not found.
findfont: Font family 'Times New Roman' not found.
findfont: Font family 'Times New Roman' not found.
findfont: Font family 'Times New Roman' not found.
findfont: Font family 'Times New Roman' not found.
findfont: Font family 'Times New Roman' not found.
findfont: Font family 'Times New Roman' not found.
findfont: Font family 'Times New Roman' not found.
findfont: Font family 'Times New Roman' not found.
findfont: Font family 'Times New Roman' not found.
findfont: Font family 'Times New Roman' not found.
findfont: Font family 'Times New Roman' not found.
findfont: Font family 'Times New Roman' not found.
findfont: Font family 'Times New Roman' not found.
findfont: Font family 'Times New Roman' not found.
findfont: Font family 'Times New Roman' not found.
findfont: Font family 'Times New Roman' not found.
findfont: Font family 'Times New Roman' not found.
findfont: Font family 'Times New Roman' not found.
findfont: Font family 'Times New Roman' not found.
findfont: Font family 'Times New Roman' not found.
findfont: Font family 'Times New Roman' not found.
findfont: Font family 'Times New Roman' not found.
findfont: Font family 'Times New Roman' not found.
findfont: Font family 'Times New Roman' not found.
findfont: Font family 'Times New Roman' not found.
findfont: Font family 'Times New Roman' not found.
findfont: Font family 'Times New Roman' not found.
findfont: Font family 'Times New Roman' not found.
findfont: Font family 'Times New Roman' not found.
findfont: Font family 'Times New Roman' not found.
findfont: Font family 'Times New Roman' not found.
findfont: Font family 'Times New Roman' not found.
findfont: Font family 'Times New Roman' not found.
findfont: Font family 'Times New Roman' not found.
findfont: Font family 'Times New Roman' not found.
findfont: Font family 'Times New Roman' not found.
findfont: Font family 'Times New Roman' not found.
findfont: Font family 'Times New Roman' not found.
findfont: Font family 'Times New Roman' not found.
findfont: Font family 'Times New Roman' not found.
findfont: Font family 'Times New Roman' not found.
findfont: Font family 'Times New Roman' not found.
findfont: Font family 'Times New Roman' not found.
findfont: Font family 'Times New Roman' not found.
findfont: Font family 'Times New Roman' not found.
findfont: Font family 'Times New Roman' not found.
findfont: Font family 'Times New Roman' not found.
findfont: Font family 'Times New Roman' not found.
findfont: Font family 'Times New Roman' not found.
findfont: Font family 'Times New Roman' not found.
findfont: Font family 'Times New Roman' not found.
findfont: Font family 'Times New Roman' not found.
findfont: Font family 'Times New Roman' not found.
findfont: Font family 'Times New Roman' not found.
findfont: Font family 'Times New Roman' not found.
findfont: Font family 'Times New Roman' not found.
findfont: Font family 'Times New Roman' not found.
findfont: Font family 'Times New Roman' not found.
findfont: Font family 'Times New Roman' not found.
findfont: Font family 'Times New Roman' not found.
findfont: Font family 'Times New Roman' not found.
findfont: Font family 'Times New Roman' not found.
findfont: Font family 'Times New Roman' not found.
findfont: Font family 'Times New Roman' not found.
findfont: Font family 'Times New Roman' not found.
findfont: Font family 'Times New Roman' not found.
findfont: Font family 'Times New Roman' not found.
findfont: Font family 'Times New Roman' not found.
findfont: Font family 'Times New Roman' not found.
findfont: Font family 'Times New Roman' not found.
findfont: Font family 'Times New Roman' not found.
findfont: Font family 'Times New Roman' not found.
findfont: Font family 'Times New Roman' not found.
findfont: Font family 'Times New Roman' not found.
findfont: Font family 'Times New Roman' not found.
findfont: Font family 'Times New Roman' not found.
findfont: Font family 'Times New Roman' not found.
findfont: Font family 'Times New Roman' not found.
findfont: Font family 'Times New Roman' not found.
findfont: Font family 'Times New Roman' not found.
findfont: Font family 'Times New Roman' not found.
findfont: Font family 'Times New Roman' not found.
findfont: Font family 'Times New Roman' not found.
findfont: Font family 'Times New Roman' not found.
findfont: Font family 'Times New Roman' not found.
findfont: Font family 'Times New Roman' not found.
findfont: Font family 'Times New Roman' not found.
findfont: Font family 'Times New Roman' not found.
findfont: Font family 'Times New Roman' not found.
findfont: Font family 'Times New Roman' not found.
findfont: Font family 'Times New Roman' not found.
findfont: Font family 'Times New Roman' not found.
findfont: Font family 'Times New Roman' not found.
findfont: Font family 'Times New Roman' not found.
findfont: Font family 'Times New Roman' not found.
findfont: Font family 'Times New Roman' not found.
findfont: Font family 'Times New Roman' not found.
findfont: Font family 'Times New Roman' not found.
findfont: Font family 'Times New Roman' not found.
findfont: Font family 'Times New Roman' not found.
findfont: Font family 'Times New Roman' not found.
findfont: Font family 'Times New Roman' not found.
findfont: Font family 'Times New Roman' not found.
findfont: Font family 'Times New Roman' not found.
findfont: Font family 'Times New Roman' not found.
findfont: Font family 'Times New Roman' not found.
findfont: Font family 'Times New Roman' not found.
findfont: Font family 'Times New Roman' not found.
findfont: Font family 'Times New Roman' not found.
findfont: Font family 'Times New Roman' not found.
findfont: Font family 'Times New Roman' not found.
findfont: Font family 'Times New Roman' not found.
findfont: Font family 'Times New Roman' not found.
findfont: Font family 'Times New Roman' not found.
findfont: Font family 'Times New Roman' not found.
findfont: Font family 'Times New Roman' not found.
findfont: Font family 'Times New Roman' not found.
findfont: Font family 'Times New Roman' not found.
findfont: Font family 'Times New Roman' not found.
findfont: Font family 'Times New Roman' not found.
findfont: Font family 'Times New Roman' not found.
findfont: Font family 'Times New Roman' not found.
findfont: Font family 'Times New Roman' not found.
findfont: Font family 'Times New Roman' not found.
findfont: Font family 'Times New Roman' not found.
findfont: Font family 'Times New Roman' not found.
findfont: Font family 'Times New Roman' not found.
findfont: Font family 'Times New Roman' not found.
findfont: Font family 'Times New Roman' not found.
findfont: Font family 'Times New Roman' not found.
findfont: Font family 'Times New Roman' not found.
findfont: Font family 'Times New Roman' not found.
findfont: Font family 'Times New Roman' not found.
findfont: Font family 'Times New Roman' not found.
findfont: Font family 'Times New Roman' not found.
findfont: Font family 'Times New Roman' not found.
findfont: Font family 'Times New Roman' not found.
findfont: Font family 'Times New Roman' not found.
findfont: Font family 'Times New Roman' not found.
findfont: Font family 'Times New Roman' not found.
findfont: Font family 'Times New Roman' not found.
findfont: Font family 'Times New Roman' not found.
findfont: Font family 'Times New Roman' not found.
findfont: Font family 'Times New Roman' not found.
findfont: Font family 'Times New Roman' not found.
findfont: Font family 'Times New Roman' not found.
findfont: Font family 'Times New Roman' not found.
findfont: Font family 'Times New Roman' not found.
findfont: Font family 'Times New Roman' not found.
findfont: Font family 'Times New Roman' not found.
findfont: Font family 'Times New Roman' not found.
findfont: Font family 'Times New Roman' not found.
findfont: Font family 'Times New Roman' not found.
findfont: Font family 'Times New Roman' not found.
findfont: Font family 'Times New Roman' not found.
findfont: Font family 'Times New Roman' not found.
findfont: Font family 'Times New Roman' not found.
findfont: Font family 'Times New Roman' not found.
findfont: Font family 'Times New Roman' not found.
findfont: Font family 'Times New Roman' not found.
findfont: Font family 'Times New Roman' not found.
findfont: Font family 'Times New Roman' not found.
findfont: Font family 'Times New Roman' not found.
findfont: Font family 'Times New Roman' not found.
findfont: Font family 'Times New Roman' not found.
findfont: Font family 'Times New Roman' not found.
findfont: Font family 'Times New Roman' not found.
findfont: Font family 'Times New Roman' not found.
findfont: Font family 'Times New Roman' not found.
findfont: Font family 'Times New Roman' not found.
findfont: Font family 'Times New Roman' not found.
findfont: Font family 'Times New Roman' not found.
findfont: Font family 'Times New Roman' not found.
findfont: Font family 'Times New Roman' not found.
findfont: Font family 'Times New Roman' not found.
findfont: Font family 'Times New Roman' not found.
findfont: Font family 'Times New Roman' not found.
findfont: Font family 'Times New Roman' not found.
findfont: Font family 'Times New Roman' not found.
findfont: Font family 'Times New Roman' not found.
findfont: Font family 'Times New Roman' not found.
findfont: Font family 'Times New Roman' not found.
findfont: Font family 'Times New Roman' not found.
findfont: Font family 'Times New Roman' not found.
findfont: Font family 'Times New Roman' not found.
findfont: Font family 'Times New Roman' not found.
findfont: Font family 'Times New Roman' not found.
findfont: Font family 'Times New Roman' not found.
findfont: Font family 'Times New Roman' not found.
findfont: Font family 'Times New Roman' not found.
findfont: Font family 'Times New Roman' not found.
findfont: Font family 'Times New Roman' not found.
findfont: Font family 'Times New Roman' not found.
findfont: Font family 'Times New Roman' not found.
findfont: Font family 'Times New Roman' not found.
findfont: Font family 'Times New Roman' not found.
findfont: Font family 'Times New Roman' not found.
findfont: Font family 'Times New Roman' not found.
findfont: Font family 'Times New Roman' not found.
findfont: Font family 'Times New Roman' not found.
findfont: Font family 'Times New Roman' not found.
findfont: Font family 'Times New Roman' not found.
findfont: Font family 'Times New Roman' not found.
findfont: Font family 'Times New Roman' not found.
findfont: Font family 'Times New Roman' not found.
findfont: Font family 'Times New Roman' not found.
findfont: Font family 'Times New Roman' not found.
findfont: Font family 'Times New Roman' not found.
findfont: Font family 'Times New Roman' not found.
findfont: Font family 'Times New Roman' not found.
findfont: Font family 'Times New Roman' not found.
findfont: Font family 'Times New Roman' not found.
findfont: Font family 'Times New Roman' not found.
findfont: Font family 'Times New Roman' not found.
findfont: Font family 'Times New Roman' not found.
findfont: Font family 'Times New Roman' not found.
findfont: Font family 'Times New Roman' not found.
findfont: Font family 'Times New Roman' not found.
findfont: Font family 'Times New Roman' not found.
findfont: Font family 'Times New Roman' not found.
findfont: Font family 'Times New Roman' not found.
findfont: Font family 'Times New Roman' not found.
findfont: Font family 'Times New Roman' not found.
findfont: Font family 'Times New Roman' not found.
findfont: Font family 'Times New Roman' not found.
findfont: Font family 'Times New Roman' not found.
findfont: Font family 'Times New Roman' not found.
findfont: Font family 'Times New Roman' not found.
findfont: Font family 'Times New Roman' not found.
findfont: Font family 'Times New Roman' not found.
findfont: Font family 'Times New Roman' not found.
findfont: Font family 'Times New Roman' not found.
findfont: Font family 'Times New Roman' not found.
findfont: Font family 'Times New Roman' not found.
findfont: Font family 'Times New Roman' not found.
findfont: Font family 'Times New Roman' not found.
findfont: Font family 'Times New Roman' not found.
findfont: Font family 'Times New Roman' not found.
findfont: Font family 'Times New Roman' not found.
findfont: Font family 'Times New Roman' not found.
findfont: Font family 'Times New Roman' not found.
findfont: Font family 'Times New Roman' not found.
findfont: Font family 'Times New Roman' not found.
findfont: Font family 'Times New Roman' not found.
findfont: Font family 'Times New Roman' not found.
findfont: Font family 'Times New Roman' not found.
findfont: Font family 'Times New Roman' not found.
findfont: Font family 'Times New Roman' not found.
findfont: Font family 'Times New Roman' not found.
findfont: Font family 'Times New Roman' not found.
findfont: Font family 'Times New Roman' not found.
findfont: Font family 'Times New Roman' not found.
findfont: Font family 'Times New Roman' not found.
findfont: Font family 'Times New Roman' not found.
findfont: Font family 'Times New Roman' not found.
findfont: Font family 'Times New Roman' not found.
findfont: Font family 'Times New Roman' not found.
findfont: Font family 'Times New Roman' not found.
findfont: Font family 'Times New Roman' not found.
findfont: Font family 'Times New Roman' not found.
findfont: Font family 'Times New Roman' not found.
findfont: Font family 'Times New Roman' not found.
findfont: Font family 'Times New Roman' not found.
findfont: Font family 'Times New Roman' not found.
findfont: Font family 'Times New Roman' not found.
findfont: Font family 'Times New Roman' not found.
findfont: Font family 'Times New Roman' not found.
findfont: Font family 'Times New Roman' not found.
findfont: Font family 'Times New Roman' not found.
findfont: Font family 'Times New Roman' not found.
findfont: Font family 'Times New Roman' not found.
findfont: Font family 'Times New Roman' not found.
findfont: Font family 'Times New Roman' not found.
findfont: Font family 'Times New Roman' not found.
findfont: Font family 'Times New Roman' not found.
findfont: Font family 'Times New Roman' not found.
findfont: Font family 'Times New Roman' not found.
findfont: Font family 'Times New Roman' not found.
findfont: Font family 'Times New Roman' not found.
findfont: Font family 'Times New Roman' not found.
findfont: Font family 'Times New Roman' not found.
findfont: Font family 'Times New Roman' not found.
findfont: Font family 'Times New Roman' not found.
findfont: Font family 'Times New Roman' not found.
findfont: Font family 'Times New Roman' not found.
findfont: Font family 'Times New Roman' not found.
findfont: Font family 'Times New Roman' not found.
findfont: Font family 'Times New Roman' not found.
findfont: Font family 'Times New Roman' not found.
findfont: Font family 'Times New Roman' not found.
findfont: Font family 'Times New Roman' not found.
findfont: Font family 'Times New Roman' not found.
findfont: Font family 'Times New Roman' not found.
findfont: Font family 'Times New Roman' not found.
findfont: Font family 'Times New Roman' not found.
findfont: Font family 'Times New Roman' not found.
findfont: Font family 'Times New Roman' not found.
findfont: Font family 'Times New Roman' not found.
findfont: Font family 'Times New Roman' not found.
findfont: Font family 'Times New Roman' not found.
findfont: Font family 'Times New Roman' not found.
findfont: Font family 'Times New Roman' not found.
findfont: Font family 'Times New Roman' not found.
findfont: Font family 'Times New Roman' not found.
findfont: Font family 'Times New Roman' not found.
findfont: Font family 'Times New Roman' not found.
findfont: Font family 'Times New Roman' not found.
findfont: Font family 'Times New Roman' not found.
findfont: Font family 'Times New Roman' not found.
findfont: Font family 'Times New Roman' not found.
findfont: Font family 'Times New Roman' not found.
findfont: Font family 'Times New Roman' not found.
findfont: Font family 'Times New Roman' not found.
findfont: Font family 'Times New Roman' not found.
findfont: Font family 'Times New Roman' not found.
findfont: Font family 'Times New Roman' not found.
findfont: Font family 'Times New Roman' not found.
findfont: Font family 'Times New Roman' not found.
findfont: Font family 'Times New Roman' not found.
findfont: Font family 'Times New Roman' not found.
findfont: Font family 'Times New Roman' not found.
findfont: Font family 'Times New Roman' not found.
findfont: Font family 'Times New Roman' not found.
findfont: Font family 'Times New Roman' not found.
findfont: Font family 'Times New Roman' not found.
findfont: Font family 'Times New Roman' not found.
findfont: Font family 'Times New Roman' not found.
findfont: Font family 'Times New Roman' not found.
findfont: Font family 'Times New Roman' not found.
findfont: Font family 'Times New Roman' not found.
findfont: Font family 'Times New Roman' not found.
findfont: Font family 'Times New Roman' not found.
findfont: Font family 'Times New Roman' not found.
findfont: Font family 'Times New Roman' not found.
findfont: Font family 'Times New Roman' not found.
findfont: Font family 'Times New Roman' not found.
findfont: Font family 'Times New Roman' not found.
findfont: Font family 'Times New Roman' not found.
findfont: Font family 'Times New Roman' not found.
findfont: Font family 'Times New Roman' not found.
findfont: Font family 'Times New Roman' not found.
findfont: Font family 'Times New Roman' not found.
findfont: Font family 'Times New Roman' not found.
findfont: Font family 'Times New Roman' not found.
findfont: Font family 'Times New Roman' not found.
findfont: Font family 'Times New Roman' not found.
findfont: Font family 'Times New Roman' not found.
findfont: Font family 'Times New Roman' not found.
findfont: Font family 'Times New Roman' not found.
findfont: Font family 'Times New Roman' not found.
findfont: Font family 'Times New Roman' not found.
findfont: Font family 'Times New Roman' not found.
findfont: Font family 'Times New Roman' not found.
findfont: Font family 'Times New Roman' not found.
findfont: Font family 'Times New Roman' not found.
findfont: Font family 'Times New Roman' not found.
findfont: Font family 'Times New Roman' not found.
findfont: Font family 'Times New Roman' not found.
findfont: Font family 'Times New Roman' not found.
findfont: Font family 'Times New Roman' not found.
findfont: Font family 'Times New Roman' not found.
findfont: Font family 'Times New Roman' not found.
findfont: Font family 'Times New Roman' not found.
findfont: Font family 'Times New Roman' not found.
findfont: Font family 'Times New Roman' not found.
findfont: Font family 'Times New Roman' not found.
findfont: Font family 'Times New Roman' not found.
findfont: Font family 'Times New Roman' not found.
findfont: Font family 'Times New Roman' not found.
findfont: Font family 'Times New Roman' not found.
findfont: Font family 'Times New Roman' not found.
findfont: Font family 'Times New Roman' not found.
findfont: Font family 'Times New Roman' not found.
findfont: Font family 'Times New Roman' not found.
findfont: Font family 'Times New Roman' not found.
findfont: Font family 'Times New Roman' not found.
findfont: Font family 'Times New Roman' not found.
findfont: Font family 'Times New Roman' not found.
findfont: Font family 'Times New Roman' not found.
findfont: Font family 'Times New Roman' not found.
findfont: Font family 'Times New Roman' not found.
findfont: Font family 'Times New Roman' not found.
findfont: Font family 'Times New Roman' not found.
findfont: Font family 'Times New Roman' not found.
findfont: Font family 'Times New Roman' not found.
findfont: Font family 'Times New Roman' not found.
findfont: Font family 'Times New Roman' not found.
findfont: Font family 'Times New Roman' not found.
findfont: Font family 'Times New Roman' not found.
findfont: Font family 'Times New Roman' not found.
findfont: Font family 'Times New Roman' not found.
findfont: Font family 'Times New Roman' not found.
findfont: Font family 'Times New Roman' not found.
findfont: Font family 'Times New Roman' not found.
findfont: Font family 'Times New Roman' not found.
findfont: Font family 'Times New Roman' not found.
findfont: Font family 'Times New Roman' not found.
findfont: Font family 'Times New Roman' not found.
findfont: Font family 'Times New Roman' not found.
findfont: Font family 'Times New Roman' not found.
findfont: Font family 'Times New Roman' not found.
findfont: Font family 'Times New Roman' not found.
findfont: Font family 'Times New Roman' not found.
findfont: Font family 'Times New Roman' not found.
findfont: Font family 'Times New Roman' not found.
findfont: Font family 'Times New Roman' not found.
findfont: Font family 'Times New Roman' not found.
findfont: Font family 'Times New Roman' not found.
findfont: Font family 'Times New Roman' not found.
findfont: Font family 'Times New Roman' not found.
findfont: Font family 'Times New Roman' not found.
findfont: Font family 'Times New Roman' not found.
findfont: Font family 'Times New Roman' not found.
findfont: Font family 'Times New Roman' not found.
findfont: Font family 'Times New Roman' not found.
findfont: Font family 'Times New Roman' not found.
findfont: Font family 'Times New Roman' not found.
findfont: Font family 'Times New Roman' not found.
findfont: Font family 'Times New Roman' not found.
findfont: Font family 'Times New Roman' not found.
findfont: Font family 'Times New Roman' not found.
findfont: Font family 'Times New Roman' not found.
findfont: Font family 'Times New Roman' not found.
findfont: Font family 'Times New Roman' not found.
findfont: Font family 'Times New Roman' not found.
findfont: Font family 'Times New Roman' not found.
findfont: Font family 'Times New Roman' not found.
findfont: Font family 'Times New Roman' not found.
findfont: Font family 'Times New Roman' not found.
findfont: Font family 'Times New Roman' not found.
findfont: Font family 'Times New Roman' not found.
findfont: Font family 'Times New Roman' not found.
findfont: Font family 'Times New Roman' not found.
findfont: Font family 'Times New Roman' not found.
findfont: Font family 'Times New Roman' not found.
findfont: Font family 'Times New Roman' not found.
findfont: Font family 'Times New Roman' not found.
findfont: Font family 'Times New Roman' not found.
findfont: Font family 'Times New Roman' not found.
findfont: Font family 'Times New Roman' not found.
findfont: Font family 'Times New Roman' not found.
findfont: Font family 'Times New Roman' not found.
findfont: Font family 'Times New Roman' not found.
findfont: Font family 'Times New Roman' not found.
findfont: Font family 'Times New Roman' not found.
findfont: Font family 'Times New Roman' not found.
findfont: Font family 'Times New Roman' not found.
findfont: Font family 'Times New Roman' not found.
findfont: Font family 'Times New Roman' not found.
findfont: Font family 'Times New Roman' not found.
findfont: Font family 'Times New Roman' not found.
findfont: Font family 'Times New Roman' not found.
findfont: Font family 'Times New Roman' not found.
findfont: Font family 'Times New Roman' not found.
findfont: Font family 'Times New Roman' not found.
findfont: Font family 'Times New Roman' not found.
findfont: Font family 'Times New Roman' not found.
findfont: Font family 'Times New Roman' not found.
findfont: Font family 'Times New Roman' not found.
findfont: Font family 'Times New Roman' not found.
findfont: Font family 'Times New Roman' not found.
findfont: Font family 'Times New Roman' not found.
findfont: Font family 'Times New Roman' not found.
findfont: Font family 'Times New Roman' not found.
findfont: Font family 'Times New Roman' not found.
findfont: Font family 'Times New Roman' not found.
findfont: Font family 'Times New Roman' not found.
findfont: Font family 'Times New Roman' not found.
findfont: Font family 'Times New Roman' not found.
findfont: Font family 'Times New Roman' not found.
findfont: Font family 'Times New Roman' not found.
findfont: Font family 'Times New Roman' not found.
findfont: Font family 'Times New Roman' not found.
findfont: Font family 'Times New Roman' not found.
findfont: Font family 'Times New Roman' not found.
findfont: Font family 'Times New Roman' not found.
findfont: Font family 'Times New Roman' not found.
findfont: Font family 'Times New Roman' not found.
findfont: Font family 'Times New Roman' not found.
findfont: Font family 'Times New Roman' not found.
findfont: Font family 'Times New Roman' not found.
findfont: Font family 'Times New Roman' not found.
findfont: Font family 'Times New Roman' not found.
findfont: Font family 'Times New Roman' not found.
findfont: Font family 'Times New Roman' not found.
findfont: Font family 'Times New Roman' not found.
findfont: Font family 'Times New Roman' not found.
findfont: Font family 'Times New Roman' not found.
findfont: Font family 'Times New Roman' not found.
findfont: Font family 'Times New Roman' not found.
findfont: Font family 'Times New Roman' not found.
findfont: Font family 'Times New Roman' not found.
findfont: Font family 'Times New Roman' not found.
findfont: Font family 'Times New Roman' not found.
findfont: Font family 'Times New Roman' not found.
findfont: Font family 'Times New Roman' not found.
findfont: Font family 'Times New Roman' not found.
findfont: Font family 'Times New Roman' not found.
findfont: Font family 'Times New Roman' not found.
findfont: Font family 'Times New Roman' not found.
findfont: Font family 'Times New Roman' not found.
findfont: Font family 'Times New Roman' not found.
findfont: Font family 'Times New Roman' not found.
findfont: Font family 'Times New Roman' not found.
findfont: Font family 'Times New Roman' not found.
findfont: Font family 'Times New Roman' not found.
findfont: Font family 'Times New Roman' not found.
findfont: Font family 'Times New Roman' not found.
findfont: Font family 'Times New Roman' not found.
findfont: Font family 'Times New Roman' not found.
findfont: Font family 'Times New Roman' not found.
findfont: Font family 'Times New Roman' not found.
findfont: Font family 'Times New Roman' not found.
findfont: Font family 'Times New Roman' not found.
findfont: Font family 'Times New Roman' not found.
findfont: Font family 'Times New Roman' not found.
findfont: Font family 'Times New Roman' not found.
findfont: Font family 'Times New Roman' not found.
findfont: Font family 'Times New Roman' not found.
findfont: Font family 'Times New Roman' not found.
findfont: Font family 'Times New Roman' not found.
findfont: Font family 'Times New Roman' not found.
findfont: Font family 'Times New Roman' not found.
findfont: Font family 'Times New Roman' not found.
findfont: Font family 'Times New Roman' not found.
findfont: Font family 'Times New Roman' not found.
findfont: Font family 'Times New Roman' not found.
findfont: Font family 'Times New Roman' not found.
findfont: Font family 'Times New Roman' not found.
findfont: Font family 'Times New Roman' not found.
findfont: Font family 'Times New Roman' not found.
findfont: Font family 'Times New Roman' not found.
findfont: Font family 'Times New Roman' not found.
findfont: Font family 'Times New Roman' not found.
findfont: Font family 'Times New Roman' not found.
findfont: Font family 'Times New Roman' not found.
findfont: Font family 'Times New Roman' not found.
findfont: Font family 'Times New Roman' not found.
findfont: Font family 'Times New Roman' not found.
findfont: Font family 'Times New Roman' not found.
findfont: Font family 'Times New Roman' not found.
findfont: Font family 'Times New Roman' not found.
findfont: Font family 'Times New Roman' not found.
findfont: Font family 'Times New Roman' not found.
findfont: Font family 'Times New Roman' not found.
findfont: Font family 'Times New Roman' not found.
findfont: Font family 'Times New Roman' not found.
findfont: Font family 'Times New Roman' not found.
findfont: Font family 'Times New Roman' not found.
findfont: Font family 'Times New Roman' not found.
findfont: Font family 'Times New Roman' not found.
findfont: Font family 'Times New Roman' not found.
findfont: Font family 'Times New Roman' not found.
findfont: Font family 'Times New Roman' not found.
findfont: Font family 'Times New Roman' not found.
findfont: Font family 'Times New Roman' not found.
findfont: Font family 'Times New Roman' not found.
findfont: Font family 'Times New Roman' not found.
findfont: Font family 'Times New Roman' not found.
findfont: Font family 'Times New Roman' not found.
findfont: Font family 'Times New Roman' not found.
findfont: Font family 'Times New Roman' not found.
findfont: Font family 'Times New Roman' not found.
findfont: Font family 'Times New Roman' not found.
findfont: Font family 'Times New Roman' not found.
findfont: Font family 'Times New Roman' not found.
findfont: Font family 'Times New Roman' not found.
findfont: Font family 'Times New Roman' not found.
findfont: Font family 'Times New Roman' not found.
findfont: Font family 'Times New Roman' not found.
findfont: Font family 'Times New Roman' not found.
findfont: Font family 'Times New Roman' not found.
findfont: Font family 'Times New Roman' not found.
findfont: Font family 'Times New Roman' not found.
findfont: Font family 'Times New Roman' not found.
findfont: Font family 'Times New Roman' not found.
findfont: Font family 'Times New Roman' not found.
findfont: Font family 'Times New Roman' not found.
findfont: Font family 'Times New Roman' not found.
findfont: Font family 'Times New Roman' not found.
findfont: Font family 'Times New Roman' not found.
findfont: Font family 'Times New Roman' not found.
findfont: Font family 'Times New Roman' not found.
findfont: Font family 'Times New Roman' not found.
findfont: Font family 'Times New Roman' not found.
findfont: Font family 'Times New Roman' not found.
findfont: Font family 'Times New Roman' not found.
findfont: Font family 'Times New Roman' not found.
findfont: Font family 'Times New Roman' not found.
findfont: Font family 'Times New Roman' not found.
findfont: Font family 'Times New Roman' not found.
findfont: Font family 'Times New Roman' not found.
findfont: Font family 'Times New Roman' not found.
findfont: Font family 'Times New Roman' not found.
findfont: Font family 'Times New Roman' not found.
findfont: Font family 'Times New Roman' not found.
findfont: Font family 'Times New Roman' not found.
findfont: Font family 'Times New Roman' not found.
findfont: Font family 'Times New Roman' not found.
findfont: Font family 'Times New Roman' not found.
findfont: Font family 'Times New Roman' not found.
findfont: Font family 'Times New Roman' not found.
findfont: Font family 'Times New Roman' not found.
findfont: Font family 'Times New Roman' not found.
findfont: Font family 'Times New Roman' not found.
findfont: Font family 'Times New Roman' not found.
findfont: Font family 'Times New Roman' not found.
findfont: Font family 'Times New Roman' not found.
findfont: Font family 'Times New Roman' not found.
findfont: Font family 'Times New Roman' not found.
findfont: Font family 'Times New Roman' not found.
findfont: Font family 'Times New Roman' not found.
findfont: Font family 'Times New Roman' not found.
findfont: Font family 'Times New Roman' not found.
findfont: Font family 'Times New Roman' not found.
findfont: Font family 'Times New Roman' not found.
findfont: Font family 'Times New Roman' not found.
findfont: Font family 'Times New Roman' not found.
findfont: Font family 'Times New Roman' not found.
findfont: Font family 'Times New Roman' not found.
findfont: Font family 'Times New Roman' not found.
findfont: Font family 'Times New Roman' not found.
findfont: Font family 'Times New Roman' not found.
findfont: Font family 'Times New Roman' not found.
findfont: Font family 'Times New Roman' not found.
findfont: Font family 'Times New Roman' not found.
findfont: Font family 'Times New Roman' not found.
findfont: Font family 'Times New Roman' not found.
findfont: Font family 'Times New Roman' not found.
findfont: Font family 'Times New Roman' not found.
findfont: Font family 'Times New Roman' not found.
findfont: Font family 'Times New Roman' not found.
findfont: Font family 'Times New Roman' not found.
findfont: Font family 'Times New Roman' not found.
findfont: Font family 'Times New Roman' not found.
findfont: Font family 'Times New Roman' not found.
findfont: Font family 'Times New Roman' not found.
findfont: Font family 'Times New Roman' not found.
findfont: Font family 'Times New Roman' not found.
findfont: Font family 'Times New Roman' not found.
findfont: Font family 'Times New Roman' not found.
findfont: Font family 'Times New Roman' not found.
findfont: Font family 'Times New Roman' not found.
findfont: Font family 'Times New Roman' not found.
findfont: Font family 'Times New Roman' not found.
findfont: Font family 'Times New Roman' not found.
findfont: Font family 'Times New Roman' not found.
findfont: Font family 'Times New Roman' not found.
findfont: Font family 'Times New Roman' not found.
findfont: Font family 'Times New Roman' not found.
findfont: Font family 'Times New Roman' not found.
findfont: Font family 'Times New Roman' not found.
findfont: Font family 'Times New Roman' not found.
findfont: Font family 'Times New Roman' not found.
findfont: Font family 'Times New Roman' not found.
findfont: Font family 'Times New Roman' not found.
findfont: Font family 'Times New Roman' not found.
findfont: Font family 'Times New Roman' not found.
findfont: Font family 'Times New Roman' not found.
findfont: Font family 'Times New Roman' not found.
findfont: Font family 'Times New Roman' not found.
findfont: Font family 'Times New Roman' not found.
findfont: Font family 'Times New Roman' not found.
findfont: Font family 'Times New Roman' not found.
findfont: Font family 'Times New Roman' not found.
findfont: Font family 'Times New Roman' not found.
findfont: Font family 'Times New Roman' not found.
findfont: Font family 'Times New Roman' not found.
findfont: Font family 'Times New Roman' not found.
findfont: Font family 'Times New Roman' not found.
findfont: Font family 'Times New Roman' not found.
findfont: Font family 'Times New Roman' not found.
findfont: Font family 'Times New Roman' not found.
findfont: Font family 'Times New Roman' not found.
findfont: Font family 'Times New Roman' not found.
findfont: Font family 'Times New Roman' not found.
findfont: Font family 'Times New Roman' not found.
findfont: Font family 'Times New Roman' not found.
findfont: Font family 'Times New Roman' not found.
findfont: Font family 'Times New Roman' not found.
findfont: Font family 'Times New Roman' not found.
findfont: Font family 'Times New Roman' not found.
findfont: Font family 'Times New Roman' not found.
findfont: Font family 'Times New Roman' not found.
findfont: Font family 'Times New Roman' not found.
findfont: Font family 'Times New Roman' not found.
findfont: Font family 'Times New Roman' not found.
findfont: Font family 'Times New Roman' not found.
findfont: Font family 'Times New Roman' not found.
findfont: Font family 'Times New Roman' not found.
findfont: Font family 'Times New Roman' not found.
findfont: Font family 'Times New Roman' not found.
findfont: Font family 'Times New Roman' not found.
findfont: Font family 'Times New Roman' not found.
findfont: Font family 'Times New Roman' not found.
findfont: Font family 'Times New Roman' not found.
findfont: Font family 'Times New Roman' not found.
findfont: Font family 'Times New Roman' not found.
findfont: Font family 'Times New Roman' not found.
findfont: Font family 'Times New Roman' not found.
findfont: Font family 'Times New Roman' not found.
findfont: Font family 'Times New Roman' not found.
findfont: Font family 'Times New Roman' not found.
findfont: Font family 'Times New Roman' not found.
findfont: Font family 'Times New Roman' not found.
findfont: Font family 'Times New Roman' not found.
findfont: Font family 'Times New Roman' not found.
findfont: Font family 'Times New Roman' not found.
findfont: Font family 'Times New Roman' not found.
findfont: Font family 'Times New Roman' not found.
findfont: Font family 'Times New Roman' not found.
findfont: Font family 'Times New Roman' not found.
findfont: Font family 'Times New Roman' not found.
findfont: Font family 'Times New Roman' not found.
findfont: Font family 'Times New Roman' not found.
findfont: Font family 'Times New Roman' not found.
findfont: Font family 'Times New Roman' not found.
findfont: Font family 'Times New Roman' not found.
findfont: Font family 'Times New Roman' not found.
findfont: Font family 'Times New Roman' not found.
findfont: Font family 'Times New Roman' not found.
findfont: Font family 'Times New Roman' not found.
findfont: Font family 'Times New Roman' not found.
findfont: Font family 'Times New Roman' not found.
findfont: Font family 'Times New Roman' not found.
findfont: Font family 'Times New Roman' not found.
findfont: Font family 'Times New Roman' not found.
findfont: Font family 'Times New Roman' not found.
findfont: Font family 'Times New Roman' not found.
findfont: Font family 'Times New Roman' not found.
findfont: Font family 'Times New Roman' not found.
findfont: Font family 'Times New Roman' not found.
findfont: Font family 'Times New Roman' not found.
findfont: Font family 'Times New Roman' not found.
findfont: Font family 'Times New Roman' not found.
findfont: Font family 'Times New Roman' not found.
findfont: Font family 'Times New Roman' not found.
findfont: Font family 'Times New Roman' not found.
findfont: Font family 'Times New Roman' not found.
findfont: Font family 'Times New Roman' not found.
findfont: Font family 'Times New Roman' not found.
findfont: Font family 'Times New Roman' not found.
findfont: Font family 'Times New Roman' not found.
findfont: Font family 'Times New Roman' not found.
findfont: Font family 'Times New Roman' not found.
findfont: Font family 'Times New Roman' not found.
findfont: Font family 'Times New Roman' not found.
findfont: Font family 'Times New Roman' not found.
findfont: Font family 'Times New Roman' not found.
findfont: Font family 'Times New Roman' not found.
findfont: Font family 'Times New Roman' not found.
findfont: Font family 'Times New Roman' not found.
findfont: Font family 'Times New Roman' not found.
findfont: Font family 'Times New Roman' not found.
findfont: Font family 'Times New Roman' not found.
findfont: Font family 'Times New Roman' not found.
findfont: Font family 'Times New Roman' not found.
findfont: Font family 'Times New Roman' not found.
findfont: Font family 'Times New Roman' not found.
findfont: Font family 'Times New Roman' not found.
findfont: Font family 'Times New Roman' not found.
findfont: Font family 'Times New Roman' not found.
findfont: Font family 'Times New Roman' not found.
findfont: Font family 'Times New Roman' not found.
findfont: Font family 'Times New Roman' not found.
findfont: Font family 'Times New Roman' not found.
findfont: Font family 'Times New Roman' not found.
findfont: Font family 'Times New Roman' not found.
findfont: Font family 'Times New Roman' not found.
findfont: Font family 'Times New Roman' not found.
findfont: Font family 'Times New Roman' not found.
findfont: Font family 'Times New Roman' not found.
findfont: Font family 'Times New Roman' not found.
findfont: Font family 'Times New Roman' not found.
findfont: Font family 'Times New Roman' not found.
findfont: Font family 'Times New Roman' not found.
findfont: Font family 'Times New Roman' not found.
findfont: Font family 'Times New Roman' not found.
findfont: Font family 'Times New Roman' not found.
findfont: Font family 'Times New Roman' not found.
findfont: Font family 'Times New Roman' not found.
findfont: Font family 'Times New Roman' not found.
findfont: Font family 'Times New Roman' not found.
findfont: Font family 'Times New Roman' not found.
findfont: Font family 'Times New Roman' not found.
findfont: Font family 'Times New Roman' not found.
findfont: Font family 'Times New Roman' not found.
findfont: Font family 'Times New Roman' not found.
findfont: Font family 'Times New Roman' not found.
findfont: Font family 'Times New Roman' not found.
findfont: Font family 'Times New Roman' not found.
findfont: Font family 'Times New Roman' not found.
findfont: Font family 'Times New Roman' not found.
findfont: Font family 'Times New Roman' not found.
findfont: Font family 'Times New Roman' not found.
findfont: Font family 'Times New Roman' not found.
findfont: Font family 'Times New Roman' not found.
findfont: Font family 'Times New Roman' not found.
findfont: Font family 'Times New Roman' not found.
findfont: Font family 'Times New Roman' not found.
findfont: Font family 'Times New Roman' not found.
findfont: Font family 'Times New Roman' not found.
findfont: Font family 'Times New Roman' not found.
findfont: Font family 'Times New Roman' not found.
findfont: Font family 'Times New Roman' not found.
findfont: Font family 'Times New Roman' not found.
findfont: Font family 'Times New Roman' not found.
findfont: Font family 'Times New Roman' not found.
findfont: Font family 'Times New Roman' not found.
findfont: Font family 'Times New Roman' not found.
findfont: Font family 'Times New Roman' not found.
findfont: Font family 'Times New Roman' not found.
findfont: Font family 'Times New Roman' not found.
findfont: Font family 'Times New Roman' not found.
findfont: Font family 'Times New Roman' not found.
findfont: Font family 'Times New Roman' not found.
findfont: Font family 'Times New Roman' not found.
findfont: Font family 'Times New Roman' not found.
findfont: Font family 'Times New Roman' not found.
findfont: Font family 'Times New Roman' not found.
findfont: Font family 'Times New Roman' not found.
findfont: Font family 'Times New Roman' not found.
findfont: Font family 'Times New Roman' not found.
findfont: Font family 'Times New Roman' not found.
findfont: Font family 'Times New Roman' not found.
findfont: Font family 'Times New Roman' not found.
findfont: Font family 'Times New Roman' not found.
findfont: Font family 'Times New Roman' not found.
findfont: Font family 'Times New Roman' not found.
findfont: Font family 'Times New Roman' not found.
findfont: Font family 'Times New Roman' not found.
findfont: Font family 'Times New Roman' not found.
findfont: Font family 'Times New Roman' not found.
findfont: Font family 'Times New Roman' not found.
findfont: Font family 'Times New Roman' not found.
findfont: Font family 'Times New Roman' not found.
findfont: Font family 'Times New Roman' not found.
findfont: Font family 'Times New Roman' not found.
findfont: Font family 'Times New Roman' not found.
findfont: Font family 'Times New Roman' not found.
findfont: Font family 'Times New Roman' not found.
findfont: Font family 'Times New Roman' not found.
findfont: Font family 'Times New Roman' not found.
findfont: Font family 'Times New Roman' not found.
findfont: Font family 'Times New Roman' not found.
findfont: Font family 'Times New Roman' not found.
findfont: Font family 'Times New Roman' not found.
findfont: Font family 'Times New Roman' not found.
findfont: Font family 'Times New Roman' not found.
findfont: Font family 'Times New Roman' not found.
findfont: Font family 'Times New Roman' not found.
findfont: Font family 'Times New Roman' not found.
findfont: Font family 'Times New Roman' not found.
findfont: Font family 'Times New Roman' not found.
findfont: Font family 'Times New Roman' not found.
findfont: Font family 'Times New Roman' not found.
findfont: Font family 'Times New Roman' not found.
findfont: Font family 'Times New Roman' not found.
findfont: Font family 'Times New Roman' not found.
findfont: Font family 'Times New Roman' not found.
findfont: Font family 'Times New Roman' not found.
findfont: Font family 'Times New Roman' not found.
findfont: Font family 'Times New Roman' not found.
findfont: Font family 'Times New Roman' not found.
findfont: Font family 'Times New Roman' not found.
findfont: Font family 'Times New Roman' not found.
findfont: Font family 'Times New Roman' not found.
findfont: Font family 'Times New Roman' not found.
findfont: Font family 'Times New Roman' not found.
findfont: Font family 'Times New Roman' not found.
findfont: Font family 'Times New Roman' not found.
findfont: Font family 'Times New Roman' not found.
findfont: Font family 'Times New Roman' not found.
findfont: Font family 'Times New Roman' not found.
findfont: Font family 'Times New Roman' not found.
findfont: Font family 'Times New Roman' not found.
findfont: Font family 'Times New Roman' not found.
findfont: Font family 'Times New Roman' not found.
findfont: Font family 'Times New Roman' not found.
findfont: Font family 'Times New Roman' not found.
findfont: Font family 'Times New Roman' not found.
findfont: Font family 'Times New Roman' not found.
findfont: Font family 'Times New Roman' not found.
findfont: Font family 'Times New Roman' not found.
findfont: Font family 'Times New Roman' not found.
findfont: Font family 'Times New Roman' not found.
findfont: Font family 'Times New Roman' not found.
findfont: Font family 'Times New Roman' not found.
findfont: Font family 'Times New Roman' not found.
findfont: Font family 'Times New Roman' not found.
findfont: Font family 'Times New Roman' not found.
findfont: Font family 'Times New Roman' not found.
findfont: Font family 'Times New Roman' not found.
findfont: Font family 'Times New Roman' not found.
findfont: Font family 'Times New Roman' not found.
findfont: Font family 'Times New Roman' not found.
findfont: Font family 'Times New Roman' not found.
findfont: Font family 'Times New Roman' not found.
findfont: Font family 'Times New Roman' not found.
findfont: Font family 'Times New Roman' not found.
findfont: Font family 'Times New Roman' not found.
findfont: Font family 'Times New Roman' not found.
findfont: Font family 'Times New Roman' not found.
findfont: Font family 'Times New Roman' not found.
findfont: Font family 'Times New Roman' not found.
findfont: Font family 'Times New Roman' not found.
findfont: Font family 'Times New Roman' not found.
findfont: Font family 'Times New Roman' not found.
findfont: Font family 'Times New Roman' not found.
findfont: Font family 'Times New Roman' not found.
findfont: Font family 'Times New Roman' not found.
findfont: Font family 'Times New Roman' not found.
findfont: Font family 'Times New Roman' not found.
findfont: Font family 'Times New Roman' not found.
findfont: Font family 'Times New Roman' not found.
findfont: Font family 'Times New Roman' not found.
findfont: Font family 'Times New Roman' not found.
findfont: Font family 'Times New Roman' not found.
findfont: Font family 'Times New Roman' not found.
findfont: Font family 'Times New Roman' not found.
findfont: Font family 'Times New Roman' not found.
findfont: Font family 'Times New Roman' not found.
findfont: Font family 'Times New Roman' not found.
findfont: Font family 'Times New Roman' not found.
findfont: Font family 'Times New Roman' not found.
findfont: Font family 'Times New Roman' not found.
findfont: Font family 'Times New Roman' not found.
findfont: Font family 'Times New Roman' not found.
findfont: Font family 'Times New Roman' not found.
findfont: Font family 'Times New Roman' not found.
findfont: Font family 'Times New Roman' not found.
findfont: Font family 'Times New Roman' not found.
findfont: Font family 'Times New Roman' not found.
findfont: Font family 'Times New Roman' not found.
findfont: Font family 'Times New Roman' not found.
findfont: Font family 'Times New Roman' not found.
findfont: Font family 'Times New Roman' not found.
findfont: Font family 'Times New Roman' not found.
findfont: Font family 'Times New Roman' not found.
findfont: Font family 'Times New Roman' not found.
findfont: Font family 'Times New Roman' not found.
findfont: Font family 'Times New Roman' not found.
findfont: Font family 'Times New Roman' not found.
findfont: Font family 'Times New Roman' not found.
findfont: Font family 'Times New Roman' not found.
findfont: Font family 'Times New Roman' not found.
findfont: Font family 'Times New Roman' not found.
findfont: Font family 'Times New Roman' not found.
findfont: Font family 'Times New Roman' not found.
findfont: Font family 'Times New Roman' not found.
findfont: Font family 'Times New Roman' not found.
findfont: Font family 'Times New Roman' not found.
findfont: Font family 'Times New Roman' not found.
findfont: Font family 'Times New Roman' not found.
findfont: Font family 'Times New Roman' not found.
findfont: Font family 'Times New Roman' not found.
findfont: Font family 'Times New Roman' not found.
findfont: Font family 'Times New Roman' not found.
findfont: Font family 'Times New Roman' not found.
findfont: Font family 'Times New Roman' not found.
findfont: Font family 'Times New Roman' not found.
findfont: Font family 'Times New Roman' not found.
findfont: Font family 'Times New Roman' not found.
findfont: Font family 'Times New Roman' not found.
findfont: Font family 'Times New Roman' not found.
findfont: Font family 'Times New Roman' not found.
findfont: Font family 'Times New Roman' not found.
findfont: Font family 'Times New Roman' not found.
findfont: Font family 'Times New Roman' not found.
findfont: Font family 'Times New Roman' not found.
findfont: Font family 'Times New Roman' not found.
findfont: Font family 'Times New Roman' not found.
findfont: Font family 'Times New Roman' not found.
findfont: Font family 'Times New Roman' not found.
findfont: Font family 'Times New Roman' not found.
findfont: Font family 'Times New Roman' not found.
findfont: Font family 'Times New Roman' not found.
findfont: Font family 'Times New Roman' not found.
findfont: Font family 'Times New Roman' not found.
findfont: Font family 'Times New Roman' not found.
findfont: Font family 'Times New Roman' not found.
findfont: Font family 'Times New Roman' not found.
findfont: Font family 'Times New Roman' not found.
findfont: Font family 'Times New Roman' not found.
findfont: Font family 'Times New Roman' not found.
findfont: Font family 'Times New Roman' not found.
findfont: Font family 'Times New Roman' not found.
findfont: Font family 'Times New Roman' not found.
findfont: Font family 'Times New Roman' not found.
findfont: Font family 'Times New Roman' not found.
findfont: Font family 'Times New Roman' not found.
findfont: Font family 'Times New Roman' not found.
findfont: Font family 'Times New Roman' not found.
findfont: Font family 'Times New Roman' not found.
findfont: Font family 'Times New Roman' not found.
findfont: Font family 'Times New Roman' not found.
findfont: Font family 'Times New Roman' not found.
findfont: Font family 'Times New Roman' not found.
findfont: Font family 'Times New Roman' not found.
findfont: Font family 'Times New Roman' not found.
findfont: Font family 'Times New Roman' not found.
findfont: Font family 'Times New Roman' not found.
findfont: Font family 'Times New Roman' not found.
findfont: Font family 'Times New Roman' not found.
findfont: Font family 'Times New Roman' not found.
findfont: Font family 'Times New Roman' not found.
findfont: Font family 'Times New Roman' not found.
findfont: Font family 'Times New Roman' not found.
findfont: Font family 'Times New Roman' not found.
findfont: Font family 'Times New Roman' not found.
findfont: Font family 'Times New Roman' not found.
findfont: Font family 'Times New Roman' not found.
findfont: Font family 'Times New Roman' not found.
findfont: Font family 'Times New Roman' not found.
findfont: Font family 'Times New Roman' not found.
findfont: Font family 'Times New Roman' not found.
findfont: Font family 'Times New Roman' not found.
findfont: Font family 'Times New Roman' not found.
findfont: Font family 'Times New Roman' not found.
findfont: Font family 'Times New Roman' not found.
findfont: Font family 'Times New Roman' not found.
findfont: Font family 'Times New Roman' not found.
findfont: Font family 'Times New Roman' not found.
findfont: Font family 'Times New Roman' not found.
findfont: Font family 'Times New Roman' not found.
findfont: Font family 'Times New Roman' not found.
findfont: Font family 'Times New Roman' not found.
findfont: Font family 'Times New Roman' not found.
findfont: Font family 'Times New Roman' not found.
findfont: Font family 'Times New Roman' not found.
findfont: Font family 'Times New Roman' not found.
findfont: Font family 'Times New Roman' not found.
findfont: Font family 'Times New Roman' not found.
findfont: Font family 'Times New Roman' not found.
findfont: Font family 'Times New Roman' not found.
findfont: Font family 'Times New Roman' not found.
findfont: Font family 'Times New Roman' not found.
findfont: Font family 'Times New Roman' not found.
findfont: Font family 'Times New Roman' not found.
findfont: Font family 'Times New Roman' not found.
findfont: Font family 'Times New Roman' not found.
findfont: Font family 'Times New Roman' not found.
findfont: Font family 'Times New Roman' not found.
findfont: Font family 'Times New Roman' not found.
findfont: Font family 'Times New Roman' not found.
findfont: Font family 'Times New Roman' not found.
findfont: Font family 'Times New Roman' not found.
findfont: Font family 'Times New Roman' not found.
findfont: Font family 'Times New Roman' not found.
findfont: Font family 'Times New Roman' not found.
findfont: Font family 'Times New Roman' not found.
findfont: Font family 'Times New Roman' not found.
findfont: Font family 'Times New Roman' not found.
findfont: Font family 'Times New Roman' not found.
findfont: Font family 'Times New Roman' not found.
findfont: Font family 'Times New Roman' not found.
findfont: Font family 'Times New Roman' not found.
findfont: Font family 'Times New Roman' not found.
findfont: Font family 'Times New Roman' not found.
findfont: Font family 'Times New Roman' not found.
findfont: Font family 'Times New Roman' not found.
findfont: Font family 'Times New Roman' not found.
findfont: Font family 'Times New Roman' not found.
findfont: Font family 'Times New Roman' not found.
findfont: Font family 'Times New Roman' not found.
findfont: Font family 'Times New Roman' not found.
findfont: Font family 'Times New Roman' not found.
findfont: Font family 'Times New Roman' not found.
findfont: Font family 'Times New Roman' not found.
findfont: Font family 'Times New Roman' not found.
findfont: Font family 'Times New Roman' not found.
findfont: Font family 'Times New Roman' not found.
findfont: Font family 'Times New Roman' not found.
findfont: Font family 'Times New Roman' not found.
findfont: Font family 'Times New Roman' not found.
findfont: Font family 'Times New Roman' not found.
findfont: Font family 'Times New Roman' not found.
findfont: Font family 'Times New Roman' not found.
findfont: Font family 'Times New Roman' not found.
findfont: Font family 'Times New Roman' not found.
findfont: Font family 'Times New Roman' not found.
findfont: Font family 'Times New Roman' not found.
findfont: Font family 'Times New Roman' not found.
findfont: Font family 'Times New Roman' not found.
findfont: Font family 'Times New Roman' not found.
findfont: Font family 'Times New Roman' not found.
findfont: Font family 'Times New Roman' not found.
findfont: Font family 'Times New Roman' not found.
findfont: Font family 'Times New Roman' not found.
findfont: Font family 'Times New Roman' not found.
findfont: Font family 'Times New Roman' not found.
findfont: Font family 'Times New Roman' not found.
findfont: Font family 'Times New Roman' not found.
findfont: Font family 'Times New Roman' not found.
findfont: Font family 'Times New Roman' not found.
findfont: Font family 'Times New Roman' not found.
findfont: Font family 'Times New Roman' not found.
findfont: Font family 'Times New Roman' not found.
findfont: Font family 'Times New Roman' not found.
findfont: Font family 'Times New Roman' not found.
findfont: Font family 'Times New Roman' not found.
findfont: Font family 'Times New Roman' not found.
findfont: Font family 'Times New Roman' not found.
findfont: Font family 'Times New Roman' not found.
findfont: Font family 'Times New Roman' not found.
findfont: Font family 'Times New Roman' not found.
findfont: Font family 'Times New Roman' not found.
findfont: Font family 'Times New Roman' not found.
findfont: Font family 'Times New Roman' not found.
findfont: Font family 'Times New Roman' not found.
findfont: Font family 'Times New Roman' not found.
findfont: Font family 'Times New Roman' not found.
findfont: Font family 'Times New Roman' not found.
findfont: Font family 'Times New Roman' not found.
findfont: Font family 'Times New Roman' not found.
findfont: Font family 'Times New Roman' not found.
findfont: Font family 'Times New Roman' not found.
findfont: Font family 'Times New Roman' not found.
findfont: Font family 'Times New Roman' not found.
findfont: Font family 'Times New Roman' not found.
findfont: Font family 'Times New Roman' not found.
findfont: Font family 'Times New Roman' not found.
findfont: Font family 'Times New Roman' not found.
findfont: Font family 'Times New Roman' not found.
findfont: Font family 'Times New Roman' not found.
findfont: Font family 'Times New Roman' not found.
findfont: Font family 'Times New Roman' not found.
findfont: Font family 'Times New Roman' not found.
findfont: Font family 'Times New Roman' not found.
findfont: Font family 'Times New Roman' not found.
findfont: Font family 'Times New Roman' not found.
findfont: Font family 'Times New Roman' not found.
findfont: Font family 'Times New Roman' not found.
findfont: Font family 'Times New Roman' not found.
findfont: Font family 'Times New Roman' not found.
findfont: Font family 'Times New Roman' not found.
findfont: Font family 'Times New Roman' not found.
findfont: Font family 'Times New Roman' not found.
findfont: Font family 'Times New Roman' not found.
findfont: Font family 'Times New Roman' not found.
findfont: Font family 'Times New Roman' not found.
findfont: Font family 'Times New Roman' not found.
findfont: Font family 'Times New Roman' not found.
findfont: Font family 'Times New Roman' not found.
findfont: Font family 'Times New Roman' not found.
findfont: Font family 'Times New Roman' not found.
findfont: Font family 'Times New Roman' not found.
findfont: Font family 'Times New Roman' not found.
findfont: Font family 'Times New Roman' not found.
findfont: Font family 'Times New Roman' not found.
findfont: Font family 'Times New Roman' not found.
findfont: Font family 'Times New Roman' not found.
findfont: Font family 'Times New Roman' not found.
findfont: Font family 'Times New Roman' not found.
findfont: Font family 'Times New Roman' not found.
findfont: Font family 'Times New Roman' not found.
findfont: Font family 'Times New Roman' not found.
findfont: Font family 'Times New Roman' not found.
findfont: Font family 'Times New Roman' not found.
findfont: Font family 'Times New Roman' not found.
findfont: Font family 'Times New Roman' not found.
findfont: Font family 'Times New Roman' not found.
findfont: Font family 'Times New Roman' not found.
findfont: Font family 'Times New Roman' not found.
findfont: Font family 'Times New Roman' not found.
findfont: Font family 'Times New Roman' not found.
findfont: Font family 'Times New Roman' not found.
findfont: Font family 'Times New Roman' not found.
findfont: Font family 'Times New Roman' not found.
findfont: Font family 'Times New Roman' not found.
findfont: Font family 'Times New Roman' not found.
findfont: Font family 'Times New Roman' not found.
findfont: Font family 'Times New Roman' not found.
findfont: Font family 'Times New Roman' not found.
findfont: Font family 'Times New Roman' not found.
findfont: Font family 'Times New Roman' not found.
findfont: Font family 'Times New Roman' not found.
findfont: Font family 'Times New Roman' not found.
findfont: Font family 'Times New Roman' not found.
findfont: Font family 'Times New Roman' not found.
findfont: Font family 'Times New Roman' not found.
findfont: Font family 'Times New Roman' not found.
findfont: Font family 'Times New Roman' not found.
findfont: Font family 'Times New Roman' not found.
findfont: Font family 'Times New Roman' not found.
findfont: Font family 'Times New Roman' not found.
findfont: Font family 'Times New Roman' not found.
findfont: Font family 'Times New Roman' not found.
findfont: Font family 'Times New Roman' not found.
findfont: Font family 'Times New Roman' not found.
findfont: Font family 'Times New Roman' not found.
findfont: Font family 'Times New Roman' not found.
findfont: Font family 'Times New Roman' not found.
findfont: Font family 'Times New Roman' not found.
findfont: Font family 'Times New Roman' not found.
findfont: Font family 'Times New Roman' not found.
findfont: Font family 'Times New Roman' not found.
findfont: Font family 'Times New Roman' not found.
findfont: Font family 'Times New Roman' not found.
findfont: Font family 'Times New Roman' not found.
findfont: Font family 'Times New Roman' not found.
findfont: Font family 'Times New Roman' not found.
findfont: Font family 'Times New Roman' not found.
findfont: Font family 'Times New Roman' not found.
findfont: Font family 'Times New Roman' not found.
findfont: Font family 'Times New Roman' not found.
findfont: Font family 'Times New Roman' not found.
findfont: Font family 'Times New Roman' not found.
findfont: Font family 'Times New Roman' not found.
findfont: Font family 'Times New Roman' not found.
findfont: Font family 'Times New Roman' not found.
findfont: Font family 'Times New Roman' not found.
findfont: Font family 'Times New Roman' not found.
findfont: Font family 'Times New Roman' not found.
findfont: Font family 'Times New Roman' not found.
findfont: Font family 'Times New Roman' not found.
findfont: Font family 'Times New Roman' not found.
findfont: Font family 'Times New Roman' not found.
findfont: Font family 'Times New Roman' not found.
findfont: Font family 'Times New Roman' not found.
findfont: Font family 'Times New Roman' not found.
findfont: Font family 'Times New Roman' not found.
findfont: Font family 'Times New Roman' not found.
findfont: Font family 'Times New Roman' not found.
findfont: Font family 'Times New Roman' not found.
findfont: Font family 'Times New Roman' not found.
findfont: Font family 'Times New Roman' not found.
findfont: Font family 'Times New Roman' not found.
findfont: Font family 'Times New Roman' not found.
findfont: Font family 'Times New Roman' not found.
findfont: Font family 'Times New Roman' not found.
findfont: Font family 'Times New Roman' not found.
findfont: Font family 'Times New Roman' not found.
findfont: Font family 'Times New Roman' not found.
findfont: Font family 'Times New Roman' not found.
findfont: Font family 'Times New Roman' not found.
findfont: Font family 'Times New Roman' not found.
findfont: Font family 'Times New Roman' not found.
findfont: Font family 'Times New Roman' not found.
findfont: Font family 'Times New Roman' not found.
findfont: Font family 'Times New Roman' not found.
findfont: Font family 'Times New Roman' not found.
findfont: Font family 'Times New Roman' not found.
findfont: Font family 'Times New Roman' not found.
findfont: Font family 'Times New Roman' not found.
findfont: Font family 'Times New Roman' not found.
findfont: Font family 'Times New Roman' not found.
findfont: Font family 'Times New Roman' not found.
findfont: Font family 'Times New Roman' not found.
findfont: Font family 'Times New Roman' not found.
findfont: Font family 'Times New Roman' not found.
findfont: Font family 'Times New Roman' not found.
findfont: Font family 'Times New Roman' not found.
findfont: Font family 'Times New Roman' not found.
findfont: Font family 'Times New Roman' not found.
findfont: Font family 'Times New Roman' not found.
findfont: Font family 'Times New Roman' not found.
findfont: Font family 'Times New Roman' not found.
findfont: Font family 'Times New Roman' not found.
findfont: Font family 'Times New Roman' not found.
findfont: Font family 'Times New Roman' not found.
findfont: Font family 'Times New Roman' not found.
findfont: Font family 'Times New Roman' not found.
findfont: Font family 'Times New Roman' not found.
findfont: Font family 'Times New Roman' not found.
findfont: Font family 'Times New Roman' not found.
findfont: Font family 'Times New Roman' not found.
findfont: Font family 'Times New Roman' not found.
findfont: Font family 'Times New Roman' not found.
findfont: Font family 'Times New Roman' not found.
findfont: Font family 'Times New Roman' not found.
findfont: Font family 'Times New Roman' not found.
findfont: Font family 'Times New Roman' not found.
findfont: Font family 'Times New Roman' not found.
findfont: Font family 'Times New Roman' not found.
findfont: Font family 'Times New Roman' not found.
findfont: Font family 'Times New Roman' not found.
findfont: Font family 'Times New Roman' not found.
findfont: Font family 'Times New Roman' not found.
findfont: Font family 'Times New Roman' not found.
findfont: Font family 'Times New Roman' not found.
findfont: Font family 'Times New Roman' not found.
findfont: Font family 'Times New Roman' not found.
findfont: Font family 'Times New Roman' not found.
findfont: Font family 'Times New Roman' not found.
findfont: Font family 'Times New Roman' not found.
findfont: Font family 'Times New Roman' not found.
findfont: Font family 'Times New Roman' not found.
findfont: Font family 'Times New Roman' not found.
findfont: Font family 'Times New Roman' not found.
findfont: Font family 'Times New Roman' not found.
findfont: Font family 'Times New Roman' not found.
findfont: Font family 'Times New Roman' not found.
findfont: Font family 'Times New Roman' not found.
findfont: Font family 'Times New Roman' not found.
findfont: Font family 'Times New Roman' not found.
findfont: Font family 'Times New Roman' not found.
findfont: Font family 'Times New Roman' not found.
findfont: Font family 'Times New Roman' not found.
findfont: Font family 'Times New Roman' not found.
findfont: Font family 'Times New Roman' not found.
findfont: Font family 'Times New Roman' not found.
findfont: Font family 'Times New Roman' not found.
findfont: Font family 'Times New Roman' not found.
findfont: Font family 'Times New Roman' not found.
findfont: Font family 'Times New Roman' not found.
findfont: Font family 'Times New Roman' not found.
findfont: Font family 'Times New Roman' not found.
findfont: Font family 'Times New Roman' not found.
findfont: Font family 'Times New Roman' not found.
findfont: Font family 'Times New Roman' not found.
findfont: Font family 'Times New Roman' not found.
findfont: Font family 'Times New Roman' not found.
findfont: Font family 'Times New Roman' not found.
findfont: Font family 'Times New Roman' not found.
findfont: Font family 'Times New Roman' not found.
findfont: Font family 'Times New Roman' not found.
findfont: Font family 'Times New Roman' not found.
findfont: Font family 'Times New Roman' not found.
findfont: Font family 'Times New Roman' not found.
findfont: Font family 'Times New Roman' not found.
findfont: Font family 'Times New Roman' not found.
findfont: Font family 'Times New Roman' not found.
findfont: Font family 'Times New Roman' not found.
findfont: Font family 'Times New Roman' not found.
findfont: Font family 'Times New Roman' not found.
findfont: Font family 'Times New Roman' not found.
findfont: Font family 'Times New Roman' not found.
findfont: Font family 'Times New Roman' not found.
findfont: Font family 'Times New Roman' not found.
findfont: Font family 'Times New Roman' not found.
findfont: Font family 'Times New Roman' not found.
findfont: Font family 'Times New Roman' not found.
findfont: Font family 'Times New Roman' not found.
findfont: Font family 'Times New Roman' not found.
findfont: Font family 'Times New Roman' not found.
findfont: Font family 'Times New Roman' not found.
findfont: Font family 'Times New Roman' not found.
findfont: Font family 'Times New Roman' not found.
findfont: Font family 'Times New Roman' not found.
findfont: Font family 'Times New Roman' not found.
findfont: Font family 'Times New Roman' not found.
findfont: Font family 'Times New Roman' not found.
findfont: Font family 'Times New Roman' not found.
findfont: Font family 'Times New Roman' not found.
findfont: Font family 'Times New Roman' not found.
findfont: Font family 'Times New Roman' not found.
findfont: Font family 'Times New Roman' not found.
findfont: Font family 'Times New Roman' not found.
findfont: Font family 'Times New Roman' not found.
findfont: Font family 'Times New Roman' not found.
findfont: Font family 'Times New Roman' not found.
findfont: Font family 'Times New Roman' not found.
findfont: Font family 'Times New Roman' not found.
findfont: Font family 'Times New Roman' not found.
findfont: Font family 'Times New Roman' not found.
findfont: Font family 'Times New Roman' not found.
findfont: Font family 'Times New Roman' not found.
findfont: Font family 'Times New Roman' not found.
findfont: Font family 'Times New Roman' not found.
findfont: Font family 'Times New Roman' not found.
findfont: Font family 'Times New Roman' not found.
findfont: Font family 'Times New Roman' not found.
findfont: Font family 'Times New Roman' not found.
findfont: Font family 'Times New Roman' not found.
findfont: Font family 'Times New Roman' not found.
findfont: Font family 'Times New Roman' not found.
findfont: Font family 'Times New Roman' not found.
findfont: Font family 'Times New Roman' not found.
findfont: Font family 'Times New Roman' not found.
findfont: Font family 'Times New Roman' not found.
findfont: Font family 'Times New Roman' not found.
findfont: Font family 'Times New Roman' not found.
findfont: Font family 'Times New Roman' not found.
findfont: Font family 'Times New Roman' not found.
findfont: Font family 'Times New Roman' not found.
findfont: Font family 'Times New Roman' not found.
findfont: Font family 'Times New Roman' not found.
findfont: Font family 'Times New Roman' not found.
findfont: Font family 'Times New Roman' not found.
findfont: Font family 'Times New Roman' not found.
findfont: Font family 'Times New Roman' not found.
findfont: Font family 'Times New Roman' not found.
findfont: Font family 'Times New Roman' not found.
findfont: Font family 'Times New Roman' not found.
findfont: Font family 'Times New Roman' not found.
findfont: Font family 'Times New Roman' not found.
findfont: Font family 'Times New Roman' not found.
findfont: Font family 'Times New Roman' not found.
findfont: Font family 'Times New Roman' not found.
findfont: Font family 'Times New Roman' not found.
findfont: Font family 'Times New Roman' not found.
findfont: Font family 'Times New Roman' not found.
findfont: Font family 'Times New Roman' not found.
findfont: Font family 'Times New Roman' not found.
findfont: Font family 'Times New Roman' not found.
findfont: Font family 'Times New Roman' not found.
findfont: Font family 'Times New Roman' not found.
findfont: Font family 'Times New Roman' not found.
findfont: Font family 'Times New Roman' not found.
findfont: Font family 'Times New Roman' not found.
findfont: Font family 'Times New Roman' not found.
findfont: Font family 'Times New Roman' not found.
findfont: Font family 'Times New Roman' not found.
findfont: Font family 'Times New Roman' not found.
findfont: Font family 'Times New Roman' not found.
findfont: Font family 'Times New Roman' not found.
findfont: Font family 'Times New Roman' not found.
findfont: Font family 'Times New Roman' not found.
findfont: Font family 'Times New Roman' not found.
findfont: Font family 'Times New Roman' not found.
findfont: Font family 'Times New Roman' not found.
findfont: Font family 'Times New Roman' not found.
findfont: Font family 'Times New Roman' not found.
findfont: Font family 'Times New Roman' not found.
findfont: Font family 'Times New Roman' not found.
findfont: Font family 'Times New Roman' not found.
findfont: Font family 'Times New Roman' not found.
findfont: Font family 'Times New Roman' not found.
findfont: Font family 'Times New Roman' not found.
findfont: Font family 'Times New Roman' not found.
findfont: Font family 'Times New Roman' not found.
findfont: Font family 'Times New Roman' not found.
findfont: Font family 'Times New Roman' not found.
findfont: Font family 'Times New Roman' not found.
findfont: Font family 'Times New Roman' not found.
findfont: Font family 'Times New Roman' not found.
findfont: Font family 'Times New Roman' not found.
findfont: Font family 'Times New Roman' not found.
findfont: Font family 'Times New Roman' not found.
findfont: Font family 'Times New Roman' not found.
findfont: Font family 'Times New Roman' not found.
findfont: Font family 'Times New Roman' not found.
findfont: Font family 'Times New Roman' not found.
findfont: Font family 'Times New Roman' not found.
findfont: Font family 'Times New Roman' not found.
findfont: Font family 'Times New Roman' not found.
findfont: Font family 'Times New Roman' not found.
findfont: Font family 'Times New Roman' not found.
findfont: Font family 'Times New Roman' not found.
findfont: Font family 'Times New Roman' not found.
findfont: Font family 'Times New Roman' not found.
findfont: Font family 'Times New Roman' not found.
findfont: Font family 'Times New Roman' not found.
findfont: Font family 'Times New Roman' not found.
findfont: Font family 'Times New Roman' not found.
findfont: Font family 'Times New Roman' not found.
findfont: Font family 'Times New Roman' not found.
findfont: Font family 'Times New Roman' not found.
findfont: Font family 'Times New Roman' not found.
findfont: Font family 'Times New Roman' not found.
findfont: Font family 'Times New Roman' not found.
findfont: Font family 'Times New Roman' not found.
findfont: Font family 'Times New Roman' not found.
findfont: Font family 'Times New Roman' not found.
findfont: Font family 'Times New Roman' not found.
findfont: Font family 'Times New Roman' not found.
findfont: Font family 'Times New Roman' not found.
findfont: Font family 'Times New Roman' not found.
findfont: Font family 'Times New Roman' not found.
findfont: Font family 'Times New Roman' not found.
findfont: Font family 'Times New Roman' not found.
findfont: Font family 'Times New Roman' not found.
findfont: Font family 'Times New Roman' not found.
findfont: Font family 'Times New Roman' not found.
findfont: Font family 'Times New Roman' not found.
findfont: Font family 'Times New Roman' not found.
findfont: Font family 'Times New Roman' not found.
findfont: Font family 'Times New Roman' not found.
findfont: Font family 'Times New Roman' not found.
findfont: Font family 'Times New Roman' not found.
findfont: Font family 'Times New Roman' not found.
findfont: Font family 'Times New Roman' not found.
findfont: Font family 'Times New Roman' not found.
findfont: Font family 'Times New Roman' not found.
findfont: Font family 'Times New Roman' not found.
findfont: Font family 'Times New Roman' not found.
findfont: Font family 'Times New Roman' not found.
findfont: Font family 'Times New Roman' not found.
findfont: Font family 'Times New Roman' not found.
findfont: Font family 'Times New Roman' not found.
findfont: Font family 'Times New Roman' not found.
findfont: Font family 'Times New Roman' not found.
findfont: Font family 'Times New Roman' not found.
findfont: Font family 'Times New Roman' not found.
findfont: Font family 'Times New Roman' not found.
findfont: Font family 'Times New Roman' not found.
findfont: Font family 'Times New Roman' not found.
findfont: Font family 'Times New Roman' not found.
findfont: Font family 'Times New Roman' not found.
findfont: Font family 'Times New Roman' not found.
findfont: Font family 'Times New Roman' not found.
findfont: Font family 'Times New Roman' not found.
findfont: Font family 'Times New Roman' not found.
findfont: Font family 'Times New Roman' not found.
findfont: Font family 'Times New Roman' not found.
findfont: Font family 'Times New Roman' not found.
findfont: Font family 'Times New Roman' not found.
findfont: Font family 'Times New Roman' not found.
findfont: Font family 'Times New Roman' not found.
findfont: Font family 'Times New Roman' not found.
findfont: Font family 'Times New Roman' not found.
findfont: Font family 'Times New Roman' not found.
findfont: Font family 'Times New Roman' not found.
findfont: Font family 'Times New Roman' not found.
findfont: Font family 'Times New Roman' not found.
findfont: Font family 'Times New Roman' not found.
findfont: Font family 'Times New Roman' not found.
findfont: Font family 'Times New Roman' not found.
findfont: Font family 'Times New Roman' not found.
findfont: Font family 'Times New Roman' not found.
findfont: Font family 'Times New Roman' not found.
findfont: Font family 'Times New Roman' not found.
findfont: Font family 'Times New Roman' not found.
findfont: Font family 'Times New Roman' not found.
findfont: Font family 'Times New Roman' not found.
findfont: Font family 'Times New Roman' not found.
findfont: Font family 'Times New Roman' not found.
findfont: Font family 'Times New Roman' not found.
findfont: Font family 'Times New Roman' not found.
findfont: Font family 'Times New Roman' not found.
findfont: Font family 'Times New Roman' not found.
findfont: Font family 'Times New Roman' not found.
findfont: Font family 'Times New Roman' not found.
findfont: Font family 'Times New Roman' not found.
findfont: Font family 'Times New Roman' not found.
findfont: Font family 'Times New Roman' not found.
findfont: Font family 'Times New Roman' not found.
findfont: Font family 'Times New Roman' not found.
findfont: Font family 'Times New Roman' not found.
findfont: Font family 'Times New Roman' not found.
findfont: Font family 'Times New Roman' not found.
findfont: Font family 'Times New Roman' not found.
findfont: Font family 'Times New Roman' not found.
findfont: Font family 'Times New Roman' not found.
findfont: Font family 'Times New Roman' not found.
findfont: Font family 'Times New Roman' not found.
findfont: Font family 'Times New Roman' not found.
findfont: Font family 'Times New Roman' not found.
findfont: Font family 'Times New Roman' not found.
findfont: Font family 'Times New Roman' not found.
findfont: Font family 'Times New Roman' not found.
findfont: Font family 'Times New Roman' not found.
findfont: Font family 'Times New Roman' not found.
findfont: Font family 'Times New Roman' not found.
findfont: Font family 'Times New Roman' not found.
findfont: Font family 'Times New Roman' not found.
findfont: Font family 'Times New Roman' not found.
findfont: Font family 'Times New Roman' not found.
findfont: Font family 'Times New Roman' not found.
findfont: Font family 'Times New Roman' not found.
findfont: Font family 'Times New Roman' not found.
findfont: Font family 'Times New Roman' not found.
findfont: Font family 'Times New Roman' not found.
findfont: Font family 'Times New Roman' not found.
findfont: Font family 'Times New Roman' not found.
findfont: Font family 'Times New Roman' not found.
findfont: Font family 'Times New Roman' not found.
findfont: Font family 'Times New Roman' not found.
findfont: Font family 'Times New Roman' not found.
findfont: Font family 'Times New Roman' not found.
findfont: Font family 'Times New Roman' not found.
findfont: Font family 'Times New Roman' not found.
findfont: Font family 'Times New Roman' not found.
findfont: Font family 'Times New Roman' not found.
findfont: Font family 'Times New Roman' not found.
findfont: Font family 'Times New Roman' not found.
findfont: Font family 'Times New Roman' not found.
findfont: Font family 'Times New Roman' not found.
findfont: Font family 'Times New Roman' not found.
findfont: Font family 'Times New Roman' not found.
findfont: Font family 'Times New Roman' not found.
findfont: Font family 'Times New Roman' not found.
findfont: Font family 'Times New Roman' not found.
findfont: Font family 'Times New Roman' not found.
findfont: Font family 'Times New Roman' not found.
findfont: Font family 'Times New Roman' not found.
findfont: Font family 'Times New Roman' not found.
findfont: Font family 'Times New Roman' not found.
findfont: Font family 'Times New Roman' not found.
findfont: Font family 'Times New Roman' not found.
findfont: Font family 'Times New Roman' not found.
findfont: Font family 'Times New Roman' not found.
findfont: Font family 'Times New Roman' not found.
findfont: Font family 'Times New Roman' not found.
findfont: Font family 'Times New Roman' not found.
findfont: Font family 'Times New Roman' not found.
findfont: Font family 'Times New Roman' not found.
findfont: Font family 'Times New Roman' not found.
findfont: Font family 'Times New Roman' not found.
findfont: Font family 'Times New Roman' not found.
findfont: Font family 'Times New Roman' not found.
findfont: Font family 'Times New Roman' not found.
findfont: Font family 'Times New Roman' not found.
findfont: Font family 'Times New Roman' not found.
findfont: Font family 'Times New Roman' not found.
findfont: Font family 'Times New Roman' not found.
findfont: Font family 'Times New Roman' not found.
findfont: Font family 'Times New Roman' not found.
findfont: Font family 'Times New Roman' not found.
findfont: Font family 'Times New Roman' not found.
findfont: Font family 'Times New Roman' not found.
findfont: Font family 'Times New Roman' not found.
findfont: Font family 'Times New Roman' not found.
findfont: Font family 'Times New Roman' not found.
findfont: Font family 'Times New Roman' not found.
findfont: Font family 'Times New Roman' not found.
findfont: Font family 'Times New Roman' not found.
findfont: Font family 'Times New Roman' not found.
findfont: Font family 'Times New Roman' not found.
findfont: Font family 'Times New Roman' not found.
findfont: Font family 'Times New Roman' not found.
findfont: Font family 'Times New Roman' not found.
findfont: Font family 'Times New Roman' not found.
findfont: Font family 'Times New Roman' not found.
findfont: Font family 'Times New Roman' not found.
findfont: Font family 'Times New Roman' not found.
findfont: Font family 'Times New Roman' not found.
findfont: Font family 'Times New Roman' not found.
findfont: Font family 'Times New Roman' not found.
findfont: Font family 'Times New Roman' not found.
findfont: Font family 'Times New Roman' not found.
findfont: Font family 'Times New Roman' not found.
findfont: Font family 'Times New Roman' not found.
findfont: Font family 'Times New Roman' not found.
findfont: Font family 'Times New Roman' not found.
findfont: Font family 'Times New Roman' not found.
findfont: Font family 'Times New Roman' not found.
findfont: Font family 'Times New Roman' not found.
findfont: Font family 'Times New Roman' not found.
findfont: Font family 'Times New Roman' not found.
findfont: Font family 'Times New Roman' not found.
findfont: Font family 'Times New Roman' not found.
findfont: Font family 'Times New Roman' not found.
findfont: Font family 'Times New Roman' not found.
findfont: Font family 'Times New Roman' not found.
findfont: Font family 'Times New Roman' not found.
findfont: Font family 'Times New Roman' not found.
findfont: Font family 'Times New Roman' not found.
findfont: Font family 'Times New Roman' not found.
findfont: Font family 'Times New Roman' not found.
findfont: Font family 'Times New Roman' not found.
findfont: Font family 'Times New Roman' not found.
findfont: Font family 'Times New Roman' not found.
findfont: Font family 'Times New Roman' not found.
findfont: Font family 'Times New Roman' not found.
findfont: Font family 'Times New Roman' not found.
findfont: Font family 'Times New Roman' not found.
findfont: Font family 'Times New Roman' not found.
findfont: Font family 'Times New Roman' not found.
findfont: Font family 'Times New Roman' not found.
findfont: Font family 'Times New Roman' not found.
findfont: Font family 'Times New Roman' not found.
findfont: Font family 'Times New Roman' not found.
findfont: Font family 'Times New Roman' not found.
findfont: Font family 'Times New Roman' not found.
findfont: Font family 'Times New Roman' not found.
findfont: Font family 'Times New Roman' not found.
findfont: Font family 'Times New Roman' not found.
findfont: Font family 'Times New Roman' not found.
findfont: Font family 'Times New Roman' not found.
findfont: Font family 'Times New Roman' not found.
findfont: Font family 'Times New Roman' not found.
findfont: Font family 'Times New Roman' not found.
findfont: Font family 'Times New Roman' not found.
findfont: Font family 'Times New Roman' not found.
findfont: Font family 'Times New Roman' not found.
findfont: Font family 'Times New Roman' not found.
findfont: Font family 'Times New Roman' not found.
findfont: Font family 'Times New Roman' not found.
findfont: Font family 'Times New Roman' not found.
findfont: Font family 'Times New Roman' not found.
findfont: Font family 'Times New Roman' not found.
findfont: Font family 'Times New Roman' not found.
findfont: Font family 'Times New Roman' not found.
findfont: Font family 'Times New Roman' not found.
findfont: Font family 'Times New Roman' not found.
findfont: Font family 'Times New Roman' not found.
findfont: Font family 'Times New Roman' not found.
findfont: Font family 'Times New Roman' not found.
findfont: Font family 'Times New Roman' not found.
findfont: Font family 'Times New Roman' not found.
findfont: Font family 'Times New Roman' not found.
findfont: Font family 'Times New Roman' not found.
findfont: Font family 'Times New Roman' not found.
findfont: Font family 'Times New Roman' not found.
findfont: Font family 'Times New Roman' not found.
findfont: Font family 'Times New Roman' not found.
findfont: Font family 'Times New Roman' not found.
findfont: Font family 'Times New Roman' not found.
findfont: Font family 'Times New Roman' not found.
findfont: Font family 'Times New Roman' not found.
findfont: Font family 'Times New Roman' not found.
findfont: Font family 'Times New Roman' not found.
findfont: Font family 'Times New Roman' not found.
findfont: Font family 'Times New Roman' not found.
findfont: Font family 'Times New Roman' not found.
findfont: Font family 'Times New Roman' not found.
findfont: Font family 'Times New Roman' not found.
findfont: Font family 'Times New Roman' not found.
findfont: Font family 'Times New Roman' not found.
findfont: Font family 'Times New Roman' not found.
findfont: Font family 'Times New Roman' not found.
findfont: Font family 'Times New Roman' not found.
findfont: Font family 'Times New Roman' not found.
findfont: Font family 'Times New Roman' not found.
findfont: Font family 'Times New Roman' not found.
findfont: Font family 'Times New Roman' not found.
findfont: Font family 'Times New Roman' not found.
findfont: Font family 'Times New Roman' not found.
findfont: Font family 'Times New Roman' not found.
findfont: Font family 'Times New Roman' not found.
findfont: Font family 'Times New Roman' not found.
findfont: Font family 'Times New Roman' not found.
findfont: Font family 'Times New Roman' not found.
findfont: Font family 'Times New Roman' not found.
findfont: Font family 'Times New Roman' not found.
findfont: Font family 'Times New Roman' not found.
findfont: Font family 'Times New Roman' not found.
findfont: Font family 'Times New Roman' not found.
findfont: Font family 'Times New Roman' not found.
findfont: Font family 'Times New Roman' not found.
findfont: Font family 'Times New Roman' not found.
findfont: Font family 'Times New Roman' not found.
findfont: Font family 'Times New Roman' not found.
findfont: Font family 'Times New Roman' not found.
findfont: Font family 'Times New Roman' not found.
findfont: Font family 'Times New Roman' not found.
findfont: Font family 'Times New Roman' not found.
findfont: Font family 'Times New Roman' not found.
findfont: Font family 'Times New Roman' not found.
findfont: Font family 'Times New Roman' not found.
findfont: Font family 'Times New Roman' not found.
findfont: Font family 'Times New Roman' not found.
findfont: Font family 'Times New Roman' not found.
findfont: Font family 'Times New Roman' not found.
findfont: Font family 'Times New Roman' not found.
findfont: Font family 'Times New Roman' not found.
findfont: Font family 'Times New Roman' not found.
findfont: Font family 'Times New Roman' not found.
findfont: Font family 'Times New Roman' not found.
findfont: Font family 'Times New Roman' not found.
findfont: Font family 'Times New Roman' not found.
findfont: Font family 'Times New Roman' not found.
findfont: Font family 'Times New Roman' not found.
findfont: Font family 'Times New Roman' not found.
findfont: Font family 'Times New Roman' not found.
findfont: Font family 'Times New Roman' not found.
findfont: Font family 'Times New Roman' not found.
findfont: Font family 'Times New Roman' not found.
findfont: Font family 'Times New Roman' not found.
findfont: Font family 'Times New Roman' not found.
findfont: Font family 'Times New Roman' not found.
findfont: Font family 'Times New Roman' not found.
findfont: Font family 'Times New Roman' not found.
findfont: Font family 'Times New Roman' not found.
findfont: Font family 'Times New Roman' not found.
findfont: Font family 'Times New Roman' not found.
findfont: Font family 'Times New Roman' not found.
findfont: Font family 'Times New Roman' not found.
findfont: Font family 'Times New Roman' not found.
findfont: Font family 'Times New Roman' not found.
findfont: Font family 'Times New Roman' not found.
findfont: Font family 'Times New Roman' not found.
findfont: Font family 'Times New Roman' not found.
findfont: Font family 'Times New Roman' not found.
findfont: Font family 'Times New Roman' not found.
findfont: Font family 'Times New Roman' not found.
findfont: Font family 'Times New Roman' not found.
findfont: Font family 'Times New Roman' not found.
findfont: Font family 'Times New Roman' not found.
findfont: Font family 'Times New Roman' not found.
findfont: Font family 'Times New Roman' not found.
findfont: Font family 'Times New Roman' not found.
findfont: Font family 'Times New Roman' not found.
findfont: Font family 'Times New Roman' not found.
findfont: Font family 'Times New Roman' not found.
findfont: Font family 'Times New Roman' not found.
findfont: Font family 'Times New Roman' not found.
findfont: Font family 'Times New Roman' not found.
findfont: Font family 'Times New Roman' not found.
findfont: Font family 'Times New Roman' not found.
findfont: Font family 'Times New Roman' not found.
findfont: Font family 'Times New Roman' not found.
findfont: Font family 'Times New Roman' not found.
findfont: Font family 'Times New Roman' not found.
findfont: Font family 'Times New Roman' not found.
findfont: Font family 'Times New Roman' not found.
findfont: Font family 'Times New Roman' not found.
findfont: Font family 'Times New Roman' not found.
findfont: Font family 'Times New Roman' not found.
findfont: Font family 'Times New Roman' not found.
findfont: Font family 'Times New Roman' not found.
findfont: Font family 'Times New Roman' not found.
findfont: Font family 'Times New Roman' not found.
findfont: Font family 'Times New Roman' not found.
findfont: Font family 'Times New Roman' not found.
findfont: Font family 'Times New Roman' not found.
findfont: Font family 'Times New Roman' not found.
findfont: Font family 'Times New Roman' not found.
findfont: Font family 'Times New Roman' not found.
findfont: Font family 'Times New Roman' not found.
findfont: Font family 'Times New Roman' not found.
findfont: Font family 'Times New Roman' not found.
findfont: Font family 'Times New Roman' not found.
findfont: Font family 'Times New Roman' not found.
findfont: Font family 'Times New Roman' not found.
findfont: Font family 'Times New Roman' not found.
findfont: Font family 'Times New Roman' not found.
findfont: Font family 'Times New Roman' not found.
findfont: Font family 'Times New Roman' not found.
findfont: Font family 'Times New Roman' not found.
findfont: Font family 'Times New Roman' not found.
findfont: Font family 'Times New Roman' not found.
findfont: Font family 'Times New Roman' not found.
findfont: Font family 'Times New Roman' not found.
findfont: Font family 'Times New Roman' not found.
findfont: Font family 'Times New Roman' not found.
findfont: Font family 'Times New Roman' not found.
findfont: Font family 'Times New Roman' not found.
findfont: Font family 'Times New Roman' not found.
findfont: Font family 'Times New Roman' not found.
findfont: Font family 'Times New Roman' not found.
findfont: Font family 'Times New Roman' not found.
findfont: Font family 'Times New Roman' not found.
findfont: Font family 'Times New Roman' not found.
findfont: Font family 'Times New Roman' not found.
findfont: Font family 'Times New Roman' not found.
findfont: Font family 'Times New Roman' not found.
findfont: Font family 'Times New Roman' not found.
findfont: Font family 'Times New Roman' not found.
findfont: Font family 'Times New Roman' not found.
findfont: Font family 'Times New Roman' not found.
findfont: Font family 'Times New Roman' not found.
findfont: Font family 'Times New Roman' not found.
findfont: Font family 'Times New Roman' not found.
findfont: Font family 'Times New Roman' not found.
findfont: Font family 'Times New Roman' not found.
findfont: Font family 'Times New Roman' not found.
findfont: Font family 'Times New Roman' not found.
findfont: Font family 'Times New Roman' not found.
findfont: Font family 'Times New Roman' not found.
findfont: Font family 'Times New Roman' not found.
findfont: Font family 'Times New Roman' not found.
findfont: Font family 'Times New Roman' not found.
findfont: Font family 'Times New Roman' not found.
findfont: Font family 'Times New Roman' not found.
findfont: Font family 'Times New Roman' not found.
findfont: Font family 'Times New Roman' not found.
findfont: Font family 'Times New Roman' not found.
findfont: Font family 'Times New Roman' not found.
findfont: Font family 'Times New Roman' not found.
findfont: Font family 'Times New Roman' not found.
findfont: Font family 'Times New Roman' not found.
findfont: Font family 'Times New Roman' not found.
findfont: Font family 'Times New Roman' not found.
findfont: Font family 'Times New Roman' not found.
findfont: Font family 'Times New Roman' not found.
findfont: Font family 'Times New Roman' not found.
findfont: Font family 'Times New Roman' not found.
findfont: Font family 'Times New Roman' not found.
findfont: Font family 'Times New Roman' not found.
findfont: Font family 'Times New Roman' not found.
findfont: Font family 'Times New Roman' not found.
findfont: Font family 'Times New Roman' not found.
findfont: Font family 'Times New Roman' not found.
findfont: Font family 'Times New Roman' not found.
findfont: Font family 'Times New Roman' not found.
findfont: Font family 'Times New Roman' not found.
findfont: Font family 'Times New Roman' not found.
findfont: Font family 'Times New Roman' not found.
findfont: Font family 'Times New Roman' not found.
findfont: Font family 'Times New Roman' not found.
findfont: Font family 'Times New Roman' not found.
findfont: Font family 'Times New Roman' not found.
findfont: Font family 'Times New Roman' not found.
findfont: Font family 'Times New Roman' not found.
findfont: Font family 'Times New Roman' not found.
findfont: Font family 'Times New Roman' not found.
findfont: Font family 'Times New Roman' not found.
findfont: Font family 'Times New Roman' not found.
findfont: Font family 'Times New Roman' not found.
findfont: Font family 'Times New Roman' not found.
findfont: Font family 'Times New Roman' not found.
findfont: Font family 'Times New Roman' not found.
findfont: Font family 'Times New Roman' not found.
findfont: Font family 'Times New Roman' not found.
findfont: Font family 'Times New Roman' not found.
findfont: Font family 'Times New Roman' not found.
findfont: Font family 'Times New Roman' not found.
findfont: Font family 'Times New Roman' not found.
findfont: Font family 'Times New Roman' not found.
findfont: Font family 'Times New Roman' not found.
findfont: Font family 'Times New Roman' not found.
findfont: Font family 'Times New Roman' not found.
findfont: Font family 'Times New Roman' not found.
findfont: Font family 'Times New Roman' not found.
findfont: Font family 'Times New Roman' not found.
findfont: Font family 'Times New Roman' not found.
findfont: Font family 'Times New Roman' not found.
findfont: Font family 'Times New Roman' not found.
findfont: Font family 'Times New Roman' not found.
findfont: Font family 'Times New Roman' not found.
findfont: Font family 'Times New Roman' not found.
findfont: Font family 'Times New Roman' not found.
findfont: Font family 'Times New Roman' not found.
findfont: Font family 'Times New Roman' not found.
findfont: Font family 'Times New Roman' not found.
findfont: Font family 'Times New Roman' not found.
findfont: Font family 'Times New Roman' not found.
findfont: Font family 'Times New Roman' not found.
findfont: Font family 'Times New Roman' not found.
findfont: Font family 'Times New Roman' not found.
findfont: Font family 'Times New Roman' not found.
findfont: Font family 'Times New Roman' not found.
findfont: Font family 'Times New Roman' not found.
findfont: Font family 'Times New Roman' not found.
findfont: Font family 'Times New Roman' not found.
findfont: Font family 'Times New Roman' not found.
findfont: Font family 'Times New Roman' not found.
findfont: Font family 'Times New Roman' not found.
findfont: Font family 'Times New Roman' not found.
findfont: Font family 'Times New Roman' not found.
findfont: Font family 'Times New Roman' not found.
findfont: Font family 'Times New Roman' not found.
findfont: Font family 'Times New Roman' not found.
findfont: Font family 'Times New Roman' not found.
findfont: Font family 'Times New Roman' not found.
findfont: Font family 'Times New Roman' not found.
findfont: Font family 'Times New Roman' not found.
findfont: Font family 'Times New Roman' not found.
findfont: Font family 'Times New Roman' not found.
findfont: Font family 'Times New Roman' not found.
findfont: Font family 'Times New Roman' not found.
findfont: Font family 'Times New Roman' not found.
findfont: Font family 'Times New Roman' not found.
findfont: Font family 'Times New Roman' not found.
findfont: Font family 'Times New Roman' not found.
findfont: Font family 'Times New Roman' not found.
findfont: Font family 'Times New Roman' not found.
findfont: Font family 'Times New Roman' not found.
findfont: Font family 'Times New Roman' not found.
findfont: Font family 'Times New Roman' not found.
findfont: Font family 'Times New Roman' not found.
findfont: Font family 'Times New Roman' not found.
findfont: Font family 'Times New Roman' not found.
findfont: Font family 'Times New Roman' not found.
findfont: Font family 'Times New Roman' not found.
findfont: Font family 'Times New Roman' not found.
findfont: Font family 'Times New Roman' not found.
findfont: Font family 'Times New Roman' not found.
findfont: Font family 'Times New Roman' not found.
findfont: Font family 'Times New Roman' not found.
findfont: Font family 'Times New Roman' not found.
findfont: Font family 'Times New Roman' not found.
findfont: Font family 'Times New Roman' not found.
findfont: Font family 'Times New Roman' not found.
findfont: Font family 'Times New Roman' not found.
findfont: Font family 'Times New Roman' not found.
findfont: Font family 'Times New Roman' not found.
findfont: Font family 'Times New Roman' not found.
findfont: Font family 'Times New Roman' not found.
findfont: Font family 'Times New Roman' not found.
findfont: Font family 'Times New Roman' not found.
findfont: Font family 'Times New Roman' not found.
findfont: Font family 'Times New Roman' not found.
findfont: Font family 'Times New Roman' not found.
findfont: Font family 'Times New Roman' not found.
findfont: Font family 'Times New Roman' not found.
findfont: Font family 'Times New Roman' not found.
findfont: Font family 'Times New Roman' not found.
findfont: Font family 'Times New Roman' not found.
findfont: Font family 'Times New Roman' not found.
findfont: Font family 'Times New Roman' not found.
findfont: Font family 'Times New Roman' not found.
findfont: Font family 'Times New Roman' not found.
findfont: Font family 'Times New Roman' not found.
findfont: Font family 'Times New Roman' not found.
findfont: Font family 'Times New Roman' not found.
findfont: Font family 'Times New Roman' not found.
findfont: Font family 'Times New Roman' not found.
findfont: Font family 'Times New Roman' not found.
findfont: Font family 'Times New Roman' not found.
findfont: Font family 'Times New Roman' not found.
findfont: Font family 'Times New Roman' not found.
findfont: Font family 'Times New Roman' not found.
findfont: Font family 'Times New Roman' not found.
findfont: Font family 'Times New Roman' not found.
findfont: Font family 'Times New Roman' not found.
findfont: Font family 'Times New Roman' not found.
findfont: Font family 'Times New Roman' not found.
findfont: Font family 'Times New Roman' not found.
findfont: Font family 'Times New Roman' not found.
findfont: Font family 'Times New Roman' not found.
findfont: Font family 'Times New Roman' not found.
findfont: Font family 'Times New Roman' not found.
findfont: Font family 'Times New Roman' not found.
findfont: Font family 'Times New Roman' not found.
findfont: Font family 'Times New Roman' not found.
findfont: Font family 'Times New Roman' not found.
findfont: Font family 'Times New Roman' not found.
findfont: Font family 'Times New Roman' not found.
findfont: Font family 'Times New Roman' not found.
findfont: Font family 'Times New Roman' not found.
findfont: Font family 'Times New Roman' not found.
findfont: Font family 'Times New Roman' not found.
findfont: Font family 'Times New Roman' not found.
findfont: Font family 'Times New Roman' not found.
findfont: Font family 'Times New Roman' not found.
findfont: Font family 'Times New Roman' not found.
findfont: Font family 'Times New Roman' not found.
findfont: Font family 'Times New Roman' not found.
findfont: Font family 'Times New Roman' not found.
findfont: Font family 'Times New Roman' not found.
findfont: Font family 'Times New Roman' not found.
findfont: Font family 'Times New Roman' not found.
findfont: Font family 'Times New Roman' not found.
findfont: Font family 'Times New Roman' not found.
findfont: Font family 'Times New Roman' not found.
findfont: Font family 'Times New Roman' not found.
findfont: Font family 'Times New Roman' not found.
findfont: Font family 'Times New Roman' not found.
findfont: Font family 'Times New Roman' not found.
findfont: Font family 'Times New Roman' not found.
findfont: Font family 'Times New Roman' not found.
findfont: Font family 'Times New Roman' not found.
findfont: Font family 'Times New Roman' not found.
findfont: Font family 'Times New Roman' not found.
findfont: Font family 'Times New Roman' not found.
findfont: Font family 'Times New Roman' not found.
findfont: Font family 'Times New Roman' not found.
findfont: Font family 'Times New Roman' not found.
findfont: Font family 'Times New Roman' not found.
findfont: Font family 'Times New Roman' not found.
findfont: Font family 'Times New Roman' not found.
findfont: Font family 'Times New Roman' not found.
findfont: Font family 'Times New Roman' not found.
findfont: Font family 'Times New Roman' not found.
findfont: Font family 'Times New Roman' not found.
findfont: Font family 'Times New Roman' not found.
findfont: Font family 'Times New Roman' not found.
findfont: Font family 'Times New Roman' not found.
findfont: Font family 'Times New Roman' not found.
findfont: Font family 'Times New Roman' not found.
findfont: Font family 'Times New Roman' not found.
findfont: Font family 'Times New Roman' not found.
findfont: Font family 'Times New Roman' not found.
findfont: Font family 'Times New Roman' not found.
findfont: Font family 'Times New Roman' not found.
findfont: Font family 'Times New Roman' not found.
findfont: Font family 'Times New Roman' not found.
findfont: Font family 'Times New Roman' not found.
findfont: Font family 'Times New Roman' not found.
findfont: Font family 'Times New Roman' not found.
findfont: Font family 'Times New Roman' not found.
findfont: Font family 'Times New Roman' not found.
findfont: Font family 'Times New Roman' not found.
findfont: Font family 'Times New Roman' not found.
findfont: Font family 'Times New Roman' not found.
findfont: Font family 'Times New Roman' not found.
findfont: Font family 'Times New Roman' not found.
findfont: Font family 'Times New Roman' not found.
findfont: Font family 'Times New Roman' not found.
findfont: Font family 'Times New Roman' not found.
findfont: Font family 'Times New Roman' not found.
findfont: Font family 'Times New Roman' not found.
findfont: Font family 'Times New Roman' not found.
findfont: Font family 'Times New Roman' not found.
findfont: Font family 'Times New Roman' not found.
findfont: Font family 'Times New Roman' not found.
findfont: Font family 'Times New Roman' not found.
findfont: Font family 'Times New Roman' not found.
findfont: Font family 'Times New Roman' not found.
findfont: Font family 'Times New Roman' not found.
findfont: Font family 'Times New Roman' not found.
findfont: Font family 'Times New Roman' not found.
findfont: Font family 'Times New Roman' not found.
findfont: Font family 'Times New Roman' not found.
findfont: Font family 'Times New Roman' not found.
findfont: Font family 'Times New Roman' not found.
findfont: Font family 'Times New Roman' not found.
findfont: Font family 'Times New Roman' not found.
findfont: Font family 'Times New Roman' not found.
findfont: Font family 'Times New Roman' not found.
findfont: Font family 'Times New Roman' not found.
findfont: Font family 'Times New Roman' not found.
findfont: Font family 'Times New Roman' not found.
findfont: Font family 'Times New Roman' not found.
findfont: Font family 'Times New Roman' not found.
findfont: Font family 'Times New Roman' not found.
findfont: Font family 'Times New Roman' not found.
findfont: Font family 'Times New Roman' not found.
findfont: Font family 'Times New Roman' not found.
findfont: Font family 'Times New Roman' not found.
findfont: Font family 'Times New Roman' not found.
findfont: Font family 'Times New Roman' not found.
findfont: Font family 'Times New Roman' not found.
findfont: Font family 'Times New Roman' not found.
findfont: Font family 'Times New Roman' not found.
findfont: Font family 'Times New Roman' not found.
findfont: Font family 'Times New Roman' not found.
findfont: Font family 'Times New Roman' not found.
findfont: Font family 'Times New Roman' not found.
findfont: Font family 'Times New Roman' not found.
findfont: Font family 'Times New Roman' not found.
findfont: Font family 'Times New Roman' not found.
findfont: Font family 'Times New Roman' not found.
findfont: Font family 'Times New Roman' not found.
findfont: Font family 'Times New Roman' not found.
findfont: Font family 'Times New Roman' not found.
findfont: Font family 'Times New Roman' not found.
findfont: Font family 'Times New Roman' not found.
findfont: Font family 'Times New Roman' not found.
findfont: Font family 'Times New Roman' not found.
findfont: Font family 'Times New Roman' not found.
findfont: Font family 'Times New Roman' not found.
findfont: Font family 'Times New Roman' not found.
findfont: Font family 'Times New Roman' not found.
findfont: Font family 'Times New Roman' not found.
findfont: Font family 'Times New Roman' not found.
findfont: Font family 'Times New Roman' not found.
findfont: Font family 'Times New Roman' not found.
findfont: Font family 'Times New Roman' not found.
findfont: Font family 'Times New Roman' not found.
findfont: Font family 'Times New Roman' not found.
findfont: Font family 'Times New Roman' not found.
findfont: Font family 'Times New Roman' not found.
findfont: Font family 'Times New Roman' not found.
findfont: Font family 'Times New Roman' not found.
findfont: Font family 'Times New Roman' not found.
findfont: Font family 'Times New Roman' not found.
findfont: Font family 'Times New Roman' not found.
findfont: Font family 'Times New Roman' not found.
findfont: Font family 'Times New Roman' not found.
findfont: Font family 'Times New Roman' not found.
findfont: Font family 'Times New Roman' not found.
findfont: Font family 'Times New Roman' not found.
findfont: Font family 'Times New Roman' not found.
findfont: Font family 'Times New Roman' not found.
findfont: Font family 'Times New Roman' not found.
findfont: Font family 'Times New Roman' not found.
findfont: Font family 'Times New Roman' not found.
findfont: Font family 'Times New Roman' not found.
findfont: Font family 'Times New Roman' not found.
findfont: Font family 'Times New Roman' not found.
findfont: Font family 'Times New Roman' not found.
findfont: Font family 'Times New Roman' not found.
findfont: Font family 'Times New Roman' not found.
findfont: Font family 'Times New Roman' not found.
findfont: Font family 'Times New Roman' not found.
findfont: Font family 'Times New Roman' not found.
findfont: Font family 'Times New Roman' not found.
findfont: Font family 'Times New Roman' not found.
findfont: Font family 'Times New Roman' not found.
findfont: Font family 'Times New Roman' not found.
findfont: Font family 'Times New Roman' not found.
findfont: Font family 'Times New Roman' not found.
findfont: Font family 'Times New Roman' not found.
findfont: Font family 'Times New Roman' not found.
findfont: Font family 'Times New Roman' not found.
findfont: Font family 'Times New Roman' not found.
findfont: Font family 'Times New Roman' not found.
findfont: Font family 'Times New Roman' not found.
findfont: Font family 'Times New Roman' not found.
findfont: Font family 'Times New Roman' not found.
findfont: Font family 'Times New Roman' not found.
findfont: Font family 'Times New Roman' not found.
findfont: Font family 'Times New Roman' not found.
findfont: Font family 'Times New Roman' not found.
findfont: Font family 'Times New Roman' not found.
findfont: Font family 'Times New Roman' not found.
findfont: Font family 'Times New Roman' not found.
findfont: Font family 'Times New Roman' not found.
findfont: Font family 'Times New Roman' not found.
findfont: Font family 'Times New Roman' not found.
findfont: Font family 'Times New Roman' not found.
findfont: Font family 'Times New Roman' not found.
findfont: Font family 'Times New Roman' not found.
findfont: Font family 'Times New Roman' not found.
findfont: Font family 'Times New Roman' not found.
findfont: Font family 'Times New Roman' not found.
findfont: Font family 'Times New Roman' not found.
findfont: Font family 'Times New Roman' not found.
findfont: Font family 'Times New Roman' not found.
findfont: Font family 'Times New Roman' not found.
findfont: Font family 'Times New Roman' not found.
findfont: Font family 'Times New Roman' not found.
findfont: Font family 'Times New Roman' not found.
findfont: Font family 'Times New Roman' not found.
findfont: Font family 'Times New Roman' not found.
findfont: Font family 'Times New Roman' not found.
findfont: Font family 'Times New Roman' not found.
findfont: Font family 'Times New Roman' not found.
findfont: Font family 'Times New Roman' not found.
findfont: Font family 'Times New Roman' not found.
findfont: Font family 'Times New Roman' not found.
findfont: Font family 'Times New Roman' not found.
findfont: Font family 'Times New Roman' not found.
findfont: Font family 'Times New Roman' not found.
findfont: Font family 'Times New Roman' not found.
findfont: Font family 'Times New Roman' not found.
findfont: Font family 'Times New Roman' not found.
findfont: Font family 'Times New Roman' not found.
findfont: Font family 'Times New Roman' not found.
findfont: Font family 'Times New Roman' not found.
findfont: Font family 'Times New Roman' not found.
findfont: Font family 'Times New Roman' not found.
findfont: Font family 'Times New Roman' not found.
findfont: Font family 'Times New Roman' not found.
findfont: Font family 'Times New Roman' not found.
findfont: Font family 'Times New Roman' not found.
findfont: Font family 'Times New Roman' not found.
findfont: Font family 'Times New Roman' not found.
findfont: Font family 'Times New Roman' not found.
findfont: Font family 'Times New Roman' not found.
findfont: Font family 'Times New Roman' not found.
findfont: Font family 'Times New Roman' not found.
findfont: Font family 'Times New Roman' not found.
findfont: Font family 'Times New Roman' not found.
findfont: Font family 'Times New Roman' not found.
findfont: Font family 'Times New Roman' not found.
findfont: Font family 'Times New Roman' not found.
findfont: Font family 'Times New Roman' not found.
findfont: Font family 'Times New Roman' not found.
findfont: Font family 'Times New Roman' not found.
findfont: Font family 'Times New Roman' not found.
findfont: Font family 'Times New Roman' not found.
findfont: Font family 'Times New Roman' not found.
findfont: Font family 'Times New Roman' not found.
findfont: Font family 'Times New Roman' not found.
findfont: Font family 'Times New Roman' not found.
findfont: Font family 'Times New Roman' not found.
findfont: Font family 'Times New Roman' not found.
findfont: Font family 'Times New Roman' not found.
findfont: Font family 'Times New Roman' not found.
findfont: Font family 'Times New Roman' not found.
findfont: Font family 'Times New Roman' not found.
findfont: Font family 'Times New Roman' not found.
findfont: Font family 'Times New Roman' not found.
findfont: Font family 'Times New Roman' not found.
findfont: Font family 'Times New Roman' not found.
findfont: Font family 'Times New Roman' not found.
findfont: Font family 'Times New Roman' not found.
findfont: Font family 'Times New Roman' not found.
findfont: Font family 'Times New Roman' not found.
findfont: Font family 'Times New Roman' not found.
findfont: Font family 'Times New Roman' not found.
findfont: Font family 'Times New Roman' not found.
findfont: Font family 'Times New Roman' not found.
findfont: Font family 'Times New Roman' not found.
findfont: Font family 'Times New Roman' not found.
findfont: Font family 'Times New Roman' not found.
findfont: Font family 'Times New Roman' not found.
findfont: Font family 'Times New Roman' not found.
findfont: Font family 'Times New Roman' not found.
findfont: Font family 'Times New Roman' not found.
findfont: Font family 'Times New Roman' not found.
findfont: Font family 'Times New Roman' not found.
findfont: Font family 'Times New Roman' not found.
findfont: Font family 'Times New Roman' not found.
findfont: Font family 'Times New Roman' not found.
findfont: Font family 'Times New Roman' not found.
findfont: Font family 'Times New Roman' not found.
findfont: Font family 'Times New Roman' not found.
findfont: Font family 'Times New Roman' not found.
findfont: Font family 'Times New Roman' not found.
findfont: Font family 'Times New Roman' not found.
findfont: Font family 'Times New Roman' not found.
findfont: Font family 'Times New Roman' not found.
findfont: Font family 'Times New Roman' not found.
findfont: Font family 'Times New Roman' not found.
findfont: Font family 'Times New Roman' not found.
findfont: Font family 'Times New Roman' not found.
findfont: Font family 'Times New Roman' not found.
findfont: Font family 'Times New Roman' not found.
findfont: Font family 'Times New Roman' not found.
findfont: Font family 'Times New Roman' not found.
findfont: Font family 'Times New Roman' not found.
findfont: Font family 'Times New Roman' not found.
findfont: Font family 'Times New Roman' not found.
findfont: Font family 'Times New Roman' not found.
findfont: Font family 'Times New Roman' not found.
findfont: Font family 'Times New Roman' not found.
findfont: Font family 'Times New Roman' not found.
findfont: Font family 'Times New Roman' not found.
findfont: Font family 'Times New Roman' not found.
findfont: Font family 'Times New Roman' not found.
findfont: Font family 'Times New Roman' not found.
findfont: Font family 'Times New Roman' not found.
findfont: Font family 'Times New Roman' not found.
findfont: Font family 'Times New Roman' not found.
findfont: Font family 'Times New Roman' not found.
findfont: Font family 'Times New Roman' not found.
findfont: Font family 'Times New Roman' not found.
findfont: Font family 'Times New Roman' not found.
findfont: Font family 'Times New Roman' not found.
findfont: Font family 'Times New Roman' not found.
findfont: Font family 'Times New Roman' not found.
findfont: Font family 'Times New Roman' not found.
findfont: Font family 'Times New Roman' not found.
findfont: Font family 'Times New Roman' not found.
findfont: Font family 'Times New Roman' not found.
findfont: Font family 'Times New Roman' not found.
findfont: Font family 'Times New Roman' not found.
findfont: Font family 'Times New Roman' not found.
findfont: Font family 'Times New Roman' not found.
findfont: Font family 'Times New Roman' not found.
findfont: Font family 'Times New Roman' not found.
findfont: Font family 'Times New Roman' not found.
findfont: Font family 'Times New Roman' not found.
findfont: Font family 'Times New Roman' not found.
findfont: Font family 'Times New Roman' not found.
findfont: Font family 'Times New Roman' not found.
findfont: Font family 'Times New Roman' not found.
findfont: Font family 'Times New Roman' not found.
findfont: Font family 'Times New Roman' not found.
findfont: Font family 'Times New Roman' not found.
findfont: Font family 'Times New Roman' not found.
findfont: Font family 'Times New Roman' not found.
findfont: Font family 'Times New Roman' not found.
findfont: Font family 'Times New Roman' not found.
findfont: Font family 'Times New Roman' not found.
findfont: Font family 'Times New Roman' not found.
findfont: Font family 'Times New Roman' not found.
findfont: Font family 'Times New Roman' not found.
findfont: Font family 'Times New Roman' not found.
findfont: Font family 'Times New Roman' not found.
findfont: Font family 'Times New Roman' not found.
findfont: Font family 'Times New Roman' not found.
findfont: Font family 'Times New Roman' not found.
findfont: Font family 'Times New Roman' not found.
findfont: Font family 'Times New Roman' not found.
findfont: Font family 'Times New Roman' not found.
findfont: Font family 'Times New Roman' not found.
findfont: Font family 'Times New Roman' not found.
findfont: Font family 'Times New Roman' not found.
findfont: Font family 'Times New Roman' not found.
findfont: Font family 'Times New Roman' not found.
findfont: Font family 'Times New Roman' not found.
findfont: Font family 'Times New Roman' not found.
findfont: Font family 'Times New Roman' not found.
findfont: Font family 'Times New Roman' not found.
findfont: Font family 'Times New Roman' not found.
findfont: Font family 'Times New Roman' not found.
findfont: Font family 'Times New Roman' not found.
findfont: Font family 'Times New Roman' not found.
findfont: Font family 'Times New Roman' not found.
findfont: Font family 'Times New Roman' not found.
findfont: Font family 'Times New Roman' not found.
findfont: Font family 'Times New Roman' not found.
findfont: Font family 'Times New Roman' not found.
findfont: Font family 'Times New Roman' not found.
findfont: Font family 'Times New Roman' not found.
findfont: Font family 'Times New Roman' not found.
findfont: Font family 'Times New Roman' not found.
findfont: Font family 'Times New Roman' not found.
findfont: Font family 'Times New Roman' not found.
findfont: Font family 'Times New Roman' not found.
findfont: Font family 'Times New Roman' not found.
findfont: Font family 'Times New Roman' not found.
findfont: Font family 'Times New Roman' not found.
findfont: Font family 'Times New Roman' not found.
findfont: Font family 'Times New Roman' not found.
findfont: Font family 'Times New Roman' not found.
findfont: Font family 'Times New Roman' not found.
findfont: Font family 'Times New Roman' not found.
findfont: Font family 'Times New Roman' not found.
findfont: Font family 'Times New Roman' not found.
findfont: Font family 'Times New Roman' not found.
findfont: Font family 'Times New Roman' not found.
findfont: Font family 'Times New Roman' not found.
findfont: Font family 'Times New Roman' not found.
findfont: Font family 'Times New Roman' not found.
findfont: Font family 'Times New Roman' not found.
findfont: Font family 'Times New Roman' not found.
findfont: Font family 'Times New Roman' not found.
findfont: Font family 'Times New Roman' not found.
findfont: Font family 'Times New Roman' not found.
findfont: Font family 'Times New Roman' not found.
findfont: Font family 'Times New Roman' not found.
findfont: Font family 'Times New Roman' not found.
findfont: Font family 'Times New Roman' not found.
findfont: Font family 'Times New Roman' not found.
findfont: Font family 'Times New Roman' not found.
findfont: Font family 'Times New Roman' not found.
findfont: Font family 'Times New Roman' not found.
findfont: Font family 'Times New Roman' not found.
findfont: Font family 'Times New Roman' not found.
findfont: Font family 'Times New Roman' not found.
findfont: Font family 'Times New Roman' not found.
findfont: Font family 'Times New Roman' not found.
findfont: Font family 'Times New Roman' not found.
findfont: Font family 'Times New Roman' not found.
findfont: Font family 'Times New Roman' not found.
findfont: Font family 'Times New Roman' not found.
findfont: Font family 'Times New Roman' not found.
findfont: Font family 'Times New Roman' not found.
findfont: Font family 'Times New Roman' not found.
findfont: Font family 'Times New Roman' not found.
findfont: Font family 'Times New Roman' not found.
findfont: Font family 'Times New Roman' not found.
findfont: Font family 'Times New Roman' not found.
findfont: Font family 'Times New Roman' not found.
findfont: Font family 'Times New Roman' not found.
findfont: Font family 'Times New Roman' not found.
findfont: Font family 'Times New Roman' not found.
findfont: Font family 'Times New Roman' not found.
findfont: Font family 'Times New Roman' not found.
findfont: Font family 'Times New Roman' not found.
findfont: Font family 'Times New Roman' not found.
findfont: Font family 'Times New Roman' not found.
findfont: Font family 'Times New Roman' not found.
findfont: Font family 'Times New Roman' not found.
findfont: Font family 'Times New Roman' not found.
findfont: Font family 'Times New Roman' not found.
findfont: Font family 'Times New Roman' not found.
findfont: Font family 'Times New Roman' not found.
findfont: Font family 'Times New Roman' not found.
findfont: Font family 'Times New Roman' not found.
findfont: Font family 'Times New Roman' not found.
findfont: Font family 'Times New Roman' not found.
findfont: Font family 'Times New Roman' not found.
findfont: Font family 'Times New Roman' not found.
findfont: Font family 'Times New Roman' not found.
findfont: Font family 'Times New Roman' not found.
findfont: Font family 'Times New Roman' not found.
findfont: Font family 'Times New Roman' not found.
findfont: Font family 'Times New Roman' not found.
findfont: Font family 'Times New Roman' not found.
findfont: Font family 'Times New Roman' not found.
findfont: Font family 'Times New Roman' not found.
findfont: Font family 'Times New Roman' not found.
findfont: Font family 'Times New Roman' not found.
findfont: Font family 'Times New Roman' not found.
findfont: Font family 'Times New Roman' not found.
findfont: Font family 'Times New Roman' not found.
findfont: Font family 'Times New Roman' not found.
findfont: Font family 'Times New Roman' not found.
findfont: Font family 'Times New Roman' not found.
findfont: Font family 'Times New Roman' not found.
findfont: Font family 'Times New Roman' not found.
findfont: Font family 'Times New Roman' not found.
findfont: Font family 'Times New Roman' not found.
findfont: Font family 'Times New Roman' not found.
findfont: Font family 'Times New Roman' not found.
findfont: Font family 'Times New Roman' not found.
findfont: Font family 'Times New Roman' not found.
findfont: Font family 'Times New Roman' not found.
findfont: Font family 'Times New Roman' not found.
findfont: Font family 'Times New Roman' not found.
findfont: Font family 'Times New Roman' not found.
findfont: Font family 'Times New Roman' not found.
findfont: Font family 'Times New Roman' not found.
findfont: Font family 'Times New Roman' not found.
findfont: Font family 'Times New Roman' not found.
findfont: Font family 'Times New Roman' not found.
findfont: Font family 'Times New Roman' not found.
findfont: Font family 'Times New Roman' not found.
findfont: Font family 'Times New Roman' not found.
findfont: Font family 'Times New Roman' not found.
findfont: Font family 'Times New Roman' not found.
findfont: Font family 'Times New Roman' not found.
findfont: Font family 'Times New Roman' not found.
findfont: Font family 'Times New Roman' not found.
findfont: Font family 'Times New Roman' not found.
findfont: Font family 'Times New Roman' not found.
findfont: Font family 'Times New Roman' not found.
findfont: Font family 'Times New Roman' not found.
findfont: Font family 'Times New Roman' not found.
findfont: Font family 'Times New Roman' not found.
findfont: Font family 'Times New Roman' not found.
findfont: Font family 'Times New Roman' not found.
findfont: Font family 'Times New Roman' not found.
findfont: Font family 'Times New Roman' not found.
findfont: Font family 'Times New Roman' not found.
findfont: Font family 'Times New Roman' not found.
findfont: Font family 'Times New Roman' not found.
findfont: Font family 'Times New Roman' not found.
findfont: Font family 'Times New Roman' not found.
findfont: Font family 'Times New Roman' not found.
findfont: Font family 'Times New Roman' not found.
findfont: Font family 'Times New Roman' not found.
findfont: Font family 'Times New Roman' not found.
findfont: Font family 'Times New Roman' not found.
findfont: Font family 'Times New Roman' not found.
findfont: Font family 'Times New Roman' not found.
findfont: Font family 'Times New Roman' not found.
findfont: Font family 'Times New Roman' not found.
findfont: Font family 'Times New Roman' not found.
findfont: Font family 'Times New Roman' not found.
findfont: Font family 'Times New Roman' not found.
findfont: Font family 'Times New Roman' not found.
findfont: Font family 'Times New Roman' not found.
findfont: Font family 'Times New Roman' not found.
findfont: Font family 'Times New Roman' not found.
findfont: Font family 'Times New Roman' not found.
findfont: Font family 'Times New Roman' not found.
findfont: Font family 'Times New Roman' not found.
findfont: Font family 'Times New Roman' not found.
findfont: Font family 'Times New Roman' not found.
findfont: Font family 'Times New Roman' not found.
findfont: Font family 'Times New Roman' not found.
findfont: Font family 'Times New Roman' not found.
findfont: Font family 'Times New Roman' not found.
findfont: Font family 'Times New Roman' not found.
findfont: Font family 'Times New Roman' not found.
findfont: Font family 'Times New Roman' not found.
findfont: Font family 'Times New Roman' not found.
findfont: Font family 'Times New Roman' not found.
findfont: Font family 'Times New Roman' not found.
findfont: Font family 'Times New Roman' not found.
findfont: Font family 'Times New Roman' not found.
findfont: Font family 'Times New Roman' not found.
findfont: Font family 'Times New Roman' not found.
findfont: Font family 'Times New Roman' not found.
findfont: Font family 'Times New Roman' not found.
findfont: Font family 'Times New Roman' not found.
findfont: Font family 'Times New Roman' not found.
findfont: Font family 'Times New Roman' not found.
findfont: Font family 'Times New Roman' not found.
findfont: Font family 'Times New Roman' not found.
findfont: Font family 'Times New Roman' not found.
findfont: Font family 'Times New Roman' not found.
findfont: Font family 'Times New Roman' not found.
findfont: Font family 'Times New Roman' not found.
findfont: Font family 'Times New Roman' not found.
findfont: Font family 'Times New Roman' not found.
findfont: Font family 'Times New Roman' not found.
findfont: Font family 'Times New Roman' not found.
findfont: Font family 'Times New Roman' not found.
findfont: Font family 'Times New Roman' not found.
findfont: Font family 'Times New Roman' not found.
findfont: Font family 'Times New Roman' not found.
findfont: Font family 'Times New Roman' not found.
findfont: Font family 'Times New Roman' not found.
findfont: Font family 'Times New Roman' not found.
findfont: Font family 'Times New Roman' not found.
findfont: Font family 'Times New Roman' not found.
findfont: Font family 'Times New Roman' not found.
findfont: Font family 'Times New Roman' not found.
findfont: Font family 'Times New Roman' not found.
findfont: Font family 'Times New Roman' not found.
findfont: Font family 'Times New Roman' not found.
findfont: Font family 'Times New Roman' not found.
findfont: Font family 'Times New Roman' not found.
findfont: Font family 'Times New Roman' not found.
findfont: Font family 'Times New Roman' not found.
findfont: Font family 'Times New Roman' not found.
findfont: Font family 'Times New Roman' not found.
findfont: Font family 'Times New Roman' not found.
findfont: Font family 'Times New Roman' not found.
findfont: Font family 'Times New Roman' not found.
findfont: Font family 'Times New Roman' not found.
findfont: Font family 'Times New Roman' not found.
findfont: Font family 'Times New Roman' not found.
findfont: Font family 'Times New Roman' not found.
findfont: Font family 'Times New Roman' not found.
findfont: Font family 'Times New Roman' not found.
findfont: Font family 'Times New Roman' not found.
findfont: Font family 'Times New Roman' not found.
findfont: Font family 'Times New Roman' not found.
findfont: Font family 'Times New Roman' not found.
findfont: Font family 'Times New Roman' not found.
findfont: Font family 'Times New Roman' not found.
findfont: Font family 'Times New Roman' not found.
findfont: Font family 'Times New Roman' not found.
findfont: Font family 'Times New Roman' not found.
findfont: Font family 'Times New Roman' not found.
findfont: Font family 'Times New Roman' not found.
findfont: Font family 'Times New Roman' not found.
findfont: Font family 'Times New Roman' not found.
findfont: Font family 'Times New Roman' not found.
findfont: Font family 'Times New Roman' not found.
findfont: Font family 'Times New Roman' not found.
findfont: Font family 'Times New Roman' not found.
findfont: Font family 'Times New Roman' not found.
findfont: Font family 'Times New Roman' not found.
findfont: Font family 'Times New Roman' not found.
findfont: Font family 'Times New Roman' not found.
findfont: Font family 'Times New Roman' not found.
findfont: Font family 'Times New Roman' not found.
findfont: Font family 'Times New Roman' not found.
findfont: Font family 'Times New Roman' not found.
findfont: Font family 'Times New Roman' not found.
findfont: Font family 'Times New Roman' not found.
findfont: Font family 'Times New Roman' not found.
findfont: Font family 'Times New Roman' not found.
findfont: Font family 'Times New Roman' not found.
findfont: Font family 'Times New Roman' not found.
findfont: Font family 'Times New Roman' not found.
findfont: Font family 'Times New Roman' not found.
findfont: Font family 'Times New Roman' not found.
findfont: Font family 'Times New Roman' not found.
findfont: Font family 'Times New Roman' not found.
findfont: Font family 'Times New Roman' not found.
findfont: Font family 'Times New Roman' not found.
findfont: Font family 'Times New Roman' not found.
findfont: Font family 'Times New Roman' not found.
findfont: Font family 'Times New Roman' not found.
findfont: Font family 'Times New Roman' not found.
findfont: Font family 'Times New Roman' not found.
findfont: Font family 'Times New Roman' not found.
findfont: Font family 'Times New Roman' not found.
findfont: Font family 'Times New Roman' not found.
findfont: Font family 'Times New Roman' not found.
findfont: Font family 'Times New Roman' not found.
findfont: Font family 'Times New Roman' not found.
findfont: Font family 'Times New Roman' not found.
findfont: Font family 'Times New Roman' not found.
findfont: Font family 'Times New Roman' not found.
findfont: Font family 'Times New Roman' not found.
findfont: Font family 'Times New Roman' not found.
findfont: Font family 'Times New Roman' not found.
findfont: Font family 'Times New Roman' not found.
findfont: Font family 'Times New Roman' not found.
findfont: Font family 'Times New Roman' not found.
findfont: Font family 'Times New Roman' not found.
findfont: Font family 'Times New Roman' not found.
findfont: Font family 'Times New Roman' not found.
findfont: Font family 'Times New Roman' not found.
findfont: Font family 'Times New Roman' not found.
findfont: Font family 'Times New Roman' not found.
findfont: Font family 'Times New Roman' not found.
findfont: Font family 'Times New Roman' not found.
findfont: Font family 'Times New Roman' not found.
findfont: Font family 'Times New Roman' not found.
findfont: Font family 'Times New Roman' not found.
findfont: Font family 'Times New Roman' not found.
findfont: Font family 'Times New Roman' not found.
findfont: Font family 'Times New Roman' not found.
findfont: Font family 'Times New Roman' not found.
findfont: Font family 'Times New Roman' not found.
findfont: Font family 'Times New Roman' not found.
findfont: Font family 'Times New Roman' not found.
findfont: Font family 'Times New Roman' not found.
findfont: Font family 'Times New Roman' not found.
findfont: Font family 'Times New Roman' not found.
findfont: Font family 'Times New Roman' not found.
findfont: Font family 'Times New Roman' not found.
findfont: Font family 'Times New Roman' not found.
findfont: Font family 'Times New Roman' not found.
findfont: Font family 'Times New Roman' not found.
findfont: Font family 'Times New Roman' not found.
findfont: Font family 'Times New Roman' not found.
findfont: Font family 'Times New Roman' not found.
findfont: Font family 'Times New Roman' not found.
findfont: Font family 'Times New Roman' not found.
findfont: Font family 'Times New Roman' not found.
findfont: Font family 'Times New Roman' not found.
findfont: Font family 'Times New Roman' not found.
findfont: Font family 'Times New Roman' not found.
findfont: Font family 'Times New Roman' not found.
findfont: Font family 'Times New Roman' not found.
findfont: Font family 'Times New Roman' not found.
findfont: Font family 'Times New Roman' not found.
findfont: Font family 'Times New Roman' not found.
findfont: Font family 'Times New Roman' not found.
findfont: Font family 'Times New Roman' not found.
findfont: Font family 'Times New Roman' not found.
findfont: Font family 'Times New Roman' not found.
findfont: Font family 'Times New Roman' not found.
findfont: Font family 'Times New Roman' not found.
findfont: Font family 'Times New Roman' not found.
findfont: Font family 'Times New Roman' not found.
findfont: Font family 'Times New Roman' not found.
findfont: Font family 'Times New Roman' not found.
findfont: Font family 'Times New Roman' not found.
findfont: Font family 'Times New Roman' not found.
findfont: Font family 'Times New Roman' not found.
findfont: Font family 'Times New Roman' not found.
findfont: Font family 'Times New Roman' not found.
findfont: Font family 'Times New Roman' not found.
findfont: Font family 'Times New Roman' not found.
findfont: Font family 'Times New Roman' not found.
findfont: Font family 'Times New Roman' not found.
findfont: Font family 'Times New Roman' not found.
findfont: Font family 'Times New Roman' not found.
findfont: Font family 'Times New Roman' not found.
findfont: Font family 'Times New Roman' not found.
findfont: Font family 'Times New Roman' not found.
findfont: Font family 'Times New Roman' not found.
findfont: Font family 'Times New Roman' not found.
findfont: Font family 'Times New Roman' not found.
findfont: Font family 'Times New Roman' not found.
findfont: Font family 'Times New Roman' not found.
findfont: Font family 'Times New Roman' not found.
findfont: Font family 'Times New Roman' not found.
findfont: Font family 'Times New Roman' not found.
findfont: Font family 'Times New Roman' not found.
findfont: Font family 'Times New Roman' not found.
findfont: Font family 'Times New Roman' not found.
findfont: Font family 'Times New Roman' not found.
findfont: Font family 'Times New Roman' not found.
findfont: Font family 'Times New Roman' not found.
findfont: Font family 'Times New Roman' not found.
findfont: Font family 'Times New Roman' not found.
findfont: Font family 'Times New Roman' not found.
findfont: Font family 'Times New Roman' not found.
findfont: Font family 'Times New Roman' not found.
findfont: Font family 'Times New Roman' not found.
findfont: Font family 'Times New Roman' not found.
findfont: Font family 'Times New Roman' not found.
findfont: Font family 'Times New Roman' not found.
findfont: Font family 'Times New Roman' not found.
findfont: Font family 'Times New Roman' not found.
findfont: Font family 'Times New Roman' not found.
findfont: Font family 'Times New Roman' not found.
findfont: Font family 'Times New Roman' not found.
findfont: Font family 'Times New Roman' not found.
findfont: Font family 'Times New Roman' not found.
findfont: Font family 'Times New Roman' not found.
findfont: Font family 'Times New Roman' not found.
findfont: Font family 'Times New Roman' not found.
findfont: Font family 'Times New Roman' not found.
findfont: Font family 'Times New Roman' not found.
findfont: Font family 'Times New Roman' not found.
findfont: Font family 'Times New Roman' not found.
findfont: Font family 'Times New Roman' not found.
findfont: Font family 'Times New Roman' not found.
findfont: Font family 'Times New Roman' not found.
findfont: Font family 'Times New Roman' not found.
findfont: Font family 'Times New Roman' not found.
findfont: Font family 'Times New Roman' not found.
findfont: Font family 'Times New Roman' not found.
findfont: Font family 'Times New Roman' not found.
findfont: Font family 'Times New Roman' not found.
findfont: Font family 'Times New Roman' not found.
findfont: Font family 'Times New Roman' not found.
findfont: Font family 'Times New Roman' not found.
findfont: Font family 'Times New Roman' not found.
findfont: Font family 'Times New Roman' not found.
findfont: Font family 'Times New Roman' not found.
findfont: Font family 'Times New Roman' not found.
findfont: Font family 'Times New Roman' not found.
findfont: Font family 'Times New Roman' not found.
findfont: Font family 'Times New Roman' not found.
findfont: Font family 'Times New Roman' not found.
findfont: Font family 'Times New Roman' not found.
findfont: Font family 'Times New Roman' not found.
findfont: Font family 'Times New Roman' not found.
findfont: Font family 'Times New Roman' not found.
findfont: Font family 'Times New Roman' not found.
findfont: Font family 'Times New Roman' not found.
findfont: Font family 'Times New Roman' not found.
findfont: Font family 'Times New Roman' not found.
findfont: Font family 'Times New Roman' not found.
findfont: Font family 'Times New Roman' not found.
findfont: Font family 'Times New Roman' not found.
findfont: Font family 'Times New Roman' not found.
findfont: Font family 'Times New Roman' not found.
findfont: Font family 'Times New Roman' not found.
findfont: Font family 'Times New Roman' not found.
findfont: Font family 'Times New Roman' not found.
findfont: Font family 'Times New Roman' not found.
findfont: Font family 'Times New Roman' not found.
findfont: Font family 'Times New Roman' not found.
findfont: Font family 'Times New Roman' not found.
findfont: Font family 'Times New Roman' not found.
findfont: Font family 'Times New Roman' not found.
findfont: Font family 'Times New Roman' not found.
findfont: Font family 'Times New Roman' not found.
findfont: Font family 'Times New Roman' not found.
findfont: Font family 'Times New Roman' not found.
findfont: Font family 'Times New Roman' not found.
findfont: Font family 'Times New Roman' not found.
findfont: Font family 'Times New Roman' not found.
findfont: Font family 'Times New Roman' not found.
findfont: Font family 'Times New Roman' not found.
findfont: Font family 'Times New Roman' not found.
findfont: Font family 'Times New Roman' not found.
findfont: Font family 'Times New Roman' not found.
findfont: Font family 'Times New Roman' not found.
findfont: Font family 'Times New Roman' not found.
findfont: Font family 'Times New Roman' not found.
findfont: Font family 'Times New Roman' not found.
findfont: Font family 'Times New Roman' not found.
findfont: Font family 'Times New Roman' not found.
findfont: Font family 'Times New Roman' not found.
findfont: Font family 'Times New Roman' not found.
findfont: Font family 'Times New Roman' not found.
findfont: Font family 'Times New Roman' not found.
findfont: Font family 'Times New Roman' not found.
findfont: Font family 'Times New Roman' not found.
findfont: Font family 'Times New Roman' not found.
findfont: Font family 'Times New Roman' not found.
findfont: Font family 'Times New Roman' not found.
findfont: Font family 'Times New Roman' not found.
findfont: Font family 'Times New Roman' not found.
findfont: Font family 'Times New Roman' not found.
findfont: Font family 'Times New Roman' not found.
findfont: Font family 'Times New Roman' not found.
findfont: Font family 'Times New Roman' not found.
findfont: Font family 'Times New Roman' not found.
findfont: Font family 'Times New Roman' not found.
findfont: Font family 'Times New Roman' not found.
findfont: Font family 'Times New Roman' not found.
findfont: Font family 'Times New Roman' not found.
findfont: Font family 'Times New Roman' not found.
findfont: Font family 'Times New Roman' not found.
findfont: Font family 'Times New Roman' not found.
findfont: Font family 'Times New Roman' not found.
findfont: Font family 'Times New Roman' not found.
findfont: Font family 'Times New Roman' not found.
findfont: Font family 'Times New Roman' not found.
findfont: Font family 'Times New Roman' not found.
findfont: Font family 'Times New Roman' not found.
findfont: Font family 'Times New Roman' not found.
findfont: Font family 'Times New Roman' not found.
findfont: Font family 'Times New Roman' not found.
findfont: Font family 'Times New Roman' not found.
findfont: Font family 'Times New Roman' not found.
findfont: Font family 'Times New Roman' not found.
findfont: Font family 'Times New Roman' not found.
findfont: Font family 'Times New Roman' not found.
findfont: Font family 'Times New Roman' not found.
findfont: Font family 'Times New Roman' not found.
findfont: Font family 'Times New Roman' not found.
findfont: Font family 'Times New Roman' not found.
findfont: Font family 'Times New Roman' not found.
findfont: Font family 'Times New Roman' not found.
findfont: Font family 'Times New Roman' not found.
findfont: Font family 'Times New Roman' not found.
findfont: Font family 'Times New Roman' not found.
findfont: Font family 'Times New Roman' not found.
findfont: Font family 'Times New Roman' not found.
findfont: Font family 'Times New Roman' not found.
findfont: Font family 'Times New Roman' not found.
findfont: Font family 'Times New Roman' not found.
findfont: Font family 'Times New Roman' not found.
findfont: Font family 'Times New Roman' not found.
findfont: Font family 'Times New Roman' not found.
findfont: Font family 'Times New Roman' not found.
findfont: Font family 'Times New Roman' not found.
findfont: Font family 'Times New Roman' not found.
findfont: Font family 'Times New Roman' not found.
findfont: Font family 'Times New Roman' not found.
findfont: Font family 'Times New Roman' not found.
findfont: Font family 'Times New Roman' not found.
findfont: Font family 'Times New Roman' not found.
findfont: Font family 'Times New Roman' not found.
findfont: Font family 'Times New Roman' not found.
findfont: Font family 'Times New Roman' not found.
findfont: Font family 'Times New Roman' not found.
findfont: Font family 'Times New Roman' not found.
findfont: Font family 'Times New Roman' not found.
findfont: Font family 'Times New Roman' not found.
findfont: Font family 'Times New Roman' not found.
findfont: Font family 'Times New Roman' not found.
findfont: Font family 'Times New Roman' not found.
findfont: Font family 'Times New Roman' not found.
findfont: Font family 'Times New Roman' not found.
findfont: Font family 'Times New Roman' not found.
findfont: Font family 'Times New Roman' not found.
findfont: Font family 'Times New Roman' not found.
findfont: Font family 'Times New Roman' not found.
findfont: Font family 'Times New Roman' not found.
findfont: Font family 'Times New Roman' not found.
findfont: Font family 'Times New Roman' not found.
findfont: Font family 'Times New Roman' not found.
findfont: Font family 'Times New Roman' not found.
findfont: Font family 'Times New Roman' not found.
findfont: Font family 'Times New Roman' not found.
findfont: Font family 'Times New Roman' not found.
findfont: Font family 'Times New Roman' not found.
findfont: Font family 'Times New Roman' not found.
findfont: Font family 'Times New Roman' not found.
findfont: Font family 'Times New Roman' not found.
findfont: Font family 'Times New Roman' not found.
findfont: Font family 'Times New Roman' not found.
findfont: Font family 'Times New Roman' not found.
findfont: Font family 'Times New Roman' not found.
findfont: Font family 'Times New Roman' not found.
findfont: Font family 'Times New Roman' not found.
findfont: Font family 'Times New Roman' not found.
findfont: Font family 'Times New Roman' not found.
findfont: Font family 'Times New Roman' not found.
findfont: Font family 'Times New Roman' not found.
findfont: Font family 'Times New Roman' not found.
findfont: Font family 'Times New Roman' not found.
findfont: Font family 'Times New Roman' not found.
findfont: Font family 'Times New Roman' not found.
findfont: Font family 'Times New Roman' not found.
findfont: Font family 'Times New Roman' not found.
findfont: Font family 'Times New Roman' not found.
findfont: Font family 'Times New Roman' not found.
findfont: Font family 'Times New Roman' not found.
findfont: Font family 'Times New Roman' not found.
findfont: Font family 'Times New Roman' not found.
findfont: Font family 'Times New Roman' not found.
findfont: Font family 'Times New Roman' not found.
findfont: Font family 'Times New Roman' not found.
findfont: Font family 'Times New Roman' not found.
findfont: Font family 'Times New Roman' not found.
findfont: Font family 'Times New Roman' not found.
findfont: Font family 'Times New Roman' not found.
findfont: Font family 'Times New Roman' not found.
findfont: Font family 'Times New Roman' not found.
findfont: Font family 'Times New Roman' not found.
findfont: Font family 'Times New Roman' not found.
findfont: Font family 'Times New Roman' not found.
findfont: Font family 'Times New Roman' not found.
findfont: Font family 'Times New Roman' not found.
findfont: Font family 'Times New Roman' not found.
findfont: Font family 'Times New Roman' not found.
findfont: Font family 'Times New Roman' not found.
findfont: Font family 'Times New Roman' not found.
findfont: Font family 'Times New Roman' not found.
findfont: Font family 'Times New Roman' not found.
findfont: Font family 'Times New Roman' not found.
findfont: Font family 'Times New Roman' not found.
findfont: Font family 'Times New Roman' not found.
findfont: Font family 'Times New Roman' not found.
findfont: Font family 'Times New Roman' not found.
findfont: Font family 'Times New Roman' not found.
findfont: Font family 'Times New Roman' not found.
findfont: Font family 'Times New Roman' not found.
findfont: Font family 'Times New Roman' not found.
findfont: Font family 'Times New Roman' not found.
findfont: Font family 'Times New Roman' not found.
findfont: Font family 'Times New Roman' not found.
findfont: Font family 'Times New Roman' not found.
findfont: Font family 'Times New Roman' not found.
findfont: Font family 'Times New Roman' not found.
findfont: Font family 'Times New Roman' not found.
findfont: Font family 'Times New Roman' not found.
findfont: Font family 'Times New Roman' not found.
findfont: Font family 'Times New Roman' not found.
findfont: Font family 'Times New Roman' not found.
findfont: Font family 'Times New Roman' not found.
findfont: Font family 'Times New Roman' not found.
findfont: Font family 'Times New Roman' not found.
findfont: Font family 'Times New Roman' not found.
findfont: Font family 'Times New Roman' not found.
findfont: Font family 'Times New Roman' not found.
findfont: Font family 'Times New Roman' not found.
findfont: Font family 'Times New Roman' not found.
findfont: Font family 'Times New Roman' not found.
findfont: Font family 'Times New Roman' not found.
findfont: Font family 'Times New Roman' not found.
findfont: Font family 'Times New Roman' not found.
findfont: Font family 'Times New Roman' not found.
findfont: Font family 'Times New Roman' not found.
findfont: Font family 'Times New Roman' not found.
findfont: Font family 'Times New Roman' not found.
findfont: Font family 'Times New Roman' not found.
findfont: Font family 'Times New Roman' not found.
findfont: Font family 'Times New Roman' not found.
findfont: Font family 'Times New Roman' not found.
findfont: Font family 'Times New Roman' not found.
findfont: Font family 'Times New Roman' not found.
findfont: Font family 'Times New Roman' not found.
findfont: Font family 'Times New Roman' not found.
findfont: Font family 'Times New Roman' not found.
findfont: Font family 'Times New Roman' not found.
findfont: Font family 'Times New Roman' not found.
findfont: Font family 'Times New Roman' not found.
findfont: Font family 'Times New Roman' not found.
findfont: Font family 'Times New Roman' not found.
findfont: Font family 'Times New Roman' not found.
findfont: Font family 'Times New Roman' not found.
findfont: Font family 'Times New Roman' not found.
findfont: Font family 'Times New Roman' not found.
findfont: Font family 'Times New Roman' not found.
findfont: Font family 'Times New Roman' not found.
findfont: Font family 'Times New Roman' not found.
findfont: Font family 'Times New Roman' not found.
findfont: Font family 'Times New Roman' not found.
findfont: Font family 'Times New Roman' not found.
findfont: Font family 'Times New Roman' not found.
findfont: Font family 'Times New Roman' not found.
findfont: Font family 'Times New Roman' not found.
findfont: Font family 'Times New Roman' not found.
findfont: Font family 'Times New Roman' not found.
findfont: Font family 'Times New Roman' not found.
findfont: Font family 'Times New Roman' not found.
findfont: Font family 'Times New Roman' not found.
findfont: Font family 'Times New Roman' not found.
findfont: Font family 'Times New Roman' not found.
findfont: Font family 'Times New Roman' not found.
findfont: Font family 'Times New Roman' not found.
findfont: Font family 'Times New Roman' not found.
findfont: Font family 'Times New Roman' not found.
findfont: Font family 'Times New Roman' not found.
findfont: Font family 'Times New Roman' not found.
findfont: Font family 'Times New Roman' not found.
findfont: Font family 'Times New Roman' not found.
findfont: Font family 'Times New Roman' not found.
findfont: Font family 'Times New Roman' not found.
findfont: Font family 'Times New Roman' not found.
findfont: Font family 'Times New Roman' not found.
findfont: Font family 'Times New Roman' not found.
findfont: Font family 'Times New Roman' not found.
findfont: Font family 'Times New Roman' not found.
findfont: Font family 'Times New Roman' not found.
findfont: Font family 'Times New Roman' not found.
findfont: Font family 'Times New Roman' not found.
findfont: Font family 'Times New Roman' not found.
findfont: Font family 'Times New Roman' not found.
findfont: Font family 'Times New Roman' not found.
findfont: Font family 'Times New Roman' not found.
findfont: Font family 'Times New Roman' not found.
findfont: Font family 'Times New Roman' not found.
findfont: Font family 'Times New Roman' not found.
findfont: Font family 'Times New Roman' not found.
findfont: Font family 'Times New Roman' not found.
findfont: Font family 'Times New Roman' not found.
findfont: Font family 'Times New Roman' not found.
findfont: Font family 'Times New Roman' not found.
findfont: Font family 'Times New Roman' not found.
findfont: Font family 'Times New Roman' not found.
findfont: Font family 'Times New Roman' not found.
findfont: Font family 'Times New Roman' not found.
findfont: Font family 'Times New Roman' not found.
findfont: Font family 'Times New Roman' not found.
findfont: Font family 'Times New Roman' not found.
findfont: Font family 'Times New Roman' not found.
findfont: Font family 'Times New Roman' not found.
findfont: Font family 'Times New Roman' not found.
findfont: Font family 'Times New Roman' not found.
findfont: Font family 'Times New Roman' not found.
findfont: Font family 'Times New Roman' not found.
findfont: Font family 'Times New Roman' not found.
findfont: Font family 'Times New Roman' not found.
findfont: Font family 'Times New Roman' not found.
findfont: Font family 'Times New Roman' not found.
findfont: Font family 'Times New Roman' not found.
findfont: Font family 'Times New Roman' not found.
findfont: Font family 'Times New Roman' not found.
findfont: Font family 'Times New Roman' not found.
findfont: Font family 'Times New Roman' not found.
findfont: Font family 'Times New Roman' not found.
findfont: Font family 'Times New Roman' not found.
findfont: Font family 'Times New Roman' not found.
findfont: Font family 'Times New Roman' not found.
findfont: Font family 'Times New Roman' not found.
findfont: Font family 'Times New Roman' not found.
findfont: Font family 'Times New Roman' not found.
findfont: Font family 'Times New Roman' not found.
findfont: Font family 'Times New Roman' not found.
findfont: Font family 'Times New Roman' not found.
findfont: Font family 'Times New Roman' not found.
findfont: Font family 'Times New Roman' not found.
findfont: Font family 'Times New Roman' not found.
findfont: Font family 'Times New Roman' not found.
findfont: Font family 'Times New Roman' not found.
findfont: Font family 'Times New Roman' not found.
findfont: Font family 'Times New Roman' not found.
findfont: Font family 'Times New Roman' not found.
findfont: Font family 'Times New Roman' not found.
findfont: Font family 'Times New Roman' not found.
findfont: Font family 'Times New Roman' not found.
findfont: Font family 'Times New Roman' not found.
findfont: Font family 'Times New Roman' not found.
findfont: Font family 'Times New Roman' not found.
findfont: Font family 'Times New Roman' not found.
findfont: Font family 'Times New Roman' not found.
findfont: Font family 'Times New Roman' not found.
findfont: Font family 'Times New Roman' not found.
findfont: Font family 'Times New Roman' not found.
findfont: Font family 'Times New Roman' not found.
findfont: Font family 'Times New Roman' not found.
findfont: Font family 'Times New Roman' not found.
findfont: Font family 'Times New Roman' not found.
findfont: Font family 'Times New Roman' not found.
findfont: Font family 'Times New Roman' not found.
findfont: Font family 'Times New Roman' not found.
findfont: Font family 'Times New Roman' not found.
findfont: Font family 'Times New Roman' not found.
findfont: Font family 'Times New Roman' not found.
findfont: Font family 'Times New Roman' not found.
findfont: Font family 'Times New Roman' not found.
findfont: Font family 'Times New Roman' not found.
findfont: Font family 'Times New Roman' not found.
findfont: Font family 'Times New Roman' not found.
findfont: Font family 'Times New Roman' not found.
findfont: Font family 'Times New Roman' not found.
findfont: Font family 'Times New Roman' not found.
findfont: Font family 'Times New Roman' not found.
findfont: Font family 'Times New Roman' not found.
findfont: Font family 'Times New Roman' not found.
findfont: Font family 'Times New Roman' not found.
findfont: Font family 'Times New Roman' not found.
findfont: Font family 'Times New Roman' not found.
findfont: Font family 'Times New Roman' not found.
findfont: Font family 'Times New Roman' not found.
findfont: Font family 'Times New Roman' not found.
findfont: Font family 'Times New Roman' not found.
findfont: Font family 'Times New Roman' not found.
findfont: Font family 'Times New Roman' not found.
findfont: Font family 'Times New Roman' not found.
findfont: Font family 'Times New Roman' not found.
findfont: Font family 'Times New Roman' not found.
findfont: Font family 'Times New Roman' not found.
findfont: Font family 'Times New Roman' not found.
findfont: Font family 'Times New Roman' not found.
findfont: Font family 'Times New Roman' not found.
findfont: Font family 'Times New Roman' not found.
findfont: Font family 'Times New Roman' not found.
findfont: Font family 'Times New Roman' not found.
findfont: Font family 'Times New Roman' not found.
findfont: Font family 'Times New Roman' not found.
findfont: Font family 'Times New Roman' not found.
findfont: Font family 'Times New Roman' not found.
findfont: Font family 'Times New Roman' not found.
findfont: Font family 'Times New Roman' not found.
findfont: Font family 'Times New Roman' not found.
findfont: Font family 'Times New Roman' not found.
findfont: Font family 'Times New Roman' not found.
findfont: Font family 'Times New Roman' not found.
findfont: Font family 'Times New Roman' not found.
findfont: Font family 'Times New Roman' not found.
findfont: Font family 'Times New Roman' not found.
findfont: Font family 'Times New Roman' not found.
findfont: Font family 'Times New Roman' not found.
findfont: Font family 'Times New Roman' not found.
findfont: Font family 'Times New Roman' not found.
findfont: Font family 'Times New Roman' not found.
findfont: Font family 'Times New Roman' not found.
findfont: Font family 'Times New Roman' not found.
findfont: Font family 'Times New Roman' not found.
findfont: Font family 'Times New Roman' not found.
findfont: Font family 'Times New Roman' not found.
findfont: Font family 'Times New Roman' not found.
findfont: Font family 'Times New Roman' not found.
findfont: Font family 'Times New Roman' not found.
findfont: Font family 'Times New Roman' not found.
findfont: Font family 'Times New Roman' not found.
findfont: Font family 'Times New Roman' not found.
findfont: Font family 'Times New Roman' not found.
findfont: Font family 'Times New Roman' not found.
findfont: Font family 'Times New Roman' not found.
findfont: Font family 'Times New Roman' not found.
findfont: Font family 'Times New Roman' not found.
findfont: Font family 'Times New Roman' not found.
findfont: Font family 'Times New Roman' not found.
findfont: Font family 'Times New Roman' not found.
findfont: Font family 'Times New Roman' not found.
findfont: Font family 'Times New Roman' not found.
findfont: Font family 'Times New Roman' not found.
findfont: Font family 'Times New Roman' not found.
findfont: Font family 'Times New Roman' not found.
findfont: Font family 'Times New Roman' not found.
findfont: Font family 'Times New Roman' not found.
findfont: Font family 'Times New Roman' not found.
findfont: Font family 'Times New Roman' not found.
findfont: Font family 'Times New Roman' not found.
findfont: Font family 'Times New Roman' not found.
findfont: Font family 'Times New Roman' not found.
findfont: Font family 'Times New Roman' not found.
findfont: Font family 'Times New Roman' not found.
findfont: Font family 'Times New Roman' not found.
findfont: Font family 'Times New Roman' not found.
findfont: Font family 'Times New Roman' not found.
findfont: Font family 'Times New Roman' not found.
findfont: Font family 'Times New Roman' not found.
findfont: Font family 'Times New Roman' not found.
findfont: Font family 'Times New Roman' not found.
findfont: Font family 'Times New Roman' not found.
findfont: Font family 'Times New Roman' not found.
findfont: Font family 'Times New Roman' not found.
findfont: Font family 'Times New Roman' not found.
findfont: Font family 'Times New Roman' not found.
findfont: Font family 'Times New Roman' not found.
findfont: Font family 'Times New Roman' not found.
findfont: Font family 'Times New Roman' not found.
findfont: Font family 'Times New Roman' not found.
findfont: Font family 'Times New Roman' not found.
findfont: Font family 'Times New Roman' not found.
findfont: Font family 'Times New Roman' not found.
findfont: Font family 'Times New Roman' not found.
findfont: Font family 'Times New Roman' not found.
findfont: Font family 'Times New Roman' not found.
findfont: Font family 'Times New Roman' not found.
findfont: Font family 'Times New Roman' not found.
findfont: Font family 'Times New Roman' not found.
findfont: Font family 'Times New Roman' not found.
findfont: Font family 'Times New Roman' not found.
findfont: Font family 'Times New Roman' not found.
findfont: Font family 'Times New Roman' not found.
findfont: Font family 'Times New Roman' not found.
findfont: Font family 'Times New Roman' not found.
findfont: Font family 'Times New Roman' not found.
findfont: Font family 'Times New Roman' not found.
findfont: Font family 'Times New Roman' not found.
findfont: Font family 'Times New Roman' not found.
findfont: Font family 'Times New Roman' not found.
findfont: Font family 'Times New Roman' not found.
findfont: Font family 'Times New Roman' not found.
findfont: Font family 'Times New Roman' not found.
findfont: Font family 'Times New Roman' not found.
findfont: Font family 'Times New Roman' not found.
findfont: Font family 'Times New Roman' not found.
findfont: Font family 'Times New Roman' not found.
findfont: Font family 'Times New Roman' not found.
findfont: Font family 'Times New Roman' not found.
findfont: Font family 'Times New Roman' not found.
findfont: Font family 'Times New Roman' not found.
findfont: Font family 'Times New Roman' not found.
findfont: Font family 'Times New Roman' not found.
findfont: Font family 'Times New Roman' not found.
findfont: Font family 'Times New Roman' not found.
findfont: Font family 'Times New Roman' not found.
findfont: Font family 'Times New Roman' not found.
findfont: Font family 'Times New Roman' not found.
findfont: Font family 'Times New Roman' not found.
findfont: Font family 'Times New Roman' not found.
findfont: Font family 'Times New Roman' not found.
findfont: Font family 'Times New Roman' not found.
findfont: Font family 'Times New Roman' not found.
findfont: Font family 'Times New Roman' not found.
findfont: Font family 'Times New Roman' not found.
findfont: Font family 'Times New Roman' not found.
findfont: Font family 'Times New Roman' not found.
findfont: Font family 'Times New Roman' not found.
findfont: Font family 'Times New Roman' not found.
findfont: Font family 'Times New Roman' not found.
findfont: Font family 'Times New Roman' not found.
findfont: Font family 'Times New Roman' not found.
findfont: Font family 'Times New Roman' not found.
findfont: Font family 'Times New Roman' not found.
findfont: Font family 'Times New Roman' not found.
findfont: Font family 'Times New Roman' not found.
findfont: Font family 'Times New Roman' not found.
findfont: Font family 'Times New Roman' not found.
findfont: Font family 'Times New Roman' not found.
findfont: Font family 'Times New Roman' not found.
findfont: Font family 'Times New Roman' not found.
findfont: Font family 'Times New Roman' not found.
findfont: Font family 'Times New Roman' not found.
findfont: Font family 'Times New Roman' not found.
findfont: Font family 'Times New Roman' not found.
findfont: Font family 'Times New Roman' not found.
findfont: Font family 'Times New Roman' not found.
findfont: Font family 'Times New Roman' not found.
findfont: Font family 'Times New Roman' not found.
findfont: Font family 'Times New Roman' not found.
findfont: Font family 'Times New Roman' not found.
findfont: Font family 'Times New Roman' not found.
findfont: Font family 'Times New Roman' not found.
findfont: Font family 'Times New Roman' not found.
findfont: Font family 'Times New Roman' not found.
findfont: Font family 'Times New Roman' not found.
findfont: Font family 'Times New Roman' not found.
findfont: Font family 'Times New Roman' not found.
findfont: Font family 'Times New Roman' not found.
findfont: Font family 'Times New Roman' not found.
findfont: Font family 'Times New Roman' not found.
findfont: Font family 'Times New Roman' not found.
findfont: Font family 'Times New Roman' not found.
findfont: Font family 'Times New Roman' not found.
findfont: Font family 'Times New Roman' not found.
findfont: Font family 'Times New Roman' not found.
findfont: Font family 'Times New Roman' not found.
findfont: Font family 'Times New Roman' not found.
findfont: Font family 'Times New Roman' not found.
findfont: Font family 'Times New Roman' not found.
findfont: Font family 'Times New Roman' not found.
findfont: Font family 'Times New Roman' not found.
findfont: Font family 'Times New Roman' not found.
findfont: Font family 'Times New Roman' not found.
findfont: Font family 'Times New Roman' not found.
findfont: Font family 'Times New Roman' not found.
findfont: Font family 'Times New Roman' not found.
findfont: Font family 'Times New Roman' not found.
findfont: Font family 'Times New Roman' not found.
findfont: Font family 'Times New Roman' not found.
findfont: Font family 'Times New Roman' not found.
findfont: Font family 'Times New Roman' not found.
findfont: Font family 'Times New Roman' not found.
findfont: Font family 'Times New Roman' not found.
findfont: Font family 'Times New Roman' not found.
findfont: Font family 'Times New Roman' not found.
findfont: Font family 'Times New Roman' not found.
findfont: Font family 'Times New Roman' not found.
findfont: Font family 'Times New Roman' not found.
findfont: Font family 'Times New Roman' not found.
findfont: Font family 'Times New Roman' not found.
findfont: Font family 'Times New Roman' not found.
findfont: Font family 'Times New Roman' not found.
findfont: Font family 'Times New Roman' not found.
findfont: Font family 'Times New Roman' not found.
findfont: Font family 'Times New Roman' not found.
findfont: Font family 'Times New Roman' not found.
findfont: Font family 'Times New Roman' not found.
findfont: Font family 'Times New Roman' not found.
findfont: Font family 'Times New Roman' not found.
findfont: Font family 'Times New Roman' not found.
findfont: Font family 'Times New Roman' not found.
findfont: Font family 'Times New Roman' not found.
findfont: Font family 'Times New Roman' not found.
findfont: Font family 'Times New Roman' not found.
findfont: Font family 'Times New Roman' not found.
findfont: Font family 'Times New Roman' not found.
findfont: Font family 'Times New Roman' not found.
findfont: Font family 'Times New Roman' not found.
findfont: Font family 'Times New Roman' not found.
findfont: Font family 'Times New Roman' not found.
findfont: Font family 'Times New Roman' not found.
findfont: Font family 'Times New Roman' not found.
findfont: Font family 'Times New Roman' not found.
findfont: Font family 'Times New Roman' not found.
findfont: Font family 'Times New Roman' not found.
findfont: Font family 'Times New Roman' not found.
findfont: Font family 'Times New Roman' not found.
findfont: Font family 'Times New Roman' not found.
findfont: Font family 'Times New Roman' not found.
findfont: Font family 'Times New Roman' not found.
findfont: Font family 'Times New Roman' not found.
findfont: Font family 'Times New Roman' not found.
findfont: Font family 'Times New Roman' not found.
findfont: Font family 'Times New Roman' not found.
findfont: Font family 'Times New Roman' not found.
findfont: Font family 'Times New Roman' not found.
findfont: Font family 'Times New Roman' not found.
findfont: Font family 'Times New Roman' not found.
findfont: Font family 'Times New Roman' not found.
findfont: Font family 'Times New Roman' not found.
findfont: Font family 'Times New Roman' not found.
findfont: Font family 'Times New Roman' not found.
findfont: Font family 'Times New Roman' not found.
findfont: Font family 'Times New Roman' not found.
findfont: Font family 'Times New Roman' not found.
findfont: Font family 'Times New Roman' not found.
findfont: Font family 'Times New Roman' not found.
findfont: Font family 'Times New Roman' not found.
findfont: Font family 'Times New Roman' not found.
findfont: Font family 'Times New Roman' not found.
findfont: Font family 'Times New Roman' not found.
findfont: Font family 'Times New Roman' not found.
findfont: Font family 'Times New Roman' not found.
findfont: Font family 'Times New Roman' not found.
findfont: Font family 'Times New Roman' not found.
findfont: Font family 'Times New Roman' not found.
findfont: Font family 'Times New Roman' not found.
findfont: Font family 'Times New Roman' not found.
findfont: Font family 'Times New Roman' not found.
findfont: Font family 'Times New Roman' not found.
findfont: Font family 'Times New Roman' not found.
findfont: Font family 'Times New Roman' not found.
findfont: Font family 'Times New Roman' not found.
findfont: Font family 'Times New Roman' not found.
findfont: Font family 'Times New Roman' not found.
findfont: Font family 'Times New Roman' not found.
findfont: Font family 'Times New Roman' not found.
findfont: Font family 'Times New Roman' not found.
findfont: Font family 'Times New Roman' not found.
findfont: Font family 'Times New Roman' not found.
findfont: Font family 'Times New Roman' not found.
findfont: Font family 'Times New Roman' not found.
findfont: Font family 'Times New Roman' not found.
findfont: Font family 'Times New Roman' not found.
findfont: Font family 'Times New Roman' not found.
findfont: Font family 'Times New Roman' not found.
findfont: Font family 'Times New Roman' not found.
findfont: Font family 'Times New Roman' not found.
findfont: Font family 'Times New Roman' not found.
findfont: Font family 'Times New Roman' not found.
findfont: Font family 'Times New Roman' not found.
findfont: Font family 'Times New Roman' not found.
findfont: Font family 'Times New Roman' not found.
findfont: Font family 'Times New Roman' not found.
findfont: Font family 'Times New Roman' not found.
findfont: Font family 'Times New Roman' not found.
findfont: Font family 'Times New Roman' not found.
findfont: Font family 'Times New Roman' not found.
findfont: Font family 'Times New Roman' not found.
findfont: Font family 'Times New Roman' not found.
findfont: Font family 'Times New Roman' not found.
findfont: Font family 'Times New Roman' not found.
findfont: Font family 'Times New Roman' not found.
findfont: Font family 'Times New Roman' not found.
findfont: Font family 'Times New Roman' not found.
findfont: Font family 'Times New Roman' not found.
findfont: Font family 'Times New Roman' not found.
findfont: Font family 'Times New Roman' not found.
findfont: Font family 'Times New Roman' not found.
findfont: Font family 'Times New Roman' not found.
findfont: Font family 'Times New Roman' not found.
findfont: Font family 'Times New Roman' not found.
findfont: Font family 'Times New Roman' not found.
findfont: Font family 'Times New Roman' not found.
findfont: Font family 'Times New Roman' not found.
findfont: Font family 'Times New Roman' not found.
findfont: Font family 'Times New Roman' not found.
findfont: Font family 'Times New Roman' not found.
findfont: Font family 'Times New Roman' not found.
findfont: Font family 'Times New Roman' not found.
findfont: Font family 'Times New Roman' not found.
findfont: Font family 'Times New Roman' not found.
findfont: Font family 'Times New Roman' not found.
findfont: Font family 'Times New Roman' not found.
findfont: Font family 'Times New Roman' not found.
findfont: Font family 'Times New Roman' not found.
findfont: Font family 'Times New Roman' not found.
findfont: Font family 'Times New Roman' not found.
findfont: Font family 'Times New Roman' not found.
findfont: Font family 'Times New Roman' not found.
findfont: Font family 'Times New Roman' not found.
findfont: Font family 'Times New Roman' not found.
findfont: Font family 'Times New Roman' not found.
findfont: Font family 'Times New Roman' not found.
findfont: Font family 'Times New Roman' not found.
findfont: Font family 'Times New Roman' not found.
findfont: Font family 'Times New Roman' not found.
findfont: Font family 'Times New Roman' not found.
findfont: Font family 'Times New Roman' not found.
findfont: Font family 'Times New Roman' not found.
findfont: Font family 'Times New Roman' not found.
findfont: Font family 'Times New Roman' not found.
findfont: Font family 'Times New Roman' not found.
findfont: Font family 'Times New Roman' not found.
findfont: Font family 'Times New Roman' not found.
findfont: Font family 'Times New Roman' not found.
findfont: Font family 'Times New Roman' not found.
findfont: Font family 'Times New Roman' not found.
findfont: Font family 'Times New Roman' not found.
findfont: Font family 'Times New Roman' not found.
findfont: Font family 'Times New Roman' not found.
findfont: Font family 'Times New Roman' not found.
findfont: Font family 'Times New Roman' not found.
findfont: Font family 'Times New Roman' not found.
findfont: Font family 'Times New Roman' not found.
findfont: Font family 'Times New Roman' not found.
findfont: Font family 'Times New Roman' not found.
findfont: Font family 'Times New Roman' not found.
findfont: Font family 'Times New Roman' not found.
findfont: Font family 'Times New Roman' not found.
findfont: Font family 'Times New Roman' not found.
findfont: Font family 'Times New Roman' not found.
findfont: Font family 'Times New Roman' not found.
findfont: Font family 'Times New Roman' not found.
findfont: Font family 'Times New Roman' not found.
findfont: Font family 'Times New Roman' not found.
findfont: Font family 'Times New Roman' not found.
findfont: Font family 'Times New Roman' not found.
findfont: Font family 'Times New Roman' not found.
findfont: Font family 'Times New Roman' not found.
findfont: Font family 'Times New Roman' not found.
findfont: Font family 'Times New Roman' not found.
findfont: Font family 'Times New Roman' not found.
findfont: Font family 'Times New Roman' not found.
findfont: Font family 'Times New Roman' not found.
findfont: Font family 'Times New Roman' not found.
findfont: Font family 'Times New Roman' not found.
findfont: Font family 'Times New Roman' not found.
findfont: Font family 'Times New Roman' not found.
findfont: Font family 'Times New Roman' not found.
findfont: Font family 'Times New Roman' not found.
findfont: Font family 'Times New Roman' not found.
findfont: Font family 'Times New Roman' not found.
findfont: Font family 'Times New Roman' not found.
findfont: Font family 'Times New Roman' not found.
findfont: Font family 'Times New Roman' not found.
findfont: Font family 'Times New Roman' not found.
findfont: Font family 'Times New Roman' not found.
findfont: Font family 'Times New Roman' not found.
findfont: Font family 'Times New Roman' not found.
findfont: Font family 'Times New Roman' not found.
findfont: Font family 'Times New Roman' not found.
findfont: Font family 'Times New Roman' not found.
findfont: Font family 'Times New Roman' not found.
findfont: Font family 'Times New Roman' not found.
findfont: Font family 'Times New Roman' not found.
findfont: Font family 'Times New Roman' not found.
findfont: Font family 'Times New Roman' not found.
findfont: Font family 'Times New Roman' not found.
findfont: Font family 'Times New Roman' not found.
findfont: Font family 'Times New Roman' not found.
findfont: Font family 'Times New Roman' not found.
findfont: Font family 'Times New Roman' not found.
findfont: Font family 'Times New Roman' not found.
findfont: Font family 'Times New Roman' not found.
findfont: Font family 'Times New Roman' not found.
findfont: Font family 'Times New Roman' not found.
findfont: Font family 'Times New Roman' not found.
findfont: Font family 'Times New Roman' not found.
findfont: Font family 'Times New Roman' not found.
findfont: Font family 'Times New Roman' not found.
findfont: Font family 'Times New Roman' not found.
findfont: Font family 'Times New Roman' not found.
findfont: Font family 'Times New Roman' not found.
findfont: Font family 'Times New Roman' not found.
findfont: Font family 'Times New Roman' not found.
findfont: Font family 'Times New Roman' not found.
findfont: Font family 'Times New Roman' not found.
findfont: Font family 'Times New Roman' not found.
findfont: Font family 'Times New Roman' not found.
findfont: Font family 'Times New Roman' not found.
findfont: Font family 'Times New Roman' not found.
findfont: Font family 'Times New Roman' not found.
findfont: Font family 'Times New Roman' not found.
findfont: Font family 'Times New Roman' not found.
findfont: Font family 'Times New Roman' not found.
findfont: Font family 'Times New Roman' not found.
findfont: Font family 'Times New Roman' not found.
findfont: Font family 'Times New Roman' not found.
findfont: Font family 'Times New Roman' not found.
findfont: Font family 'Times New Roman' not found.
findfont: Font family 'Times New Roman' not found.
findfont: Font family 'Times New Roman' not found.
findfont: Font family 'Times New Roman' not found.
findfont: Font family 'Times New Roman' not found.
findfont: Font family 'Times New Roman' not found.
findfont: Font family 'Times New Roman' not found.
findfont: Font family 'Times New Roman' not found.
findfont: Font family 'Times New Roman' not found.
findfont: Font family 'Times New Roman' not found.
findfont: Font family 'Times New Roman' not found.
findfont: Font family 'Times New Roman' not found.
findfont: Font family 'Times New Roman' not found.
findfont: Font family 'Times New Roman' not found.
findfont: Font family 'Times New Roman' not found.
findfont: Font family 'Times New Roman' not found.
findfont: Font family 'Times New Roman' not found.
findfont: Font family 'Times New Roman' not found.
findfont: Font family 'Times New Roman' not found.
findfont: Font family 'Times New Roman' not found.
findfont: Font family 'Times New Roman' not found.
findfont: Font family 'Times New Roman' not found.
findfont: Font family 'Times New Roman' not found.
findfont: Font family 'Times New Roman' not found.
findfont: Font family 'Times New Roman' not found.
findfont: Font family 'Times New Roman' not found.
findfont: Font family 'Times New Roman' not found.
findfont: Font family 'Times New Roman' not found.
findfont: Font family 'Times New Roman' not found.
findfont: Font family 'Times New Roman' not found.
findfont: Font family 'Times New Roman' not found.
findfont: Font family 'Times New Roman' not found.
findfont: Font family 'Times New Roman' not found.
findfont: Font family 'Times New Roman' not found.
findfont: Font family 'Times New Roman' not found.
findfont: Font family 'Times New Roman' not found.
findfont: Font family 'Times New Roman' not found.
findfont: Font family 'Times New Roman' not found.
findfont: Font family 'Times New Roman' not found.
findfont: Font family 'Times New Roman' not found.
findfont: Font family 'Times New Roman' not found.
findfont: Font family 'Times New Roman' not found.
findfont: Font family 'Times New Roman' not found.
findfont: Font family 'Times New Roman' not found.
findfont: Font family 'Times New Roman' not found.
findfont: Font family 'Times New Roman' not found.
findfont: Font family 'Times New Roman' not found.
findfont: Font family 'Times New Roman' not found.
findfont: Font family 'Times New Roman' not found.
findfont: Font family 'Times New Roman' not found.
findfont: Font family 'Times New Roman' not found.
findfont: Font family 'Times New Roman' not found.
findfont: Font family 'Times New Roman' not found.
findfont: Font family 'Times New Roman' not found.
findfont: Font family 'Times New Roman' not found.
findfont: Font family 'Times New Roman' not found.
findfont: Font family 'Times New Roman' not found.
findfont: Font family 'Times New Roman' not found.
findfont: Font family 'Times New Roman' not found.
findfont: Font family 'Times New Roman' not found.
findfont: Font family 'Times New Roman' not found.
findfont: Font family 'Times New Roman' not found.
findfont: Font family 'Times New Roman' not found.
findfont: Font family 'Times New Roman' not found.
findfont: Font family 'Times New Roman' not found.
findfont: Font family 'Times New Roman' not found.
findfont: Font family 'Times New Roman' not found.
findfont: Font family 'Times New Roman' not found.
findfont: Font family 'Times New Roman' not found.
findfont: Font family 'Times New Roman' not found.
findfont: Font family 'Times New Roman' not found.
findfont: Font family 'Times New Roman' not found.
findfont: Font family 'Times New Roman' not found.
findfont: Font family 'Times New Roman' not found.
findfont: Font family 'Times New Roman' not found.
findfont: Font family 'Times New Roman' not found.
findfont: Font family 'Times New Roman' not found.
findfont: Font family 'Times New Roman' not found.
findfont: Font family 'Times New Roman' not found.
findfont: Font family 'Times New Roman' not found.
findfont: Font family 'Times New Roman' not found.
findfont: Font family 'Times New Roman' not found.
findfont: Font family 'Times New Roman' not found.
findfont: Font family 'Times New Roman' not found.
findfont: Font family 'Times New Roman' not found.
findfont: Font family 'Times New Roman' not found.
findfont: Font family 'Times New Roman' not found.
findfont: Font family 'Times New Roman' not found.
findfont: Font family 'Times New Roman' not found.
findfont: Font family 'Times New Roman' not found.
findfont: Font family 'Times New Roman' not found.
findfont: Font family 'Times New Roman' not found.
findfont: Font family 'Times New Roman' not found.
findfont: Font family 'Times New Roman' not found.
findfont: Font family 'Times New Roman' not found.
findfont: Font family 'Times New Roman' not found.
findfont: Font family 'Times New Roman' not found.
findfont: Font family 'Times New Roman' not found.
findfont: Font family 'Times New Roman' not found.
findfont: Font family 'Times New Roman' not found.
findfont: Font family 'Times New Roman' not found.
findfont: Font family 'Times New Roman' not found.
findfont: Font family 'Times New Roman' not found.
findfont: Font family 'Times New Roman' not found.
findfont: Font family 'Times New Roman' not found.
findfont: Font family 'Times New Roman' not found.
findfont: Font family 'Times New Roman' not found.
findfont: Font family 'Times New Roman' not found.
findfont: Font family 'Times New Roman' not found.
findfont: Font family 'Times New Roman' not found.
findfont: Font family 'Times New Roman' not found.
findfont: Font family 'Times New Roman' not found.
findfont: Font family 'Times New Roman' not found.
findfont: Font family 'Times New Roman' not found.
findfont: Font family 'Times New Roman' not found.
findfont: Font family 'Times New Roman' not found.
findfont: Font family 'Times New Roman' not found.
findfont: Font family 'Times New Roman' not found.
findfont: Font family 'Times New Roman' not found.
findfont: Font family 'Times New Roman' not found.
findfont: Font family 'Times New Roman' not found.
findfont: Font family 'Times New Roman' not found.
findfont: Font family 'Times New Roman' not found.
findfont: Font family 'Times New Roman' not found.
findfont: Font family 'Times New Roman' not found.
findfont: Font family 'Times New Roman' not found.
findfont: Font family 'Times New Roman' not found.
findfont: Font family 'Times New Roman' not found.
findfont: Font family 'Times New Roman' not found.
findfont: Font family 'Times New Roman' not found.
findfont: Font family 'Times New Roman' not found.
findfont: Font family 'Times New Roman' not found.
findfont: Font family 'Times New Roman' not found.
findfont: Font family 'Times New Roman' not found.
findfont: Font family 'Times New Roman' not found.
findfont: Font family 'Times New Roman' not found.
findfont: Font family 'Times New Roman' not found.
findfont: Font family 'Times New Roman' not found.
findfont: Font family 'Times New Roman' not found.
findfont: Font family 'Times New Roman' not found.
findfont: Font family 'Times New Roman' not found.
findfont: Font family 'Times New Roman' not found.
findfont: Font family 'Times New Roman' not found.
findfont: Font family 'Times New Roman' not found.
findfont: Font family 'Times New Roman' not found.
findfont: Font family 'Times New Roman' not found.
findfont: Font family 'Times New Roman' not found.
findfont: Font family 'Times New Roman' not found.
findfont: Font family 'Times New Roman' not found.
findfont: Font family 'Times New Roman' not found.
findfont: Font family 'Times New Roman' not found.
findfont: Font family 'Times New Roman' not found.
findfont: Font family 'Times New Roman' not found.
findfont: Font family 'Times New Roman' not found.
findfont: Font family 'Times New Roman' not found.
findfont: Font family 'Times New Roman' not found.
findfont: Font family 'Times New Roman' not found.
findfont: Font family 'Times New Roman' not found.
findfont: Font family 'Times New Roman' not found.
findfont: Font family 'Times New Roman' not found.
findfont: Font family 'Times New Roman' not found.
findfont: Font family 'Times New Roman' not found.
findfont: Font family 'Times New Roman' not found.
findfont: Font family 'Times New Roman' not found.
findfont: Font family 'Times New Roman' not found.
findfont: Font family 'Times New Roman' not found.
findfont: Font family 'Times New Roman' not found.
findfont: Font family 'Times New Roman' not found.
findfont: Font family 'Times New Roman' not found.
findfont: Font family 'Times New Roman' not found.
findfont: Font family 'Times New Roman' not found.
findfont: Font family 'Times New Roman' not found.
findfont: Font family 'Times New Roman' not found.
findfont: Font family 'Times New Roman' not found.
findfont: Font family 'Times New Roman' not found.
findfont: Font family 'Times New Roman' not found.
findfont: Font family 'Times New Roman' not found.
findfont: Font family 'Times New Roman' not found.
findfont: Font family 'Times New Roman' not found.
findfont: Font family 'Times New Roman' not found.
findfont: Font family 'Times New Roman' not found.
findfont: Font family 'Times New Roman' not found.
findfont: Font family 'Times New Roman' not found.
findfont: Font family 'Times New Roman' not found.
findfont: Font family 'Times New Roman' not found.
findfont: Font family 'Times New Roman' not found.
findfont: Font family 'Times New Roman' not found.
findfont: Font family 'Times New Roman' not found.
findfont: Font family 'Times New Roman' not found.
findfont: Font family 'Times New Roman' not found.
findfont: Font family 'Times New Roman' not found.
findfont: Font family 'Times New Roman' not found.
findfont: Font family 'Times New Roman' not found.
findfont: Font family 'Times New Roman' not found.
findfont: Font family 'Times New Roman' not found.
findfont: Font family 'Times New Roman' not found.
findfont: Font family 'Times New Roman' not found.
findfont: Font family 'Times New Roman' not found.
findfont: Font family 'Times New Roman' not found.
findfont: Font family 'Times New Roman' not found.
findfont: Font family 'Times New Roman' not found.
findfont: Font family 'Times New Roman' not found.
findfont: Font family 'Times New Roman' not found.
findfont: Font family 'Times New Roman' not found.
findfont: Font family 'Times New Roman' not found.
findfont: Font family 'Times New Roman' not found.
findfont: Font family 'Times New Roman' not found.
findfont: Font family 'Times New Roman' not found.
findfont: Font family 'Times New Roman' not found.
findfont: Font family 'Times New Roman' not found.
findfont: Font family 'Times New Roman' not found.
findfont: Font family 'Times New Roman' not found.
findfont: Font family 'Times New Roman' not found.
findfont: Font family 'Times New Roman' not found.
findfont: Font family 'Times New Roman' not found.
findfont: Font family 'Times New Roman' not found.
findfont: Font family 'Times New Roman' not found.
findfont: Font family 'Times New Roman' not found.
findfont: Font family 'Times New Roman' not found.
findfont: Font family 'Times New Roman' not found.
findfont: Font family 'Times New Roman' not found.
findfont: Font family 'Times New Roman' not found.
findfont: Font family 'Times New Roman' not found.
findfont: Font family 'Times New Roman' not found.
findfont: Font family 'Times New Roman' not found.
findfont: Font family 'Times New Roman' not found.
findfont: Font family 'Times New Roman' not found.
findfont: Font family 'Times New Roman' not found.
findfont: Font family 'Times New Roman' not found.
findfont: Font family 'Times New Roman' not found.
findfont: Font family 'Times New Roman' not found.
findfont: Font family 'Times New Roman' not found.
findfont: Font family 'Times New Roman' not found.
findfont: Font family 'Times New Roman' not found.
findfont: Font family 'Times New Roman' not found.
findfont: Font family 'Times New Roman' not found.
findfont: Font family 'Times New Roman' not found.
findfont: Font family 'Times New Roman' not found.
findfont: Font family 'Times New Roman' not found.
findfont: Font family 'Times New Roman' not found.
findfont: Font family 'Times New Roman' not found.
findfont: Font family 'Times New Roman' not found.
findfont: Font family 'Times New Roman' not found.
findfont: Font family 'Times New Roman' not found.
findfont: Font family 'Times New Roman' not found.
findfont: Font family 'Times New Roman' not found.
findfont: Font family 'Times New Roman' not found.
findfont: Font family 'Times New Roman' not found.
findfont: Font family 'Times New Roman' not found.
findfont: Font family 'Times New Roman' not found.
findfont: Font family 'Times New Roman' not found.
findfont: Font family 'Times New Roman' not found.
findfont: Font family 'Times New Roman' not found.
findfont: Font family 'Times New Roman' not found.
findfont: Font family 'Times New Roman' not found.
findfont: Font family 'Times New Roman' not found.
findfont: Font family 'Times New Roman' not found.
findfont: Font family 'Times New Roman' not found.
findfont: Font family 'Times New Roman' not found.
findfont: Font family 'Times New Roman' not found.
findfont: Font family 'Times New Roman' not found.
findfont: Font family 'Times New Roman' not found.
findfont: Font family 'Times New Roman' not found.
findfont: Font family 'Times New Roman' not found.
findfont: Font family 'Times New Roman' not found.
findfont: Font family 'Times New Roman' not found.
findfont: Font family 'Times New Roman' not found.
findfont: Font family 'Times New Roman' not found.
findfont: Font family 'Times New Roman' not found.
findfont: Font family 'Times New Roman' not found.
findfont: Font family 'Times New Roman' not found.
findfont: Font family 'Times New Roman' not found.
findfont: Font family 'Times New Roman' not found.
findfont: Font family 'Times New Roman' not found.
findfont: Font family 'Times New Roman' not found.
findfont: Font family 'Times New Roman' not found.
findfont: Font family 'Times New Roman' not found.
findfont: Font family 'Times New Roman' not found.
findfont: Font family 'Times New Roman' not found.
findfont: Font family 'Times New Roman' not found.
findfont: Font family 'Times New Roman' not found.
findfont: Font family 'Times New Roman' not found.
findfont: Font family 'Times New Roman' not found.
findfont: Font family 'Times New Roman' not found.
findfont: Font family 'Times New Roman' not found.
findfont: Font family 'Times New Roman' not found.
findfont: Font family 'Times New Roman' not found.
findfont: Font family 'Times New Roman' not found.
findfont: Font family 'Times New Roman' not found.
findfont: Font family 'Times New Roman' not found.
findfont: Font family 'Times New Roman' not found.
findfont: Font family 'Times New Roman' not found.
findfont: Font family 'Times New Roman' not found.
findfont: Font family 'Times New Roman' not found.
findfont: Font family 'Times New Roman' not found.
findfont: Font family 'Times New Roman' not found.
findfont: Font family 'Times New Roman' not found.
findfont: Font family 'Times New Roman' not found.
findfont: Font family 'Times New Roman' not found.
findfont: Font family 'Times New Roman' not found.
findfont: Font family 'Times New Roman' not found.
findfont: Font family 'Times New Roman' not found.
findfont: Font family 'Times New Roman' not found.
findfont: Font family 'Times New Roman' not found.
findfont: Font family 'Times New Roman' not found.
findfont: Font family 'Times New Roman' not found.
findfont: Font family 'Times New Roman' not found.
findfont: Font family 'Times New Roman' not found.
findfont: Font family 'Times New Roman' not found.
findfont: Font family 'Times New Roman' not found.
findfont: Font family 'Times New Roman' not found.
findfont: Font family 'Times New Roman' not found.
findfont: Font family 'Times New Roman' not found.
findfont: Font family 'Times New Roman' not found.
findfont: Font family 'Times New Roman' not found.
findfont: Font family 'Times New Roman' not found.
findfont: Font family 'Times New Roman' not found.
findfont: Font family 'Times New Roman' not found.
findfont: Font family 'Times New Roman' not found.
findfont: Font family 'Times New Roman' not found.
findfont: Font family 'Times New Roman' not found.
findfont: Font family 'Times New Roman' not found.
findfont: Font family 'Times New Roman' not found.
findfont: Font family 'Times New Roman' not found.
findfont: Font family 'Times New Roman' not found.
findfont: Font family 'Times New Roman' not found.
findfont: Font family 'Times New Roman' not found.
findfont: Font family 'Times New Roman' not found.
findfont: Font family 'Times New Roman' not found.
findfont: Font family 'Times New Roman' not found.
findfont: Font family 'Times New Roman' not found.
findfont: Font family 'Times New Roman' not found.
findfont: Font family 'Times New Roman' not found.
findfont: Font family 'Times New Roman' not found.
findfont: Font family 'Times New Roman' not found.
findfont: Font family 'Times New Roman' not found.
findfont: Font family 'Times New Roman' not found.
findfont: Font family 'Times New Roman' not found.
findfont: Font family 'Times New Roman' not found.
findfont: Font family 'Times New Roman' not found.
findfont: Font family 'Times New Roman' not found.
findfont: Font family 'Times New Roman' not found.
findfont: Font family 'Times New Roman' not found.
findfont: Font family 'Times New Roman' not found.
findfont: Font family 'Times New Roman' not found.
findfont: Font family 'Times New Roman' not found.
findfont: Font family 'Times New Roman' not found.
findfont: Font family 'Times New Roman' not found.
findfont: Font family 'Times New Roman' not found.
findfont: Font family 'Times New Roman' not found.
findfont: Font family 'Times New Roman' not found.
findfont: Font family 'Times New Roman' not found.
findfont: Font family 'Times New Roman' not found.
findfont: Font family 'Times New Roman' not found.
findfont: Font family 'Times New Roman' not found.
findfont: Font family 'Times New Roman' not found.
findfont: Font family 'Times New Roman' not found.
findfont: Font family 'Times New Roman' not found.
findfont: Font family 'Times New Roman' not found.
findfont: Font family 'Times New Roman' not found.
findfont: Font family 'Times New Roman' not found.
findfont: Font family 'Times New Roman' not found.
findfont: Font family 'Times New Roman' not found.
findfont: Font family 'Times New Roman' not found.
findfont: Font family 'Times New Roman' not found.
findfont: Font family 'Times New Roman' not found.
findfont: Font family 'Times New Roman' not found.
findfont: Font family 'Times New Roman' not found.
findfont: Font family 'Times New Roman' not found.
findfont: Font family 'Times New Roman' not found.
findfont: Font family 'Times New Roman' not found.
findfont: Font family 'Times New Roman' not found.
findfont: Font family 'Times New Roman' not found.
findfont: Font family 'Times New Roman' not found.
findfont: Font family 'Times New Roman' not found.
findfont: Font family 'Times New Roman' not found.
findfont: Font family 'Times New Roman' not found.
findfont: Font family 'Times New Roman' not found.
findfont: Font family 'Times New Roman' not found.
findfont: Font family 'Times New Roman' not found.
findfont: Font family 'Times New Roman' not found.
findfont: Font family 'Times New Roman' not found.
findfont: Font family 'Times New Roman' not found.
findfont: Font family 'Times New Roman' not found.
findfont: Font family 'Times New Roman' not found.
findfont: Font family 'Times New Roman' not found.
findfont: Font family 'Times New Roman' not found.
findfont: Font family 'Times New Roman' not found.
findfont: Font family 'Times New Roman' not found.
findfont: Font family 'Times New Roman' not found.
findfont: Font family 'Times New Roman' not found.
findfont: Font family 'Times New Roman' not found.
findfont: Font family 'Times New Roman' not found.
findfont: Font family 'Times New Roman' not found.
findfont: Font family 'Times New Roman' not found.
findfont: Font family 'Times New Roman' not found.
findfont: Font family 'Times New Roman' not found.
findfont: Font family 'Times New Roman' not found.
findfont: Font family 'Times New Roman' not found.
findfont: Font family 'Times New Roman' not found.
findfont: Font family 'Times New Roman' not found.
findfont: Font family 'Times New Roman' not found.
findfont: Font family 'Times New Roman' not found.
findfont: Font family 'Times New Roman' not found.
findfont: Font family 'Times New Roman' not found.
findfont: Font family 'Times New Roman' not found.
findfont: Font family 'Times New Roman' not found.
findfont: Font family 'Times New Roman' not found.
findfont: Font family 'Times New Roman' not found.
findfont: Font family 'Times New Roman' not found.
findfont: Font family 'Times New Roman' not found.
findfont: Font family 'Times New Roman' not found.
findfont: Font family 'Times New Roman' not found.
findfont: Font family 'Times New Roman' not found.
findfont: Font family 'Times New Roman' not found.
findfont: Font family 'Times New Roman' not found.
findfont: Font family 'Times New Roman' not found.
findfont: Font family 'Times New Roman' not found.
findfont: Font family 'Times New Roman' not found.
findfont: Font family 'Times New Roman' not found.
findfont: Font family 'Times New Roman' not found.
findfont: Font family 'Times New Roman' not found.
findfont: Font family 'Times New Roman' not found.
findfont: Font family 'Times New Roman' not found.
findfont: Font family 'Times New Roman' not found.
findfont: Font family 'Times New Roman' not found.
findfont: Font family 'Times New Roman' not found.
findfont: Font family 'Times New Roman' not found.
findfont: Font family 'Times New Roman' not found.
findfont: Font family 'Times New Roman' not found.
findfont: Font family 'Times New Roman' not found.
findfont: Font family 'Times New Roman' not found.
findfont: Font family 'Times New Roman' not found.
findfont: Font family 'Times New Roman' not found.
findfont: Font family 'Times New Roman' not found.
findfont: Font family 'Times New Roman' not found.
findfont: Font family 'Times New Roman' not found.
findfont: Font family 'Times New Roman' not found.
findfont: Font family 'Times New Roman' not found.
findfont: Font family 'Times New Roman' not found.
findfont: Font family 'Times New Roman' not found.
findfont: Font family 'Times New Roman' not found.
findfont: Font family 'Times New Roman' not found.
findfont: Font family 'Times New Roman' not found.
findfont: Font family 'Times New Roman' not found.
findfont: Font family 'Times New Roman' not found.
findfont: Font family 'Times New Roman' not found.
findfont: Font family 'Times New Roman' not found.
findfont: Font family 'Times New Roman' not found.
findfont: Font family 'Times New Roman' not found.
findfont: Font family 'Times New Roman' not found.
findfont: Font family 'Times New Roman' not found.
findfont: Font family 'Times New Roman' not found.
findfont: Font family 'Times New Roman' not found.
findfont: Font family 'Times New Roman' not found.
findfont: Font family 'Times New Roman' not found.
findfont: Font family 'Times New Roman' not found.
findfont: Font family 'Times New Roman' not found.
findfont: Font family 'Times New Roman' not found.
findfont: Font family 'Times New Roman' not found.
findfont: Font family 'Times New Roman' not found.
findfont: Font family 'Times New Roman' not found.
findfont: Font family 'Times New Roman' not found.
findfont: Font family 'Times New Roman' not found.
findfont: Font family 'Times New Roman' not found.
findfont: Font family 'Times New Roman' not found.
findfont: Font family 'Times New Roman' not found.
findfont: Font family 'Times New Roman' not found.
findfont: Font family 'Times New Roman' not found.
findfont: Font family 'Times New Roman' not found.
findfont: Font family 'Times New Roman' not found.
findfont: Font family 'Times New Roman' not found.
findfont: Font family 'Times New Roman' not found.
findfont: Font family 'Times New Roman' not found.
findfont: Font family 'Times New Roman' not found.
findfont: Font family 'Times New Roman' not found.
findfont: Font family 'Times New Roman' not found.
findfont: Font family 'Times New Roman' not found.
findfont: Font family 'Times New Roman' not found.
findfont: Font family 'Times New Roman' not found.
findfont: Font family 'Times New Roman' not found.
findfont: Font family 'Times New Roman' not found.
findfont: Font family 'Times New Roman' not found.
findfont: Font family 'Times New Roman' not found.
findfont: Font family 'Times New Roman' not found.
findfont: Font family 'Times New Roman' not found.
findfont: Font family 'Times New Roman' not found.
findfont: Font family 'Times New Roman' not found.
findfont: Font family 'Times New Roman' not found.
findfont: Font family 'Times New Roman' not found.
findfont: Font family 'Times New Roman' not found.
findfont: Font family 'Times New Roman' not found.
findfont: Font family 'Times New Roman' not found.
findfont: Font family 'Times New Roman' not found.
findfont: Font family 'Times New Roman' not found.
findfont: Font family 'Times New Roman' not found.
findfont: Font family 'Times New Roman' not found.
findfont: Font family 'Times New Roman' not found.
findfont: Font family 'Times New Roman' not found.
findfont: Font family 'Times New Roman' not found.
findfont: Font family 'Times New Roman' not found.
findfont: Font family 'Times New Roman' not found.
findfont: Font family 'Times New Roman' not found.
findfont: Font family 'Times New Roman' not found.
findfont: Font family 'Times New Roman' not found.
findfont: Font family 'Times New Roman' not found.
findfont: Font family 'Times New Roman' not found.
findfont: Font family 'Times New Roman' not found.
findfont: Font family 'Times New Roman' not found.
findfont: Font family 'Times New Roman' not found.
findfont: Font family 'Times New Roman' not found.
findfont: Font family 'Times New Roman' not found.
findfont: Font family 'Times New Roman' not found.
findfont: Font family 'Times New Roman' not found.
findfont: Font family 'Times New Roman' not found.
findfont: Font family 'Times New Roman' not found.
findfont: Font family 'Times New Roman' not found.
findfont: Font family 'Times New Roman' not found.
findfont: Font family 'Times New Roman' not found.
findfont: Font family 'Times New Roman' not found.
findfont: Font family 'Times New Roman' not found.
findfont: Font family 'Times New Roman' not found.
findfont: Font family 'Times New Roman' not found.
findfont: Font family 'Times New Roman' not found.
findfont: Font family 'Times New Roman' not found.
findfont: Font family 'Times New Roman' not found.
findfont: Font family 'Times New Roman' not found.
findfont: Font family 'Times New Roman' not found.
findfont: Font family 'Times New Roman' not found.
findfont: Font family 'Times New Roman' not found.
findfont: Font family 'Times New Roman' not found.
findfont: Font family 'Times New Roman' not found.
findfont: Font family 'Times New Roman' not found.
findfont: Font family 'Times New Roman' not found.
findfont: Font family 'Times New Roman' not found.
findfont: Font family 'Times New Roman' not found.
findfont: Font family 'Times New Roman' not found.
findfont: Font family 'Times New Roman' not found.
findfont: Font family 'Times New Roman' not found.
findfont: Font family 'Times New Roman' not found.
findfont: Font family 'Times New Roman' not found.
findfont: Font family 'Times New Roman' not found.
findfont: Font family 'Times New Roman' not found.
findfont: Font family 'Times New Roman' not found.
findfont: Font family 'Times New Roman' not found.
findfont: Font family 'Times New Roman' not found.
findfont: Font family 'Times New Roman' not found.
findfont: Font family 'Times New Roman' not found.
findfont: Font family 'Times New Roman' not found.
findfont: Font family 'Times New Roman' not found.
findfont: Font family 'Times New Roman' not found.
findfont: Font family 'Times New Roman' not found.
findfont: Font family 'Times New Roman' not found.
findfont: Font family 'Times New Roman' not found.
findfont: Font family 'Times New Roman' not found.
findfont: Font family 'Times New Roman' not found.
findfont: Font family 'Times New Roman' not found.
findfont: Font family 'Times New Roman' not found.
findfont: Font family 'Times New Roman' not found.
findfont: Font family 'Times New Roman' not found.
findfont: Font family 'Times New Roman' not found.
findfont: Font family 'Times New Roman' not found.
findfont: Font family 'Times New Roman' not found.
findfont: Font family 'Times New Roman' not found.
findfont: Font family 'Times New Roman' not found.
findfont: Font family 'Times New Roman' not found.
findfont: Font family 'Times New Roman' not found.
findfont: Font family 'Times New Roman' not found.
findfont: Font family 'Times New Roman' not found.
findfont: Font family 'Times New Roman' not found.
findfont: Font family 'Times New Roman' not found.
findfont: Font family 'Times New Roman' not found.
findfont: Font family 'Times New Roman' not found.
findfont: Font family 'Times New Roman' not found.
findfont: Font family 'Times New Roman' not found.
findfont: Font family 'Times New Roman' not found.
findfont: Font family 'Times New Roman' not found.
findfont: Font family 'Times New Roman' not found.
findfont: Font family 'Times New Roman' not found.
findfont: Font family 'Times New Roman' not found.
findfont: Font family 'Times New Roman' not found.
findfont: Font family 'Times New Roman' not found.
findfont: Font family 'Times New Roman' not found.
findfont: Font family 'Times New Roman' not found.
findfont: Font family 'Times New Roman' not found.
findfont: Font family 'Times New Roman' not found.
findfont: Font family 'Times New Roman' not found.
findfont: Font family 'Times New Roman' not found.
findfont: Font family 'Times New Roman' not found.
findfont: Font family 'Times New Roman' not found.
findfont: Font family 'Times New Roman' not found.
findfont: Font family 'Times New Roman' not found.
findfont: Font family 'Times New Roman' not found.
findfont: Font family 'Times New Roman' not found.
findfont: Font family 'Times New Roman' not found.
findfont: Font family 'Times New Roman' not found.
findfont: Font family 'Times New Roman' not found.
findfont: Font family 'Times New Roman' not found.
findfont: Font family 'Times New Roman' not found.
findfont: Font family 'Times New Roman' not found.
findfont: Font family 'Times New Roman' not found.
findfont: Font family 'Times New Roman' not found.
findfont: Font family 'Times New Roman' not found.
findfont: Font family 'Times New Roman' not found.
findfont: Font family 'Times New Roman' not found.
findfont: Font family 'Times New Roman' not found.
findfont: Font family 'Times New Roman' not found.
findfont: Font family 'Times New Roman' not found.
findfont: Font family 'Times New Roman' not found.
findfont: Font family 'Times New Roman' not found.
findfont: Font family 'Times New Roman' not found.
findfont: Font family 'Times New Roman' not found.
findfont: Font family 'Times New Roman' not found.
findfont: Font family 'Times New Roman' not found.
findfont: Font family 'Times New Roman' not found.
findfont: Font family 'Times New Roman' not found.
findfont: Font family 'Times New Roman' not found.
findfont: Font family 'Times New Roman' not found.
findfont: Font family 'Times New Roman' not found.
findfont: Font family 'Times New Roman' not found.
findfont: Font family 'Times New Roman' not found.
findfont: Font family 'Times New Roman' not found.
findfont: Font family 'Times New Roman' not found.
findfont: Font family 'Times New Roman' not found.
findfont: Font family 'Times New Roman' not found.
findfont: Font family 'Times New Roman' not found.
findfont: Font family 'Times New Roman' not found.
findfont: Font family 'Times New Roman' not found.
findfont: Font family 'Times New Roman' not found.
findfont: Font family 'Times New Roman' not found.
findfont: Font family 'Times New Roman' not found.
findfont: Font family 'Times New Roman' not found.
findfont: Font family 'Times New Roman' not found.
findfont: Font family 'Times New Roman' not found.
findfont: Font family 'Times New Roman' not found.
findfont: Font family 'Times New Roman' not found.
findfont: Font family 'Times New Roman' not found.
findfont: Font family 'Times New Roman' not found.
findfont: Font family 'Times New Roman' not found.
findfont: Font family 'Times New Roman' not found.
findfont: Font family 'Times New Roman' not found.
findfont: Font family 'Times New Roman' not found.
findfont: Font family 'Times New Roman' not found.
findfont: Font family 'Times New Roman' not found.
findfont: Font family 'Times New Roman' not found.
findfont: Font family 'Times New Roman' not found.
findfont: Font family 'Times New Roman' not found.
findfont: Font family 'Times New Roman' not found.
findfont: Font family 'Times New Roman' not found.
findfont: Font family 'Times New Roman' not found.
findfont: Font family 'Times New Roman' not found.
findfont: Font family 'Times New Roman' not found.
findfont: Font family 'Times New Roman' not found.
findfont: Font family 'Times New Roman' not found.
findfont: Font family 'Times New Roman' not found.
findfont: Font family 'Times New Roman' not found.
findfont: Font family 'Times New Roman' not found.
findfont: Font family 'Times New Roman' not found.
findfont: Font family 'Times New Roman' not found.
findfont: Font family 'Times New Roman' not found.
findfont: Font family 'Times New Roman' not found.
findfont: Font family 'Times New Roman' not found.
findfont: Font family 'Times New Roman' not found.
findfont: Font family 'Times New Roman' not found.
findfont: Font family 'Times New Roman' not found.
findfont: Font family 'Times New Roman' not found.
findfont: Font family 'Times New Roman' not found.
findfont: Font family 'Times New Roman' not found.
findfont: Font family 'Times New Roman' not found.
findfont: Font family 'Times New Roman' not found.
findfont: Font family 'Times New Roman' not found.
findfont: Font family 'Times New Roman' not found.
findfont: Font family 'Times New Roman' not found.
findfont: Font family 'Times New Roman' not found.
findfont: Font family 'Times New Roman' not found.
findfont: Font family 'Times New Roman' not found.
findfont: Font family 'Times New Roman' not found.
findfont: Font family 'Times New Roman' not found.
findfont: Font family 'Times New Roman' not found.
findfont: Font family 'Times New Roman' not found.
findfont: Font family 'Times New Roman' not found.
findfont: Font family 'Times New Roman' not found.
findfont: Font family 'Times New Roman' not found.
findfont: Font family 'Times New Roman' not found.
findfont: Font family 'Times New Roman' not found.
findfont: Font family 'Times New Roman' not found.
findfont: Font family 'Times New Roman' not found.
findfont: Font family 'Times New Roman' not found.
findfont: Font family 'Times New Roman' not found.
findfont: Font family 'Times New Roman' not found.
findfont: Font family 'Times New Roman' not found.
findfont: Font family 'Times New Roman' not found.
findfont: Font family 'Times New Roman' not found.
findfont: Font family 'Times New Roman' not found.
findfont: Font family 'Times New Roman' not found.
findfont: Font family 'Times New Roman' not found.
findfont: Font family 'Times New Roman' not found.
findfont: Font family 'Times New Roman' not found.
findfont: Font family 'Times New Roman' not found.
findfont: Font family 'Times New Roman' not found.
findfont: Font family 'Times New Roman' not found.
findfont: Font family 'Times New Roman' not found.
findfont: Font family 'Times New Roman' not found.
findfont: Font family 'Times New Roman' not found.
findfont: Font family 'Times New Roman' not found.
findfont: Font family 'Times New Roman' not found.
findfont: Font family 'Times New Roman' not found.
findfont: Font family 'Times New Roman' not found.
findfont: Font family 'Times New Roman' not found.
findfont: Font family 'Times New Roman' not found.
findfont: Font family 'Times New Roman' not found.
findfont: Font family 'Times New Roman' not found.
findfont: Font family 'Times New Roman' not found.
findfont: Font family 'Times New Roman' not found.
findfont: Font family 'Times New Roman' not found.
findfont: Font family 'Times New Roman' not found.
findfont: Font family 'Times New Roman' not found.
findfont: Font family 'Times New Roman' not found.
findfont: Font family 'Times New Roman' not found.
findfont: Font family 'Times New Roman' not found.
findfont: Font family 'Times New Roman' not found.
findfont: Font family 'Times New Roman' not found.
findfont: Font family 'Times New Roman' not found.
findfont: Font family 'Times New Roman' not found.
findfont: Font family 'Times New Roman' not found.
findfont: Font family 'Times New Roman' not found.
findfont: Font family 'Times New Roman' not found.
findfont: Font family 'Times New Roman' not found.
findfont: Font family 'Times New Roman' not found.
findfont: Font family 'Times New Roman' not found.
findfont: Font family 'Times New Roman' not found.
findfont: Font family 'Times New Roman' not found.
findfont: Font family 'Times New Roman' not found.
findfont: Font family 'Times New Roman' not found.
findfont: Font family 'Times New Roman' not found.
findfont: Font family 'Times New Roman' not found.
findfont: Font family 'Times New Roman' not found.
findfont: Font family 'Times New Roman' not found.
findfont: Font family 'Times New Roman' not found.
findfont: Font family 'Times New Roman' not found.
findfont: Font family 'Times New Roman' not found.
findfont: Font family 'Times New Roman' not found.
findfont: Font family 'Times New Roman' not found.
findfont: Font family 'Times New Roman' not found.
findfont: Font family 'Times New Roman' not found.
findfont: Font family 'Times New Roman' not found.
findfont: Font family 'Times New Roman' not found.
findfont: Font family 'Times New Roman' not found.
findfont: Font family 'Times New Roman' not found.
findfont: Font family 'Times New Roman' not found.
findfont: Font family 'Times New Roman' not found.
findfont: Font family 'Times New Roman' not found.
findfont: Font family 'Times New Roman' not found.
findfont: Font family 'Times New Roman' not found.
findfont: Font family 'Times New Roman' not found.
findfont: Font family 'Times New Roman' not found.
findfont: Font family 'Times New Roman' not found.
findfont: Font family 'Times New Roman' not found.
findfont: Font family 'Times New Roman' not found.
findfont: Font family 'Times New Roman' not found.
findfont: Font family 'Times New Roman' not found.
findfont: Font family 'Times New Roman' not found.
findfont: Font family 'Times New Roman' not found.
findfont: Font family 'Times New Roman' not found.
findfont: Font family 'Times New Roman' not found.
findfont: Font family 'Times New Roman' not found.
findfont: Font family 'Times New Roman' not found.
findfont: Font family 'Times New Roman' not found.
findfont: Font family 'Times New Roman' not found.
findfont: Font family 'Times New Roman' not found.
findfont: Font family 'Times New Roman' not found.
findfont: Font family 'Times New Roman' not found.
findfont: Font family 'Times New Roman' not found.
findfont: Font family 'Times New Roman' not found.
findfont: Font family 'Times New Roman' not found.
findfont: Font family 'Times New Roman' not found.
findfont: Font family 'Times New Roman' not found.
findfont: Font family 'Times New Roman' not found.
findfont: Font family 'Times New Roman' not found.
findfont: Font family 'Times New Roman' not found.
findfont: Font family 'Times New Roman' not found.
findfont: Font family 'Times New Roman' not found.
findfont: Font family 'Times New Roman' not found.
findfont: Font family 'Times New Roman' not found.
findfont: Font family 'Times New Roman' not found.
findfont: Font family 'Times New Roman' not found.
findfont: Font family 'Times New Roman' not found.
findfont: Font family 'Times New Roman' not found.
findfont: Font family 'Times New Roman' not found.
findfont: Font family 'Times New Roman' not found.
findfont: Font family 'Times New Roman' not found.
findfont: Font family 'Times New Roman' not found.
findfont: Font family 'Times New Roman' not found.
findfont: Font family 'Times New Roman' not found.
findfont: Font family 'Times New Roman' not found.
findfont: Font family 'Times New Roman' not found.
findfont: Font family 'Times New Roman' not found.
findfont: Font family 'Times New Roman' not found.
findfont: Font family 'Times New Roman' not found.
findfont: Font family 'Times New Roman' not found.
findfont: Font family 'Times New Roman' not found.
findfont: Font family 'Times New Roman' not found.
findfont: Font family 'Times New Roman' not found.
findfont: Font family 'Times New Roman' not found.
findfont: Font family 'Times New Roman' not found.
findfont: Font family 'Times New Roman' not found.
findfont: Font family 'Times New Roman' not found.
findfont: Font family 'Times New Roman' not found.
findfont: Font family 'Times New Roman' not found.
findfont: Font family 'Times New Roman' not found.
findfont: Font family 'Times New Roman' not found.
findfont: Font family 'Times New Roman' not found.
findfont: Font family 'Times New Roman' not found.
findfont: Font family 'Times New Roman' not found.
findfont: Font family 'Times New Roman' not found.
findfont: Font family 'Times New Roman' not found.
findfont: Font family 'Times New Roman' not found.
findfont: Font family 'Times New Roman' not found.
findfont: Font family 'Times New Roman' not found.
findfont: Font family 'Times New Roman' not found.
findfont: Font family 'Times New Roman' not found.
findfont: Font family 'Times New Roman' not found.
findfont: Font family 'Times New Roman' not found.
findfont: Font family 'Times New Roman' not found.
findfont: Font family 'Times New Roman' not found.
findfont: Font family 'Times New Roman' not found.
findfont: Font family 'Times New Roman' not found.
findfont: Font family 'Times New Roman' not found.
findfont: Font family 'Times New Roman' not found.
findfont: Font family 'Times New Roman' not found.
findfont: Font family 'Times New Roman' not found.
findfont: Font family 'Times New Roman' not found.
findfont: Font family 'Times New Roman' not found.
findfont: Font family 'Times New Roman' not found.
findfont: Font family 'Times New Roman' not found.
findfont: Font family 'Times New Roman' not found.
findfont: Font family 'Times New Roman' not found.
findfont: Font family 'Times New Roman' not found.
findfont: Font family 'Times New Roman' not found.
findfont: Font family 'Times New Roman' not found.
findfont: Font family 'Times New Roman' not found.
findfont: Font family 'Times New Roman' not found.
findfont: Font family 'Times New Roman' not found.
findfont: Font family 'Times New Roman' not found.
findfont: Font family 'Times New Roman' not found.
findfont: Font family 'Times New Roman' not found.
findfont: Font family 'Times New Roman' not found.
findfont: Font family 'Times New Roman' not found.
findfont: Font family 'Times New Roman' not found.
findfont: Font family 'Times New Roman' not found.
findfont: Font family 'Times New Roman' not found.
findfont: Font family 'Times New Roman' not found.
findfont: Font family 'Times New Roman' not found.
findfont: Font family 'Times New Roman' not found.
findfont: Font family 'Times New Roman' not found.
findfont: Font family 'Times New Roman' not found.
findfont: Font family 'Times New Roman' not found.
findfont: Font family 'Times New Roman' not found.
findfont: Font family 'Times New Roman' not found.
findfont: Font family 'Times New Roman' not found.
findfont: Font family 'Times New Roman' not found.
findfont: Font family 'Times New Roman' not found.
findfont: Font family 'Times New Roman' not found.
findfont: Font family 'Times New Roman' not found.
findfont: Font family 'Times New Roman' not found.
findfont: Font family 'Times New Roman' not found.
findfont: Font family 'Times New Roman' not found.
findfont: Font family 'Times New Roman' not found.
findfont: Font family 'Times New Roman' not found.
findfont: Font family 'Times New Roman' not found.
findfont: Font family 'Times New Roman' not found.
findfont: Font family 'Times New Roman' not found.
findfont: Font family 'Times New Roman' not found.
findfont: Font family 'Times New Roman' not found.
findfont: Font family 'Times New Roman' not found.
findfont: Font family 'Times New Roman' not found.
findfont: Font family 'Times New Roman' not found.
findfont: Font family 'Times New Roman' not found.
findfont: Font family 'Times New Roman' not found.
findfont: Font family 'Times New Roman' not found.
findfont: Font family 'Times New Roman' not found.
findfont: Font family 'Times New Roman' not found.
findfont: Font family 'Times New Roman' not found.
findfont: Font family 'Times New Roman' not found.
findfont: Font family 'Times New Roman' not found.
findfont: Font family 'Times New Roman' not found.
findfont: Font family 'Times New Roman' not found.
findfont: Font family 'Times New Roman' not found.
findfont: Font family 'Times New Roman' not found.
findfont: Font family 'Times New Roman' not found.
findfont: Font family 'Times New Roman' not found.
findfont: Font family 'Times New Roman' not found.
findfont: Font family 'Times New Roman' not found.
findfont: Font family 'Times New Roman' not found.
findfont: Font family 'Times New Roman' not found.
findfont: Font family 'Times New Roman' not found.
findfont: Font family 'Times New Roman' not found.
findfont: Font family 'Times New Roman' not found.
findfont: Font family 'Times New Roman' not found.
findfont: Font family 'Times New Roman' not found.
findfont: Font family 'Times New Roman' not found.
findfont: Font family 'Times New Roman' not found.
findfont: Font family 'Times New Roman' not found.
findfont: Font family 'Times New Roman' not found.
findfont: Font family 'Times New Roman' not found.
findfont: Font family 'Times New Roman' not found.
findfont: Font family 'Times New Roman' not found.
findfont: Font family 'Times New Roman' not found.
findfont: Font family 'Times New Roman' not found.
findfont: Font family 'Times New Roman' not found.
findfont: Font family 'Times New Roman' not found.
findfont: Font family 'Times New Roman' not found.
findfont: Font family 'Times New Roman' not found.
findfont: Font family 'Times New Roman' not found.
findfont: Font family 'Times New Roman' not found.
findfont: Font family 'Times New Roman' not found.
findfont: Font family 'Times New Roman' not found.
findfont: Font family 'Times New Roman' not found.
findfont: Font family 'Times New Roman' not found.
findfont: Font family 'Times New Roman' not found.
findfont: Font family 'Times New Roman' not found.
findfont: Font family 'Times New Roman' not found.
findfont: Font family 'Times New Roman' not found.
findfont: Font family 'Times New Roman' not found.
findfont: Font family 'Times New Roman' not found.
findfont: Font family 'Times New Roman' not found.
findfont: Font family 'Times New Roman' not found.
findfont: Font family 'Times New Roman' not found.
findfont: Font family 'Times New Roman' not found.
findfont: Font family 'Times New Roman' not found.
findfont: Font family 'Times New Roman' not found.
findfont: Font family 'Times New Roman' not found.
findfont: Font family 'Times New Roman' not found.
findfont: Font family 'Times New Roman' not found.
findfont: Font family 'Times New Roman' not found.
findfont: Font family 'Times New Roman' not found.
findfont: Font family 'Times New Roman' not found.
findfont: Font family 'Times New Roman' not found.
findfont: Font family 'Times New Roman' not found.
findfont: Font family 'Times New Roman' not found.
findfont: Font family 'Times New Roman' not found.
findfont: Font family 'Times New Roman' not found.
findfont: Font family 'Times New Roman' not found.
findfont: Font family 'Times New Roman' not found.
findfont: Font family 'Times New Roman' not found.
findfont: Font family 'Times New Roman' not found.
findfont: Font family 'Times New Roman' not found.
findfont: Font family 'Times New Roman' not found.
findfont: Font family 'Times New Roman' not found.
findfont: Font family 'Times New Roman' not found.
findfont: Font family 'Times New Roman' not found.
findfont: Font family 'Times New Roman' not found.
findfont: Font family 'Times New Roman' not found.
findfont: Font family 'Times New Roman' not found.
findfont: Font family 'Times New Roman' not found.
findfont: Font family 'Times New Roman' not found.
findfont: Font family 'Times New Roman' not found.
findfont: Font family 'Times New Roman' not found.
findfont: Font family 'Times New Roman' not found.
findfont: Font family 'Times New Roman' not found.
findfont: Font family 'Times New Roman' not found.
findfont: Font family 'Times New Roman' not found.
findfont: Font family 'Times New Roman' not found.
findfont: Font family 'Times New Roman' not found.
findfont: Font family 'Times New Roman' not found.
findfont: Font family 'Times New Roman' not found.
findfont: Font family 'Times New Roman' not found.
findfont: Font family 'Times New Roman' not found.
findfont: Font family 'Times New Roman' not found.
findfont: Font family 'Times New Roman' not found.
findfont: Font family 'Times New Roman' not found.
findfont: Font family 'Times New Roman' not found.
findfont: Font family 'Times New Roman' not found.
findfont: Font family 'Times New Roman' not found.
findfont: Font family 'Times New Roman' not found.
findfont: Font family 'Times New Roman' not found.
findfont: Font family 'Times New Roman' not found.
findfont: Font family 'Times New Roman' not found.
findfont: Font family 'Times New Roman' not found.
findfont: Font family 'Times New Roman' not found.
findfont: Font family 'Times New Roman' not found.
findfont: Font family 'Times New Roman' not found.
findfont: Font family 'Times New Roman' not found.
findfont: Font family 'Times New Roman' not found.
findfont: Font family 'Times New Roman' not found.
findfont: Font family 'Times New Roman' not found.
findfont: Font family 'Times New Roman' not found.
findfont: Font family 'Times New Roman' not found.
findfont: Font family 'Times New Roman' not found.
findfont: Font family 'Times New Roman' not found.
test shape: (13601, 336, 7) (13601, 336, 7)
test shape: (13601, 336, 7) (13601, 336, 7)
calculating dtw iter: 0
calculating dtw iter: 100
calculating dtw iter: 200
calculating dtw iter: 300
calculating dtw iter: 400
calculating dtw iter: 500
calculating dtw iter: 600
calculating dtw iter: 700
calculating dtw iter: 800
calculating dtw iter: 900
calculating dtw iter: 1000
calculating dtw iter: 1100
calculating dtw iter: 1200
calculating dtw iter: 1300
calculating dtw iter: 1400
calculating dtw iter: 1500
calculating dtw iter: 1600
calculating dtw iter: 1700
calculating dtw iter: 1800
calculating dtw iter: 1900
calculating dtw iter: 2000
calculating dtw iter: 2100
calculating dtw iter: 2200
calculating dtw iter: 2300
calculating dtw iter: 2400
calculating dtw iter: 2500
calculating dtw iter: 2600
calculating dtw iter: 2700
calculating dtw iter: 2800
calculating dtw iter: 2900
calculating dtw iter: 3000
calculating dtw iter: 3100
calculating dtw iter: 3200
calculating dtw iter: 3300
calculating dtw iter: 3400
calculating dtw iter: 3500
calculating dtw iter: 3600
calculating dtw iter: 3700
calculating dtw iter: 3800
calculating dtw iter: 3900
calculating dtw iter: 4000
calculating dtw iter: 4100
calculating dtw iter: 4200
